-- phpMyAdmin SQL Dump
-- version 5.2.0
-- https://www.phpmyadmin.net/
--
-- Хост: 127.0.0.1:3306
-- Время создания: Янв 29 2023 г., 23:28
-- Версия сервера: 8.0.30
-- Версия PHP: 8.1.9

SET SQL_MODE = "NO_AUTO_VALUE_ON_ZERO";
START TRANSACTION;
SET time_zone = "+00:00";


/*!40101 SET @OLD_CHARACTER_SET_CLIENT=@@CHARACTER_SET_CLIENT */;
/*!40101 SET @OLD_CHARACTER_SET_RESULTS=@@CHARACTER_SET_RESULTS */;
/*!40101 SET @OLD_COLLATION_CONNECTION=@@COLLATION_CONNECTION */;
/*!40101 SET NAMES utf8mb4 */;

--
-- База данных: `cq28624_ensa`
--

-- --------------------------------------------------------

--
-- Структура таблицы `cards`
--

CREATE TABLE `cards` (
  `id` int NOT NULL,
  `doc_type` text CHARACTER SET utf8mb4 COLLATE utf8mb4_unicode_ci,
  `event_date` text CHARACTER SET utf8mb4 COLLATE utf8mb4_unicode_ci,
  `card_date` text CHARACTER SET utf8mb4 COLLATE utf8mb4_unicode_ci NOT NULL,
  `event_place` text CHARACTER SET utf8mb4 COLLATE utf8mb4_unicode_ci NOT NULL,
  `card_place` text CHARACTER SET utf8mb4 COLLATE utf8mb4_unicode_ci NOT NULL,
  `doc_header` text CHARACTER SET utf8mb4 COLLATE utf8mb4_unicode_ci NOT NULL,
  `shifr_id` int NOT NULL,
  `original` text CHARACTER SET utf8mb4 COLLATE utf8mb4_unicode_ci NOT NULL,
  `langs` text CHARACTER SET utf8mb4 COLLATE utf8mb4_unicode_ci NOT NULL,
  `playback` text CHARACTER SET utf8mb4 COLLATE utf8mb4_unicode_ci NOT NULL,
  `state` tinyint DEFAULT '0',
  `compiler` text CHARACTER SET utf8mb4 COLLATE utf8mb4_unicode_ci NOT NULL,
  `compilation_date` datetime NOT NULL DEFAULT CURRENT_TIMESTAMP,
  `summary` text CHARACTER SET utf8mb4 COLLATE utf8mb4_unicode_ci,
  `persons` text CHARACTER SET utf8mb4 COLLATE utf8mb4_unicode_ci,
  `deleted` tinyint DEFAULT NULL,
  `deleted_by` int DEFAULT NULL,
  `deleted_at` datetime DEFAULT NULL
) ENGINE=InnoDB DEFAULT CHARSET=utf8mb4 COLLATE=utf8mb4_unicode_ci;

--
-- Дамп данных таблицы `cards`
--

INSERT INTO `cards` (`id`, `doc_type`, `event_date`, `card_date`, `event_place`, `card_place`, `doc_header`, `shifr_id`, `original`, `langs`, `playback`, `state`, `compiler`, `compilation_date`, `summary`, `persons`, `deleted`, `deleted_by`, `deleted_at`) VALUES
(28, 'Постановление', '5 марта 1963 г.', '5 марта 1963 г.', 'Петрозаводск', 'Петрозаводск', 'Постановление президиума Верховного Совета Карельской АССР о награждении литературного консультанта Союза советских писателей Карельской АССР Алексея Ивановича Титова почетной грамотой Президиума Верховного Совета КАССР', 18, 'Подлинник', 'Русский', 'Машинопись', 1, 'Соколов Александр Сергеевич', '2022-03-25 13:31:01', 'О награждении А. И. Титова', 'Титов Алексей Иванович', NULL, NULL, NULL),
(29, 'Листок по учету кадров', '1925-1968 гг.', '10 апреля 1968 г.', 'Карельская АССР, СССР', 'Петрозаводск', 'Личный листок по учету кадров заслуженного учителя Карельской АССР Григория Яковлевича Танасейчука', 19, 'Копия', 'Русский', 'Рукопись', 1, 'Соколов Александр Сергеевич', '2022-03-25 14:04:21', 'нет', 'Танасейчук Г. Я.', NULL, NULL, NULL),
(30, 'Опись', '17 февраля 1875 г.', '17 февраля 1875 г.', 'Петрозаводский уезд', 'с. Соломенное, Петрозаводский уезд', 'Опись и оценка зданий и оборудования лесопильного завода И. Ф. Громова в с. Соломенном', 21, 'Копия', 'Русский', 'Рукопись', 1, 'Соколов Александр Сергеевич', '2022-03-25 14:29:53', 'нет', 'Громов И. Ф.', NULL, NULL, NULL),
(31, 'Объявление', '1951 г.', '1951 г.', 'Петрозаводск', 'Петрозаводск', 'Объявление Дома народного творчества Карелии о конкурсе на лучшую частушку', 22, 'Типографский экземпляр', 'Русский', 'Типографский экземпляр', 1, 'Соколов Александр Сергеевич', '2022-03-25 14:31:15', 'Приводятся примеры частушек.', 'нет', NULL, NULL, NULL),
(32, 'Представление', '21 января 1966 г.', '21 января 1966 г.', 'Петрозаводск', 'Петрозаводск', 'Представление начальника Петрозаводского отделения Октябрьской ж. д. Г. Воробейчика председателю Президиума Верховного Совета Карельской АССР о награждении начальника отдела рабочего снабжения Виталия Васильевича Сидоренко почетной грамотой', 23, 'Подлинник', 'Русский', 'машинопись', 1, 'Соколов Александр Сергеевич', '2022-03-25 14:34:43', 'Родился в 1922 г.', 'Сидоренко В. В.', NULL, NULL, NULL),
(33, 'Акт', '1922 г.', '21 ноября 1922 г.', 'Олонецкая губерния', 'Петрозаводск', 'Акт особой комиссии при олонецком уездном финансовом отделе о сожжении обменяных и ветхих денежных расчетных знаков и обязательств РСФСР', 25, 'Подлинник', 'Русский', 'Машинопись', 1, 'Соколов Александр Сергеевич', '2022-03-25 14:57:35', 'Сжигались думские знаки, расчетные знаки 1919-18921 гг., керенки, обязательства 1921-1922 гг.', 'нет', NULL, NULL, NULL),
(34, 'Наставление', '1787 г.', '1787 г.', 'Олонецкое наместничество', 'Неизвестно', 'Наставление графа А. Ф. Гарша партиям по изысканию жил и приисков в Олонецком наместничестве', 26, 'Подлинник', 'Немецкий', 'Рукопись', 1, 'Соколов Александр Сергеевич', '2022-03-25 15:01:05', 'нет', 'Гарш А. Ф.', NULL, NULL, NULL),
(35, 'Список', '1 января 1903 г.', '1903 г.', 'с. Вознесенье', 'с. Вознесенье', 'Список членов Вознесенского вольного пожарного общества на 1 января 1903 г.', 27, 'Подлинник', 'Русский', 'Рукопись', 1, 'Соколов Александр Сергеевич', '2022-03-25 15:18:34', 'Среди почетных членов - протоиерей И. И. Сергеев (Иоанн Кронштадтский)', 'Сергеев И.И. (Иоанн Кроштадтский)', NULL, NULL, NULL),
(36, 'Рапорт', '1 апреля 1803 г.', '1 апреля 1803 г.', 'с. Уницы', 'Повенец', 'Рапорт Повенецкой городовой ратуши в Олонецкую палату гражданского суда о наложении запрещения на лесопильный завод и железную фабрику Прокопия Титова и именитого гражданина Корнилы Мижуева в с. Уницы', 29, 'Подлинник', 'Русский', 'Рукопись', 1, 'Соколов Александр Сергеевич', '2022-03-25 15:23:23', 'нет', 'Титов П.     , Мижуев К.      ', NULL, NULL, NULL),
(37, 'Договор', '15 апреля 1994 г.', '15 апреля 1994 г.', 'Республика Карелия, Республика Крым, Россия', 'Симферополь', 'Договор о сотрудничестве в области образования между Республикой Карелия и Республикой Крым', 30, 'Копия', 'Русский', 'Машинопись', 1, 'Соколов Александр Сергеевич', '2022-03-25 15:30:31', 'нет', 'нет ', NULL, NULL, NULL),
(38, 'Записка', '1962 г.', '3 сентября 1962 г.', 'Мунозеро', 'Петрозаводск', 'Записка председателя президиума Верховного Совета Карельской АССР П. С. Прокконена в Президиум Верховного Совета РСФСР о переименовании Мунозерского сельсовета в Петровский в связи с тем, что на карельском языке это название имеет непристойный смысл', 66, 'Отпуск', 'Русский', 'Машинопись', 1, 'Соколов Александр Сергеевич', '2022-03-25 15:34:25', 'нет', 'Прокконен П. С.', NULL, NULL, NULL),
(39, 'Купон', '1965 г.', '1965 г.', 'Земля', 'Неизвестно', 'Купон для обмена на почтовую марку, утвержденный Всемирным почтовым союзом', 32, 'Типографский экземпляр', 'Финский, Русский, Французский, Немецкий, Китайский, Японский, Испанский', 'Типографский экземпляр', 1, 'Соколов Александр Сергеевич', '2022-03-25 15:46:26', 'нет', 'нет', NULL, NULL, NULL),
(40, 'Приказ', '1985 г.', '19 ноября 1985 г.', 'Карельская АССР', 'Петрозаводск', 'Приказы комитета по делам физкультуры и спорта Карельской АССР об итогах проведения чемпионата и кубка КАССР по футболу', 33, 'Подлинник', 'Русский', 'Машинопись', 1, 'Соколов Александр Сергеевич', '2022-03-25 15:49:25', 'По итогам соревнований среди взрослых команд первое место у ПО \"Петрозаводскмаш\", второе у ФК \"Строитель\" (Олонец), третье у \"Горняка\" (Костомукша), кубоу у ПО \"Петрозаводсмаш\"Ю, финалист кубка - \"Авангард\" (Петрозаводск).', 'нет', NULL, NULL, NULL),
(41, 'Этикетка', '1915 г.', '1915 г.', 'Выборг', 'Выборг', 'Спичечная этикетка спичек завода в г. Выборге', 34, 'Типографский экземпляр', 'Шведский, Финский', 'Типографский экземпляр', 1, 'Соколов Александр Сергеевич', '2022-03-25 15:53:32', 'нет', 'нет', NULL, NULL, NULL),
(42, 'Анкета', '1924 г.', '21 октября 1924 г.', 'Петрозаводск', 'Петрозаводск', 'Анкета члена клуба Карельского отдела Союза \"Медсантруд\" Михаила Николаевича Заводовского', 35, 'Подлинник', 'Русский', 'Рукопись', 1, 'Соколов Александр Сергеевич', '2022-03-25 15:55:35', 'нет', 'Заводовский М. Н.', NULL, NULL, NULL),
(43, 'Протокол', '1928 г.', '13 сентября 1928 г.', 'Петрозаводск', 'Петрозаводск', 'Протокол общего родительского собрания русско-финского детсада о воспитательном процессе в детсаде', 38, 'Подлинник', 'Русский', 'Машинопись', 1, 'Соколов Александр Сергеевич', '2022-03-29 09:45:30', 'нет', 'нет', NULL, NULL, NULL),
(44, 'Распоряжение', '15 мая 1917 г.', '25 мая 1917 г.', 'Петрозаводск, Кемь', 'Петрозаводск', 'Распоряжение начальника Управления работ по постройке Петрозаводск - Мурманской железной дороги о формировании управления достройки линии Петрозаводск-Кемь при управлении', 39, 'Копия', 'Русский', 'Машинопись', 1, 'Соколов Александр Сергеевич', '2022-03-29 09:48:37', 'Транспорт', 'нет', NULL, NULL, NULL),
(45, 'Запись речи', '1919 г.', '1919 г.', 'Округ Колумбия', 'Неизвестно', 'Речь президента США В. Вильсона, произнесенная 4 июля 1919 г. на могиле Георга Вашингтона на горе Вернон', 40, 'Типографский экземпляр', 'Русский', 'Типографский экземпляр', 1, 'Соколов Александр Сергеевич', '2022-03-29 12:46:03', 'Перевод речи.', 'Вашингтон Д.', NULL, NULL, NULL),
(46, 'Записная книжка', 'Без даты', 'Без даты', 'Российская империя', 'Неизвестно', 'Записная книжка санитара Российского общества Красного Креста', 41, 'Типографский экземпляр', 'Русский', 'Типографский экземпляр', 1, 'Соколов Александр Сергеевич', '2022-03-29 16:18:56', 'нет', 'нет', NULL, NULL, NULL),
(47, 'Положение', '[1930 г.]', '[1930 г.]', 'Автономная Карельская ССР', 'Петрозаводск', 'Положение о Карельском управлении по делам литературы и издательств \"Карлит\"', 42, 'Копия', 'Русский', 'Машинопись', 1, 'Соколов Александр Сергеевич', '2022-03-29 16:21:24', 'нет', 'нет', NULL, NULL, NULL),
(48, 'Постановление', '3 апреля 1936 г.', '14 июля 1936 г.', 'Баренцово море', 'Петрозаводск', 'Постановление Совета Народных Комиссаров Автономной Карельской ССР об оказании помощи рыбацким колхозам Сорокского района и семьям рыбаков, погибших в Баренцевом море', 43, 'Подлинник', 'Русский', 'Машинопись', 1, 'Соколов Александр Сергеевич', '2022-03-30 10:37:26', 'Имеется список рыбаков колхозов \"Беломор\" (Нюхча), \"Заря Севера\" (Колежма), имени Нуортева (Сорока).', 'нет', NULL, NULL, NULL),
(49, 'Отношение', '1884 г.', '10 декабря 1884 г.', 'Петрозаводский уезд', 'Петрозаводск', 'Отношение Петрозаводского уездного по крестьянским делам присутствия Шуйскому волостному правлению о переходе крестьян Виданского и Ялгубского обельных обществ из ведения полиции в ведение крестьянских учреждений', 44, 'Подлинник', 'Русский', 'Рукопись', 1, 'Соколов Александр Сергеевич', '2022-03-30 14:14:06', 'Крестьяне были причислены к числу государственных крестьян и обложены местным сбором на содержание волостных управлений с сохранением за ними всех других льгот.\r\nКрестьяне Рябоевы, проживавшие в Виданском обществе, были причислены к государственным крестьянам на общем основании.\r\nНаравне с государственными крестьянами, обельные стали получать паспорта у местного старосты и обращаться с жалобами в волостной суд.', 'Рябоевы', NULL, NULL, NULL),
(50, 'Карточка', '21 января 1966 г.', '8 января 1966 г.', 'Швеция', 'Швеция', 'QSL-карточка (карта учета приема) радиоприемника Шведского DX-клуба DX-riksclub', 68, 'Подлинник', 'Английский', 'Типографский экземпляр, рукопись', 1, 'Соколов Александр Сергеевич', '2022-03-30 14:26:19', 'нет', 'нет', NULL, NULL, NULL),
(51, 'Прошение', '1904-1906 гг.', '27 мая 1906 г.', 'Сахалин, Олонецкая губерния, Петрозаводск', 'Корсаковский пост, Сахалин', 'Прошение крестьянина Корсаковского поста на о. Сахалине Семена Прокопьевича Пантелеева в Главное тюремное управление о возвращении на родину в Олонецкую губернию в связи с захватом поста японскими войсками и восстановлении его в правах', 46, 'Подлинник', 'Русский', 'Рукопись', 1, 'Соколов Александр Сергеевич', '2022-03-30 14:30:52', '27 февраля 1904 г. он поступил в Третью дружину Корсаковского батальона и прослужил в ней 9 месяцев, за что получил право на свободное избрание места жительства. В 1884 г. во время нахождения на военной службе он оскорбил действием офицера, за что и был выслан на 3 года на о. Сахалин - л.3.', 'Пантелеев С. П.', NULL, NULL, NULL),
(52, 'Приказ', '1970 г.', '25 августа 1970 г.', 'Петрозаводск', 'Петрозаводск', 'Приказ директора завода \"Тяжбуммаш\" имени В. И. Ленина о выплате гонорара за разработку медальонов к сувенирному ключу \"Петрозаводскмаш\", \"Кивач\", \"Кижи\", \"Петрозаводск\", \"50 лет Советской Карелии\" и паспорт на произведение декоративно-прикладного искусства', 47, 'Подлинник', 'Русский', 'Машинопись, фотография', 1, 'Соколов Александр Сергеевич', '2022-03-30 14:37:36', 'Разработаны самодеятельным художником инженер-конструктором ОГК Валерием Петровичем Чеботаревым. С мая 1970 г. ключи выпускались заводом и реализовывались через магазины \"Росгалантереи\". Художнику было выплачено 100 руб. имеются изображения ключей.', 'Чеботарев В. П.', NULL, NULL, NULL),
(53, 'Договор', '9 апреля 1845 г.', '9 апреля 1845 г.', 'Петрозаводск', 'Петрозаводск', 'Договор мещанина г. Петрозаводска Григория Васильевича Таратайкина с Олонецким горным правлением о поставке камня с каменноборских ломок', 48, 'Подлинник', 'Русский', 'Рукопись', 1, 'Соколов Александр Сергеевич', '2022-03-30 15:03:04', 'нет', 'Таратайкин Г. В.', NULL, NULL, NULL),
(54, 'Приказ', '1949 г.', '29 марта 1949 г.', 'Карело-Финская ССР', 'Петрозаводск', 'Приказ Комитета по делам физкультуры и спорта при Совете Министров Карело-Финской ССР об итогах розыгрыша кубка КФССР по русскому хоккею', 49, 'Подлинник', 'Русский', 'Машинопись', 1, 'Соколов Александр Сергеевич', '2022-03-30 15:50:58', 'Участвовали сборные Олонецкого, Беломорского районов, г. Сортавалы, \"Динамо\", \"Локомотив\", \"Спартак\", ОДО. Сборная Кемского района дисквалифицирована, снялась. Кубок выиграла СО \"Спартак\", финалистом была СО \"Динамо\".', 'нет', NULL, NULL, NULL),
(55, 'Формулярный список', '1841-1856 гг.', '[1856 г.]', 'Российская империя', 'Петрозаводск', 'Формулярный список о службе сверштатного чиновника при канцелярии олонецкого губернатора Егора Егоровича Граммати', 50, 'Подлинник', 'Русский', 'Рукопись', 1, 'Соколов Александр Сергеевич', '2022-03-30 16:04:45', 'Был в походе против неприятеля - 1 июля 1955 г. из Петрозаводска в окрестности Санкт-Петербурга, 11 июля к Бронной Горе, где находился при сооружении батарей и состоял в передовой линии ввиду неприятельского англо-французского флота, а 1 мая 1856 г. - вернулся в г. Петрозаводск. Имеет крест ополчения (по постанолвлению олонецкого губернского комитета ополчения был назначен в Олонецкую строевую № 1 дружину).', 'Граммати Е. Е.', NULL, NULL, NULL),
(56, 'Автобиография', '1930-1933 гг.', '29 июня 1933 г.', 'Автономная Карельская ССР', 'Петрозаводск', 'Автобиография инструктора по скайтингу Осоавиахима АКССР Ивана Семеновича Нярвяйнена', 51, 'Подлинник', 'Русский', 'Рукопись', 1, 'Соколов Александр Сергеевич', '2022-03-30 16:10:39', 'Родился в д. Поги Тосненского района Ленинградской области. Участник Первой Мировой войны, Гражданской войны. Окончил Интернациональную военную школу. Член Егерской Карельской бригады до 1930 г. О смерти 6 февраля 1934 г. - см. Красная Карелия. 1934. 8 февраля.', 'Нярвяйнен И. С.', NULL, NULL, NULL),
(57, 'Письмо', '1850-1853 гг.', '1850-1853 гг.', 'Кронштадт, Ельведер, Рига', 'Кронштадт, Ельведер, Рига', 'Письма сумского мещанина Ивана Падорина, находившегося за границей 12 лет в качестве матроса иностранных судов, своим родственникам', 52, 'Подлинник', 'Русский', 'Рукопись', 1, 'Соколов Александр Сергеевич', '2022-03-30 16:21:21', 'Иван Падорин прибыл в г. Архангельск на ганноверском судне \"Анна\" под именем Бертуса Крузе.', 'Падорин А. (Крузе Б.)', NULL, NULL, NULL),
(58, 'Личное дело', '1958 г.', '12 августа 1958 г.', 'Карельская АССР', 'Карельская АССР', 'Личное дело моряка заграничного плавания Беломорской базы гослова рыбы Михаила Ефимовича Ширипина', 53, 'Копия', 'Русский', 'Машинопись', 1, 'Соколов Александр Сергеевич', '2022-03-30 16:34:23', 'нет', 'Ширипин М. Е.', NULL, NULL, NULL),
(59, 'Фотография', '1916 г.', '1916 г.', 'Петрозаводский уезд', 'Петрозаводский уезд', 'Фотография строительства дровяных погрузочных путей Александровского завода в районе Орзеги-Деревянки', 54, 'Позитив', 'нет', 'Фотография', 1, 'Соколов Александр Сергеевич', '2022-03-30 16:38:51', 'нет', 'нет', NULL, NULL, NULL),
(60, 'Паспорт', '1950 г.', '22 сентября 1950 г.', 'Петрозаводск', 'Петрозаводск', 'Паспорт петрозаводского стадиона профсоюзов', 55, 'Подлинник', 'Русский', 'Рукопись', 1, 'Соколов Александр Сергеевич', '2022-03-31 09:57:17', 'нет', 'нет', NULL, NULL, NULL),
(61, 'Письмо', '16 августа 1919 г.', '16 августа 1919 г.', 'Петрозаводск', 'Петрозаводск', 'Письмо Петрозаводской городской продовольственной коллегии в Петрозаводский городской совет об обязанностях лиц, состоящих на должности \"кухонного мужика\"', 56, 'Подлинник', 'Русский', 'Машинопись', 1, 'Соколов Александр Сергеевич', '2022-03-31 15:21:44', 'нет', 'нет', NULL, NULL, NULL),
(62, 'Программа', '1982 г.', '1982 г.', 'Петрозаводск', 'Петрозаводск', 'Программа \"Геннадий Алексеевич Вавилов - 50 лет\"', 57, 'Типографский экземпляр', 'Русский', 'Типографский экземпляр', 1, 'Соколов Александр Сергеевич', '2022-03-31 15:25:01', 'нет', 'Вавилов Г.А.', NULL, NULL, NULL),
(63, 'Программа', '1985-1990 гг.', '1990 г.', 'СССР', 'Петрозаводск', 'Программа ансамбля лилипутов при Карельской государственной филармонии \"Янтарек\" за 1985-1990 гг.', 58, 'Копия', 'Русский', 'Машинопись', 1, 'Соколов Александр Сергеевич', '2022-03-31 15:39:04', 'нет', 'нет', NULL, NULL, NULL),
(64, 'Фотография', '1893 г.', '1893 г.', 'Петрозаводск', 'Петрозаводск', 'Фотография сосланного в г. Петрозаводск московского купца, биржевого маклера Григория Ивановича Киселева', 59, 'Позитив', 'нет', 'Фотография', 1, 'Соколов Александр Сергеевич', '2022-03-31 15:43:56', 'На фото надпись \"Фотография Пекарского. Петрозаводск\".', 'Киселев Г. И.', NULL, NULL, NULL),
(65, 'Карточка', '5 февраля 1966 г.', '5 февраля 1966 г.', 'Финляндия', 'Финляндия', 'QSL-карточка (учета приема) радио Петрозаводска радиолюбителя Кари А. Саареля из Сало', 60, 'Подлинник', 'Английский', 'Рукопись', 1, 'Соколов Александр Сергеевич', '2022-03-31 15:56:10', 'нет', 'Саареля К. А.', NULL, NULL, NULL),
(66, 'Послужной список', '1778 г.', '19 января 1778 г.', 'Олонецкое наместничество', 'Олонец', 'Послужной список служащих Олонецкой нижней расправы ', 61, 'Подлинник', 'Русский', 'Рукопись', 1, 'Соколов Александр Сергеевич', '2022-03-31 16:00:48', 'Расправный судья Макар Анисьевич Синцов - участник взятия г. Мемеля в 1759 г., турецкого похода 1772 г. Также в состав расправы входили канцеляристы Алексей Михайлович Ефимов, Феофилакт Байков, подканцеляристы Петр Шапошников, копиист Самсон Романов, секретарь Василий Сухонкин.', 'Синцов М. А., Ефимов А. М., Байков Ф., Шапошников П., Романов С., Сухонкин В.', NULL, NULL, NULL),
(67, 'Заявление', '12 июня 1927 г.', '12 июня 1927 г.', 'Петрозаводск', 'Петрозаводск', 'Заявление члена спортивного кружка \"Спартак\" Совторгпроса А. И. Климова об уходе из Первой футбольной команды в связи с грубостью и недисциплинированностью ее членов', 62, 'Подлинник', 'Русский', 'Рукопись', 1, 'Соколов Александр Сергеевич', '2022-03-31 16:10:18', 'нет', 'Климов А. И.', NULL, NULL, NULL),
(68, 'Фотография', 'Без даты', '[1970-1989 гг.]', 'Кондопожский район', 'Кондопожский район', 'Фотография лосихи в заповеднике \"Кивач\" на берегу озера Панозера', 63, 'Позитив', 'Русский', 'Фотография', 1, 'Соколов Александр Сергеевич', '2022-04-01 11:48:59', 'Автор съемки - Ю.Ю. Эркко.', 'Эркко Ю. Ю.', NULL, NULL, NULL),
(69, 'Показания', '22 июля 1868 г.', '31 августа 1868 г.', 'Белое море', 'Кемский уезд', 'Показания шкипера английского судна \"Кристиан\" Даниэля Агню об обстоятельствах гибели судна в Белом море', 64, 'Подлинник', 'Английский', 'Рукопись', 1, 'Соколов Александр Сергеевич', '2022-04-01 14:20:22', 'Имеется перевод.', 'Агню Д.', NULL, NULL, NULL),
(70, 'Рисунок', '1787 г.', '1787 г.', 'Феодосия', 'Неизвестно', 'Изображение монет Феодосийского монетного двора', 65, 'Подлинник', 'Русский', 'Рисунок', 1, 'Соколов Александр Сергеевич', '2022-04-01 14:23:43', 'нет', 'нет', NULL, NULL, NULL),
(72, 'Паспорт', '1863, 1866 гг.', '1863, 1866 гг.', 'Норвегия', 'Норвегия', 'Паспорта норвежских подданных Матиаса Лемсена и Мартина Венберга', 69, 'Подлинник', 'Датский', 'Типографский экземпляр, рукопись', 1, 'Соколов Александр Сергеевич', '2022-04-05 09:26:18', 'нет', 'Лемсен М., Венберг М.', NULL, NULL, NULL),
(73, 'Отчет', '1918 г.', '1918 г.', 'Петрозаводский уезд', 'Петрозаводск', 'Отчет заведующего Петрозаводским уездным отделом здравоохранения об эпидемии испанской болезни в Петрозаводском уезде за 1918 г.', 70, 'Копия', 'Русский', 'Машинопись', 1, 'Соколов Александр Сергеевич', '2022-04-05 10:45:52', 'нет', 'нет', NULL, NULL, NULL),
(74, 'Ведомость', '23 октября 1918 г. - 12 февраля 1919 г.', '23 октября 1918 г. - 12 февраля 1919 г.', 'Олонецкая губерния', 'Олонецкая губерния', 'Ведомости о ходе испанской болезни по уездам Олонецкой губернии', 71, 'Подлинник, копия', 'Русский', 'Рукопись, машинопись', 1, 'Соколов Александр Сергеевич', '2022-04-05 10:48:27', 'нет', 'нет', NULL, NULL, NULL),
(75, 'Письмо', '1928 г.', '29 августа 1928 г.', 'Автономная Карельская ССР', 'Петрозаводск', 'Письмо председателя правления Карельского отдела Всесоюзного общества коллекционеров Савинова о сборе гашеных марок в учреждениях Карелии', 72, 'Подлинник', 'Русский', 'Машинопись', 1, 'Соколов Александр Сергеевич', '2022-04-05 10:50:57', 'В ряде учреждений марки, в особенности ценные выданы отдельным, не желающим вступать в общество, коллекционерам.', 'Савинов', NULL, NULL, NULL),
(76, 'Книга', '14 февраля 1894 г.', '14 февраля 1894 г.', 'Петрозаводск, Петрозаводский уезд', 'Петрозаводск', 'Запись в книге регистрации дарственных, данных, закладных и других актов о продаже женой чиновника А. Я. Плесской купцу И. Ф. Тихонову доли в наследстве Якова Петровича Дейхмана земель в Сальнаволоке и дома в г. Петрозаводске', 73, 'Подлинник', 'Русский', 'Рукопись', 1, 'Соколов Александр Сергеевич', '2022-04-05 11:04:16', 'См. также Ф. 9. Оп. 1. Д. 157/1711. Л. 89-91 - запись за 1882 г.', 'Плесская А. Я., Тихонов И. Ф., Дейхман Я. П.', NULL, NULL, NULL),
(77, 'Отношение', '1883 г.', '5 ноября 1883 г.', 'Афины, Петрозаводский уезд, Щелейки', 'Афины', 'Отношение секретаря королевы эллинов Ольги Константиновны олонецкому губернатору о выдаче пособия отставному комендору клипера ', 74, 'Подлинник', 'Русский', 'Рукопись', 1, 'Соколов Александр Сергеевич', '2022-04-05 14:43:39', 'В г. Пирее во время салюта потерял правую руку от преждевременного выстрела.', 'Ольга Константиновна (королева), Шихалев Ф. М.', NULL, NULL, NULL),
(78, 'Билет', '1971 г.', '1971 г.', 'Петрозаводск, Москва', 'Петрозаводск', 'Железнодорожный билет - доплата типа Эдмондскон на поезд Петрозаводск - Москва', 75, 'Типографский экземпляр', 'Русский', 'Типографский экземпляр', 1, 'Соколов Александр Сергеевич', '2022-04-06 11:12:51', 'нет', 'нет', NULL, NULL, NULL),
(79, 'Книга', '1915 г.', '1915 г.', 'Имандра, Александровский уезд', 'Имандра, Александровский уезд', 'Запись в книге объявлений сберкассы в с. Имандре о вкладе Андрея Андреевича Де-Ливрона', 76, 'Подлинник', 'Русский', 'Рукопись', 1, 'Соколов Александр Сергеевич', '2022-04-06 11:14:57', 'Имеются сведения о дате рождения А. А. Де-Ливрона - 4 октября 1883 г., подпись Де-Ливрона.', 'Де-Ливрон А. А.', NULL, NULL, NULL),
(80, 'Афиша', '9 мая 1976 г.', '1976 г.', 'Петрозаводск', 'Петрозаводск', 'Афиша праздника на стадионе Сулажгорского кирпичного завода \"Немеркнущий подвиг народа-героя\"', 77, 'Типографский экземпляр', 'Русский', 'Типографский экземпляр', 1, 'Соколов Александр Сергеевич', '2022-04-06 11:57:57', 'нет', 'нет', NULL, NULL, NULL),
(81, 'Квалификационный лист', '29 июня 1982 г.', '29 июня 1982 г.', 'Олонец', 'Петрозаводск', 'Квалификационный лист на тренера по футболу Футбольного клуба \"Строитель\" (Олонец) Виктора Дмитриевича Дуденкова', 78, 'Подлинник', 'Русский', 'Машинопись', 1, 'Соколов Александр Сергеевич', '2022-04-06 11:59:41', 'нет', 'Дуденков В. Д.', NULL, NULL, NULL),
(82, 'Прошение', '1805 г.', '7 октября 1805 г.', 'Петрозаводский уезд', 'Петрозаводск', 'Прошение надворного советника Львова в Правление Олонецких горных заводов о его праве на урочище Сальнаволок в пяти верстах от г. Петрозаводска', 79, 'Подлинник', 'Русский', 'Рукопись', 1, 'Соколов Александр Сергеевич', '2022-04-06 12:09:02', 'Сальнаволок являлся наследство его дела шмельцера Анхима Семенова.', 'Семенов А., Львов', NULL, NULL, NULL),
(83, 'Рисунок', '1940 г.', '1940 г.', 'СССР', 'Неизвестно', 'Рисунки флагов Киргизской, Армянской, Литовской, Таджикской, Узбекской, Армянской, Казахской, Эстонской, Латвийской, Таджикской ССР, РСФСР', 80, 'Типографский экземпляр', 'Русский', 'Типографский экземпляр', 1, 'Соколов Александр Сергеевич', '2022-04-06 12:19:29', 'Нет', 'нет', NULL, NULL, NULL),
(84, 'Распоряжение', '1891 г.', '16 октября, 10 ноября 1891 г.', 'Петрозаводск', 'Петрозаводск', 'Распоряжение олонецкого губернского инженера М. П. Калитовича младшему архитектору Ратькову о наблюдении за сооружением временного здания цирка Вагнера в г. Петрозаводске на Слободской улице согласно плану', 81, 'Подлинник', 'Русский', 'Рукопись', 1, 'Соколов Александр Сергеевич', '2022-04-06 12:24:57', 'нет', 'Вагнер', NULL, NULL, NULL),
(85, 'Статейный список, фотография', '1907 г.', '1907 г.', 'Пудожский уезд', 'Петрозаводск', 'Статейный список на сосланного под надзор полиции в Пудожский уезд Юзефа Войтеховича Глушковского и его фото', 82, 'Подлинник', 'Русский', 'Рукопись', 1, 'Соколов Александр Сергеевич', '2022-04-07 12:34:41', 'нет', 'Глушковский Ю. В.', NULL, NULL, NULL),
(86, 'Протокол', '20 августа 1926 г.', '20 августа 1926 г.', 'Автономная Карельская ССР', 'Петрозаводск', 'Выписка из протокола заседания Совета Народных Комиссаров о похоронах трагически погибшего сотрудника Карельской экспедиции Жеребцова', 83, 'Копия', 'Русский', 'Машинопись', 1, 'Соколов Александр Сергеевич', '2022-04-07 14:30:46', 'нет', 'Жеребцов', NULL, NULL, NULL),
(87, 'Доношение', '1786 г.', 'Сентябрь 1786 г.', 'Феодосия, Таврическая область', 'Петрозаводск', 'Доношение жены гермахера Тимофея Данилова Натальи Андреевой олонецкому и архангельскому губернатору Т. И. Тутолмину о смерти мужа, отправленного в учрежденный в г. Феодосии в Таврической губернии монетный двор', 84, 'Подлинник', 'Русский', 'Рукопись', 1, 'Соколов Александр Сергеевич', '2022-04-07 14:59:10', 'нет', 'Данилов Т., Андреева Н., Тутолмин Т. И.', NULL, NULL, NULL),
(88, 'Отношение', '1888 г.', '27 августа 1888 г.', 'Олонецкая губерния', 'Гельсингфорс', 'Отношение финляндского генерал-губернатора олонецкому губернатору об оказании содействия доценту Императорского Александровского университета Эмилю Нестору Сетеля  этнографической поездке по Олонецкой губернии', 85, 'Типографский экземпляр', 'Русский', 'Рукопись', 1, 'Соколов Александр Сергеевич', '2022-04-07 15:18:54', 'нет', 'Сетеля Э. Н.', NULL, NULL, NULL),
(89, 'Отношение', '1888 г.', '30 апреля 1888 г.', 'Олонецкая губерния', 'Гельсингфорс', 'Отношение финляндского генерал-губернатора олонецкому губернатору об оказании содействия доценту Александровского университета А. О. Чильману', 86, 'Подлинник', 'Русский', 'Рукопись', 1, 'Соколов Александр Сергеевич', '2022-04-07 15:21:46', 'нет', 'Чильман А. О.', NULL, NULL, NULL),
(90, 'Отношение', '1888 г.', '21 мая 1888 г.', 'Олонецкая губерния', 'Гельсингфорс', 'Отношение финляндского генерал-губернатора олонецкому губернатору об оказании содействия доценту Императорского Александровского университета Эмилю Эрику Рейнонену в сборе этнографических материалов в Олонецкой губернии', 87, 'Подлинник', 'Русский', 'Рукопись', 1, 'Соколов Александр Сергеевич', '2022-04-07 15:24:09', 'нет', 'Рейнонен Э. Э.', NULL, NULL, NULL),
(91, 'Карточка', '1 июля 1922 г.', '2 июля 1922 г.', 'Петрозаводск', 'Петрозаводск', 'Карточка срочного учета железнодорожного театра станции Петрозаводск на 1 июля 1922 г.', 88, 'Подлинник', 'Русский', 'Рукопись, типографский экземплар', 1, 'Соколов Александр Сергеевич', '2022-04-07 15:26:10', 'нет', 'нет', NULL, NULL, NULL),
(92, 'Распоряжение', '1975 г.', '29 апреля 1975 г.', 'Петрозаводск', 'Петрозаводск', 'Распоряжение исполкома Петрозаводского городского совета о строительстве пешеходного моста через реку Нелинку в сквере имени 50-летия пионерской организации', 89, 'Подлинник', 'Русский', 'Машинопись', 1, 'Соколов Александр Сергеевич', '2022-04-11 11:11:57', 'нет', 'нет', NULL, NULL, NULL),
(93, 'Билет', '1917 г.', '15 декабря 1917 г.', 'Петрозаводск', 'Петрозаводск', 'Билет об увольнении воспитанника первого класса Олонецкой духовной семинарии Михаила Александровича Мизерова', 90, 'Подлинник', 'Русский', 'Машинопись', 1, 'Соколов Александр Сергеевич', '2022-04-11 11:14:34', 'Поступал в фельдшерско-акушерскую школу Олонецкого губернского земства.', 'Мизеров М. А.', NULL, NULL, NULL),
(94, 'Постановление', '1941 г.', '4 октября 1941 г.', 'Карело-Финская ССР', 'Беломорск', 'Постановление Совета Народных Комиссаров Карело-Финской ССР о назначении персональной пенсии членам семьи погибшего председателя исполкома Питкярантского районного совета Алексея Ивановича Куткевича', 91, 'Подлинник', 'Русский', 'Машинопись', 1, 'Соколов Александр Сергеевич', '2022-04-11 11:18:55', 'Зверски замечен финнами.', 'Куткевич А. И.', NULL, NULL, NULL),
(95, 'Постановление', '1941 г.', '4 октября 1941 г.', 'Карело-Финская ССР', 'Беломорск', 'Постановление Совета Народных Комиссаров Карело-Финской ССР о назначении персональной пенсии членам семьи погибшего председателя исполкома Питкярантского районного совета Алексея Ивановича Куткевича', 91, 'Подлинник', 'Русский', 'Машинопись', 1, 'Соколов Александр Сергеевич', '2022-04-11 11:18:55', 'Зверски замечен финнами.', 'Куткевич А. И.', NULL, NULL, NULL),
(96, 'Протокол', 'Январь 1917 г.', '15 января 1917 г.', 'Петрозаводск', 'Петрозаводск', 'Протокол заседания педагогического совета фельдшерско-акушерской школы Олонецкого губернского земства - о смерти директора школы А. И. Ввведенского', 92, 'Подлинник', 'Русский', 'Машинопись', 1, 'Соколов Александр Сергеевич', '2022-04-11 11:23:18', 'нет', 'Введенский А. И.', NULL, NULL, NULL),
(97, 'Отношение ', '1927 г.', '21 июня 1927 г.', 'Автономная Карельская ССР', 'Петрозаводск', 'Отношение Народного комиссариата земледелия АКССР в Совет Народных Комиссаров АКССР по вопросу о работе Княжегубской железнодорожной ветки Кировской железной дороги', 93, 'Подлинник', 'Русский', 'Машинопись', 1, 'Соколов Александр Сергеевич', '2022-04-11 11:26:24', 'нет', 'нет', NULL, NULL, NULL),
(98, 'Список', '1938 г.', '1938 г.', 'Петрозаводск', 'Петрозаводск', 'Список мотоциклов г. Петрозаводска', 94, 'Подлинник', 'Русский', 'Машинопись', 1, 'Соколов Александр Сергеевич', '2022-04-12 09:48:51', 'нет', 'нет', NULL, NULL, NULL),
(99, 'Схема', '1938 г.', '24 сентября 1938 г.', 'Петрозаводск, Прионежский район', 'Петрозаводск', 'Схема дистанции мотовелокросса Петрозаводск - Маткачи', 95, 'Подлинник', 'Русский', 'Рисунок', 1, 'Соколов Александр Сергеевич', '2022-04-12 09:51:22', 'нет', 'нет', NULL, NULL, NULL),
(100, 'Архивная справка', '1915 г.', '10 февраля 1978 г.', 'Петрозаводск', 'Петрозаводск', 'Архивная справка Центрального государственного архива Карельской АССР о деятельности Арнольда Александровича Альшванга', 96, 'Подлинник', 'Русский', 'Машинопись', 1, 'Соколов Александр Сергеевич', '2022-04-12 09:54:23', 'Альшванг А. А.', 'Альшванг А. А.', NULL, NULL, NULL),
(101, 'Требовательная ведомость', 'Январь 1907 г.', 'Январь 1907 г.', 'Олонецкая губерния', 'Олонецкая губерния', 'Требовательная ведомость на  выдачу от казны пособия лицам, состоящим под надзором полиции - Александровне Лейбовне Бронштейн', 97, 'Подлинник', 'Русский', 'Рукопись', 1, 'Соколов Александр Сергеевич', '2022-04-12 10:00:08', 'Жена Льва Троцкого.', 'Бронштейн А. Л.', NULL, NULL, NULL),
(102, 'Книга', '16 сентября 1782 г.', '16 сентября 1782 г.', 'Пудожский уезд', 'Пудож', 'Запись в книге верющих писем и прочих сделок Пудожской нижней расправы о поставке нигижемским крестьянам соснового леса на Шальские стеклянные заводы', 98, 'Подлинник', 'Русский', 'Рукопись', 1, 'Соколов Александр Сергеевич', '2022-04-12 12:37:20', 'нет', 'нет', NULL, NULL, NULL),
(103, 'Объявление', '7 августа 1887 г.', 'Август 1887 г.', 'Российская империя', 'Архангельск', 'Объявление о предстоящем солнечном затмении', 99, 'Типографский экземпляр', 'Русский', 'Типографский экземпляр', 1, 'Соколов Александр Сергеевич', '2022-04-12 14:02:07', 'нет', 'нет', NULL, NULL, NULL),
(104, 'Постановление', '9 июля 1839 г.', '9 июля 1839 г.', 'Петрозаводск', 'Петрозаводск', 'Постановление Олонецкой губернской строительной комиссии об освидетельствовании здания для помещения архива Петрозаводской городской думы, сиротского суда, городового магистрата и петрозаводской уездной команды', 100, 'Подлинник', 'Русский', 'Рукопись', 1, 'Соколов Александр Сергеевич', '2022-04-13 09:56:50', 'нет', 'нет', NULL, NULL, NULL),
(105, 'Отношение', '1829 г.', '22 декабря 1829 г.', 'Кемский уезд', 'Архангельск', 'Отношение архангельской маможни в Кемскую городскую управу об объявлении мещанину Григорию Макарову, чтобы он явился в таможню для получения 6 заячьих шкур, 4 пар лисьих лап и 1 платка, отобранных у него на шняке', 101, 'Подлинник', 'Русский', 'Рукопись', 1, 'Соколов Александр Сергеевич', '2022-04-13 10:00:25', 'нет', 'Макаров Г.', NULL, NULL, NULL),
(106, 'Протокол', '19 января 1799 г.', '19 января 1799 г.', 'Петрозаводск', 'Петрозаводск', 'Протокол Петрозаводского уездного суда по заявлению английского художника Дункена об обиде, нанесенной ему крестьянином д. Олховщины Вегорукской волости Петрозаводского уезда Симеоном Андреевым', 102, 'Подлинник', 'Русский', 'Рукопись', 1, 'Соколов Александр Сергеевич', '2022-04-13 10:15:25', 'нет', 'Дункен, Андреев С.', NULL, NULL, NULL),
(107, 'Предписание', '14 августа 1918 г.', '14 августа 1918 г.', 'Петрозаводск', 'Петрозаводск', 'Предписание Петрозаводского уездного отдела народного образования заведующему народным театром и кинематографом № 1 Озерову о н\\нсятии вывески кинематографа \"Сатурн\" и установке вывески \"Кинематограф № 2 Петрозаводского совдепа\"', 103, 'Подлинник', 'Русский', 'Рукопись', 1, 'Соколов Александр Сергеевич', '2022-04-13 10:21:33', 'нет', 'Озеров', NULL, NULL, NULL),
(108, 'Распоряжение', '1837 г.', 'Май 1837 г.', 'Олонецкая губерния', 'Петрозаводск', 'Распоряжение Олонецкой казенной палаты о запрете гражданским чиновникам носить усы и бороду', 104, 'Копия', 'Русский', 'Рукопись', 1, 'Соколов Александр Сергеевич', '2022-04-13 10:52:12', 'нет', 'нет', NULL, NULL, NULL),
(109, 'Листок по учету кадров', '1957 г.', '1957 г.', 'Петрозаводск', 'Петрозаводск', 'Личный листок по учету кадров директора Музыкально-дрматического театра г. Петрозаводска Генриха Ицковича Хумек', 105, 'Подлинник', 'Русский', 'Рукопись', 1, 'Соколов Александр Сергеевич', '2022-04-13 11:05:50', 'Имеется фото Г. И. Хумек.', 'Хумек Г. И.', NULL, NULL, NULL),
(110, 'Акт', '7 апреля 1941 г.', '7 апреля 1941 г.', 'Петрозаводск', 'Петрозаводск', 'Акт экзаменационной комиссии по выпуску средних медицинских работников системы Беломорско-Балтийского канала', 106, 'Подлинник', 'Русский', 'Машинопись', 1, 'Соколов Александр Сергеевич', '2022-04-13 11:11:41', 'нет', 'нет', NULL, NULL, NULL),
(111, 'Отношение', '1908 г.', '8 марта 1908 г.', 'Пудожский уезд', 'Петрозаводск', 'Отношение Олонецкого губернского жандармского управления пудожскому исправнику об организации наблюдения за политссыльным Робертом Яковлевичем Францем. проживающим в с. Бережная Дубрава ', 107, 'Подлинник', 'Русский', 'Рукопись', 1, 'Соколов Александр Сергеевич', '2022-04-13 11:13:41', 'нет', 'Франц Р. Я.', NULL, NULL, NULL),
(112, 'Приказ', '22 июня 1948 г.', '22 июня 1948 г.', 'Петрозаводск', 'Петрозаводск', 'Приказ Комитета по делам физкультуры и спорта при Совете Министров Карельской АССР о присвоении спортивных разрядов по хоккею', 108, 'Подлинник', 'Русский', 'Машинопись', 1, 'Соколов Александр Сергеевич', '2022-04-13 11:35:49', 'В том числе А. П. Кудряшову.', 'Кудряшов А. П.', NULL, NULL, NULL),
(113, 'Квартирная карта', '1920 г.', '1920 г.', 'Петрозаводск', 'Петрозаводск', 'Квартирная карта переписи населения на дом Ли Ки Ву на станции Голиковка в г. Петрозаводске', 109, 'Подлинник', 'Русский', 'Рукопись', 1, 'Соколов Александр Сергеевич', '2022-04-13 11:39:01', 'В доме проживало 16 китайцев.', 'Ли Ки Ву', NULL, NULL, NULL),
(114, 'Метрическая книга', '31 мая 1874 г.', '31 мая 1874 г.', 'Петрозаводск', 'Петрозаводск', 'Запись в метрической книге Александро-Невского прихода г. Петрозаводска о рождении у петрозаводского мещанина Ильи Федоровича прохорова сына Федора', 110, 'Подлинник', 'Русский', 'Рукопись', 1, 'Соколов Александр Сергеевич', '2022-04-13 11:50:38', 'нет', 'Прохоров Ф. И., прохоров И. Ф.', NULL, NULL, NULL),
(115, 'Наградной лист', '1951 г.', '1951 г.', 'Петрозаводск', 'Петрозаводск', 'Наградной лист на преподавателя географии Первой вечерней средней школы рабочей молодежи г. Петрозаводска Федора Ильича Прохорова', 111, 'Подлинник', 'Русский', 'Рукопись', 1, 'Соколов Александр Сергеевич', '2022-04-13 12:51:04', 'нет', 'Прохоров Ф. И.', NULL, NULL, NULL),
(116, 'Приказ', '22 июня 1978 г.', '22 июня 1978 г.', 'Петрозаводск', 'Петрозаводск', 'Приказ Комитета по делам физкультуры и спорта при Совете министров Карельской АССР о присвоении разряда \"кандидат в мастера спорта\" Виталию Постоянову', 112, 'Подлинник', 'Русский', 'Машинопись', 1, 'Соколов Александр Сергеевич', '2022-04-13 14:03:37', 'нет', 'Постоянов В. В.', NULL, NULL, NULL),
(117, 'Подворная ведомость', '1920 г.', '1920 г.', 'Петрозаводск', 'Петрозаводск', 'Подворная ведомость владения Ладвинского монастыря на Большой Закаменской улицы в г. Петрозаводске', 113, 'Подлинник', 'Русский', 'Рукопись', 1, 'Соколов Александр Сергеевич', '2022-04-13 14:36:34', 'нет', 'нет', NULL, NULL, NULL),
(118, 'Постановление', '14 мая 1935 г.', '14 мая 1935 г.', 'Автономная Карельская ССР', 'Петрозаводск', 'Постановление Центрального Исполнительного Комитета и Совета Министров Автономной Карельской ССР о разрешении гражданам Карелии ношения финского ножа в качестве элемента национального костюма', 114, 'Подлинник', 'Русский', 'Машинопись', 1, 'Соколов Александр Сергеевич', '2022-04-13 14:39:05', 'нет', 'нет', NULL, NULL, NULL),
(119, 'Отношение', '8 июня 1914 г.', '8 июня 1914 г.', 'Олонецкая губерния', 'Петрозаводск', 'Отношение инструктора по садоводству и огородничеству при Олонецком управлении земледелия и государственных имуществ В. Ф. Волейко директору народных училищ Олонецкой губернии по вопросу устройства плодовых садиков и огородов при училищах', 115, 'Подлинник', 'Русский', 'Машинопись', 1, 'Соколов Александр Сергеевич', '2022-04-13 14:42:03', 'нет', 'Волейко В. Ф.', NULL, NULL, NULL),
(120, 'Характеристика', '1936 г.', '25 сентября 1936 г.', 'Повенец', 'Повенец', 'Характеристика на учителя Повенецкой неполной средней школы Леонида Александровича Мазуровского', 116, 'Подлинник', 'Русский', 'Рукопись', 1, 'Соколов Александр Сергеевич', '2022-04-13 14:53:06', 'нет', 'Мазуровский Л. А.', NULL, NULL, NULL),
(121, 'Заявление', '4 августа 1927 г.', '4 августа 1927 г.', 'Петрозаводск, Ростов-на-Дону', 'Ростов-на-Дону', 'Заявление бывшего преподавателя пения Петрозаводской мужской гимназии В. Воздвиженского о том, что после его переезда в г. Ростов-на-Дону для работы в Варшавском университете в 1914 г. его преемником по преподаванию пения стал Семен Васильевич Ефимов', 117, 'Подлинник', 'Русский', 'Машинопись', 1, 'Соколов Александр Сергеевич', '2022-04-13 14:59:06', 'нет', 'Ефимов С. В., Воздвиженский В.', NULL, NULL, NULL),
(122, 'Командировочное удостоверение', '10 января 1929 г.', '10 января 1929 г.', 'Автономная Карельская ССР', 'Неизвестно', 'Командировочное удостоверение научного сотрудника Северо-Западной этнологической экспедиции КИПС АН СССР Леонида Леонидовича Капицы для заключения договора с Совкино по передаче прав на фильм \"В стране лесов, озер и порожистых рек\" Народному комиссариату просвещения Автономной Карельской ССР', 118, 'Отпуск', 'Русский', 'Машинопись', 1, 'Соколов Александр Сергеевич', '2022-04-13 15:03:30', 'нет', 'Капица Л. Л.', NULL, NULL, NULL),
(123, 'Удостоверение', '13 августа 1929 г.', '13 августа 1929 г.', 'Автономная Карельская ССР', 'Петрозаводск', 'Удостоверение инспектора профессионально-технического образования Арнольда Юрьевича Педдер о командировании в южную Карелию для производства барометрической нивеллировки и определения астрономических координат', 119, 'Подлинник', 'Русский', 'Машинопись', 1, 'Соколов Александр Сергеевич', '2022-04-13 15:07:32', 'нет', 'Педдер А. Ю.', NULL, NULL, NULL),
(124, 'Приказ', '2 сентября 1933 г.', '2 сентября 1933 г.', 'Петрозаводск', 'Петрозаводск', 'Приказ треста Карелавто о назначении профессора Арнольда Юрьевича Педдер на должность инженера по эксплуатации и ремонту', 120, 'Подлинник', 'Русский', 'Рукопись', 1, 'Соколов Александр Сергеевич', '2022-04-13 15:10:15', 'нет', 'Педдер А. Ю.', NULL, NULL, NULL),
(125, 'Удостоверение', '1925 г.', '25 июня 1925 г.', 'Петрозаводск', 'Петрозаводск', 'Удостоверение Народного комиссариата просвещения Автономной Карельской ССР о педагогическом стаже преподавательницы Елены Николаевны Дюливье', 121, 'Подлинник', 'Русский', 'Машинопись', 1, 'Соколов Александр Сергеевич', '2022-04-13 15:12:32', 'В 1917-1918 гг. - учительница французского языка Олонецкой губернской мужской гимназии, с 1918 г. - учительница 2-ой школы второй ступени.', 'Дюливье Е. Н.', NULL, NULL, NULL),
(126, 'Справка', '1928 г.', '14 декабря 1928 г.', 'Петрозаводск', 'Петрозаводск', 'Справка Народного комиссариата просвещения Автономной Карельской ССР о трудовом стаже преподавателя Давида Григорьевича Гершановича', 122, 'Отпуск', 'Русский', 'Машинопись', 1, 'Соколов Александр Сергеевич', '2022-04-13 15:15:38', 'В 1923 г. -преподаватель политграмоты в школах второй ступени г. Петрозаводска, в 1924 г. - инструктор ликбеза Карполитпросвета.', 'Гершанович Д. Г.', NULL, NULL, NULL),
(127, 'Выписка из метрической книги', '18 декабря 1903 г.', '28 июня 1915 г.', 'Мерв', 'Мерв', 'Выписка из метрической книги о родившихся, выданная причтом вагона-церкви Мургабской ветви Средне-Азиатской железной дороги о рождении Павла Иоганновича Крутякова', 123, 'Копия', 'Русский', 'Рукопись', 1, 'Соколов Александр Сергеевич', '2022-04-13 15:19:04', 'нет', 'Крутяков П.  И.', NULL, NULL, NULL),
(128, 'Справка', '1924 г.', '1924 г.', 'Петрозаводск', 'Петрозаводск', 'Справка Народного комиссариата просвещения Автономной Карельской АССР о работе преподавателя физкультуры Петрозаводского русккого педагогического техникума Николая Михайловича Крылова', 124, 'Подлинник', 'Русский', 'Машинопись', 1, 'Соколов Александр Сергеевич', '2022-04-13 15:23:10', 'Родился 1 декабря 1897 г. Окончил Олонецкую духовную семинарию. Председатель союза работников просвещения АКССР.', 'Крылов Н. М.', NULL, NULL, NULL),
(129, 'Положение', '1925 г.', '1925 г.', 'Автономная Карельская ССР', 'Петрозаводск', 'Положение о волостных советах физической культуры Автономной Карельской ССР', 125, 'Подлинник', 'Русский', 'Машинопись', 1, 'Соколов Александр Сергеевич', '2022-04-13 15:31:49', 'нет', 'нет', NULL, NULL, NULL),
(130, 'Приказ', '1994 г.', '11 января 1994 г.', 'Петрозаводск', 'Петрозаводск', 'Приказ Комитета Республики Карелия по спорту и туризму об итогах рождественского турнира по ринк-бенди в г. Петрозаводске', 126, 'Подлинник', 'Русский', 'Машинопись', 1, 'Соколов Александр Сергеевич', '2022-04-13 15:37:31', 'Первое место - ХК Карелсервисавто, второе место - ХК Горняк (Костомукша), третье место Электранс (Мурманск), 4 место - ХК Бумажник (Кондопога).', 'нет', NULL, NULL, NULL),
(131, 'Отношение', 'Ноябрь 1913 г.', '20 ноября 1913 г.', 'Петрозаводск', 'Петрозаводск', 'Отношение Бориса Михайловича Максютенко, Георгия Эразмовича Клодницкого, Константина Петровича Охотина в Олонецкое губернское по делам об обществах и союзах присутствие по вопросу открытия Петрозаводского спортивного общества', 127, 'Подлинник', 'Русский', 'Машинопись', 1, 'Соколов Александр Сергеевич', '2022-04-13 15:41:04', 'нет', 'Максютенко Б. М., Клодницкий Г. Э., Охотин К. П.', NULL, NULL, NULL),
(132, 'Календарь', '1 мая - 1 октября 1935 г.', 'Не позднее 1 мая 1935 г.', 'Автономная Карельская ССР', 'Петрозаводск', 'Календарь спортивно-массовых мероприятий Высшего совета физкультуры и спорта Автономной Карельской ССР на период с 1 мая по 1 октября 1935 г.', 128, 'Подлинник', 'Русский', 'Машинопись', 1, 'Соколов Александр Сергеевич', '2022-04-13 15:56:30', 'В т.ч. 21-24 июля 1935 г. участие АКССР во Всесоюзном розыгрыше по регби и бесболу в г. Москве, 1-15 июля - календарный розыгрыш по бейсболу и регби в Карелии.', 'нет', NULL, NULL, NULL),
(133, 'Постановление', '14 июня 1935 г.', '14 июня 1935 г.', 'Повенец', 'Петрозаводск', 'Постановление Совета Народных Комиссаров Автономной Карельской ССР об организации судоходного техникума в поселке Повенце', 129, 'Подлинник', 'Русский', 'Машинопись', 1, 'Соколов Александр Сергеевич', '2022-04-13 16:09:55', 'нет', 'нет', NULL, NULL, NULL),
(134, 'Приказ', '2000 г.', '10 ноября 2000 г.', 'Республика Карелия', 'Петрозаводск', 'Приказ Государственного комитета по физкультуре и спорту Республики Карелия об итоге кубка Республики Карелия по городошному спорту', 130, 'Подлинник', 'Русский', 'Рукопись', 1, 'Соколов Александр Сергеевич', '2022-04-13 16:12:14', 'Первое место - ППК (Петрозаводск), 2-е - Авангард (Петрозаводск), 3-е - Вилга (Новая Вилга).', 'нет', NULL, NULL, NULL),
(135, 'Листок по учету кадров', '1944 г.', '11 апреля 1944 г.', 'Карело-Финская ССР', 'Беломорск', 'Личный листок по учету кадров солиста оркестра Карельского радиокомитета Генриха Исааковича Хумек', 131, 'Подлинник', 'Русский', 'Рукопись', 1, 'Соколов Александр Сергеевич', '2022-04-13 16:17:21', 'нет', 'Хумек Г. И.', NULL, NULL, NULL),
(136, 'Прошение', '1 мая 1876 г.', '13 апреля 1876 г.', 'Петрозаводск', 'Петрозаводск', 'Прошение жены отставного рядового Аграфены Алексеевны Зон олонецкому губернатору об открытии временной выставки для продажи питей во время гуляний 1 мая за городом Петрозаводском по Санкт-Петербургскому тракту', 132, 'Подлинник', 'Русский', 'Рукопись', 1, 'Соколов Александр Сергеевич', '2022-04-13 16:19:41', 'нет', 'Зон А. А.', NULL, NULL, NULL),
(137, 'Рапорт', '20 октября 1826 г.', '21 июня 1827 г.', 'Олонецкий уезд', 'Олонец', 'Рапорт Олонецкого земского суда генерал-губернатору Архангельской, Вологодской и Олонецкой губерний С. И. Миницкому о сгоревшей келье в Сяндебской пустыни', 133, 'Подлинник', 'Русский', 'Рукопись', 1, 'Соколов Александр Сергеевич', '2022-04-13 16:23:04', 'нет', 'Миницкий С. И.', NULL, NULL, NULL),
(138, 'Прошение', '1874 г.', '11 мая 1874 г.', 'Петрозаводск', 'Петрозаводск', 'Прошение вдовы петрозаводского купца Ефима Григорьевича Пименова Анны Николаевны Пименовой в строительное отделение Олонецкого губернского правления об освидетельствовании судна \"Пиловой\", перевозящего материалы Александровского завода', 134, 'Подлинник', 'Русский', 'Рукопись', 1, 'Соколов Александр Сергеевич', '2022-04-13 16:28:37', 'нет', 'Пименов Е. Г., Пименова А. Н.', NULL, NULL, NULL),
(139, 'Отношение', 'Март 1870 г.', 'Март 1870 г.', 'Петрозаводск', 'Петрозаводск', 'Отношение Церковного совета евангелическо-лютеранского прихода г. Петрозаводска в Центральный комитет вспомогательной кассы евангелическо-лютеранских приходов в России по вопросу приобретения у горного ведомства дома на углу Английской и Древлянской улиц', 135, 'Подлинник', 'Русский', 'Рукопись', 1, 'Соколов Александр Сергеевич', '2022-04-13 16:31:45', 'нет', 'нет', NULL, NULL, NULL),
(140, 'Отчет', '5 октября 1957 г. - 1 марта 1958 г.', 'Март 1958 г.', 'Союз Советских Социалистических Республик', 'Петрозаводск', 'Отчет начальника команды по хоккею с мячом \"Торпедо\" (Петрозаводск) тимофеева об участии команды в первенстве СССР по хоккею с мячом среди команд класса А', 136, 'Подлинник', 'Русский', 'Машинопись', 1, 'Соколов Александр Сергеевич', '2022-04-13 16:36:58', 'нет', 'Тимофеев', NULL, NULL, NULL),
(141, 'Распоряжение', '24 мая 1918 г.', '24 мая 1918 г.', 'Кемский уезд', 'Кемь', 'Распоряжение Кемского совета рабочих и солдатских депутатов об образовании Надвоицкой волости путем выделения ее от Лапинской волости', 137, 'Подлинник', 'Русский', 'Машинопись', 1, 'Соколов Александр Сергеевич', '2022-04-15 12:18:29', 'нет', 'нет', NULL, NULL, NULL),
(142, 'Автобиография', '1933 г.', '1933 г.', 'Автономная Карельская ССР', 'Кондопога', 'Автобиография учителя Кондопожской средней школы Сергея Васильевича Шежемского', 138, 'Копия', 'Русский', 'Рукопись', 1, 'Соколов Александр Сергеевич', '2022-04-15 12:20:28', 'нет', 'Шежемский С. В.', NULL, NULL, NULL),
(143, 'Удостоверение', '1927 г.', '27 июня 1927 г.', 'Автономная Карельская ССР, Мурманская губерния', 'Неизвестно', 'Удостоверение шведских ученых Бьерна Флодерикса и Эрика Хультена, командированных Стокгольмским естественно-историческим музеем на Кольский и Каномский полуостровы для исследования пород ивы', 139, 'Подлинник', 'Русский', 'Машинопись', 1, 'Соколов Александр Сергеевич', '2022-04-15 12:22:05', 'Ученые выезжали в окрестности Петрозаводска и озера Сандал для осмотра пород ивы.', 'Флодерус Б., Хультен Э.', NULL, NULL, NULL),
(144, 'Сведения', '1927 г.', '8 декабря 1927 г.', 'Петрозаводск', 'Петрозаводск', 'Сведения об учителе 3-ей семилетней школы г. Петрозаводска Николае Семеновиче Стручкове', 140, 'Подлинник', 'Русский', 'Рукопись', 1, 'Соколов Александр Сергеевич', '2022-04-15 12:46:57', 'Окончил Олонецкую духовную семинарию, преподавал в Олонецком епархиальном училище, имел 30 лет педагогического стажа.', 'Стручков Н. С.', NULL, NULL, NULL),
(145, 'Доклад', '1903 г.', '26 апреля 1903 г.', 'Петрозаводский уезд', 'Петрозаводск', 'Доклад Петрозаводской уездной земской управыолонецкому губернатору о деятельности сельскохозяйственных обществ и ознакомлении местного населения с порядком их создания', 141, 'Подлинник', 'Русский', 'Рукопись', 1, 'Соколов Александр Сергеевич', '2022-04-15 12:49:32', 'нет', 'нет', NULL, NULL, NULL),
(146, 'Заявление', '1918 г.', '16 января 1918 г.', 'Кемь', 'Кемь', 'Заявление домовладелицы Адели Доминиковны Пипирас в Кемсую городскую управу о выезде конторы В. П. Сигова из ее двухэтажного дома по Крестовскому проспекту', 142, 'Подлинник', 'Русский', 'Рукопись', 1, 'Соколов Александр Сергеевич', '2022-04-15 12:51:54', 'нет', 'Пипирас А. Д., Сигов В. П.', NULL, NULL, NULL),
(147, 'Приказ', '24-26 февраля 1995 г.', '28 февраля 1995 г.', 'Петрозаводск', 'Петрозаводск', 'Приказ Государственного комитета по физкультуре и спорту Республики Карелия об итогах чемпионата Карелии по хоккею', 143, 'Подлинник', 'Русский', 'Машинопись', 1, 'Соколов Александр Сергеевич', '2022-04-15 12:54:40', 'Первое место завоевал ХК \"Локомотив\" (Кемь), второе - ХК \"Кристалл\" (Пяозерский), третье - ДЮСШ-7 Петрозаводск. Также в чемпионате участовал ХК \"Теком\" (Кондопога).', 'нет', NULL, NULL, NULL),
(148, 'Рапорт', '1853 г.', '10 января 1853 г.', 'Олонецкая губерния', 'Петрозаводск', 'Рапорт архивариуса Олонецкой палаты гражданского и уголовного суда в палату об отсылке планов на стеклянные заводы купцов И. Долгова, А. Мартьянова, Т. Козлова на реке Водле в Пудожскую городовую ратушу и о нахождении в архиве дела о стеклянном заводе купца С. Власова', 144, 'Подлинник', 'Русский', 'Рукопись', 1, 'Соколов Александр Сергеевич', '2022-04-15 12:57:41', 'нет', 'Долгов И., Мартьянов А., Козлов Т., Власов С.', NULL, NULL, NULL),
(149, 'Правила', '1927 г.', '1927 г.', 'Автономная Карельская ССР, Мурманская губерния, Ленинград', 'Неизвестно', 'Правила проведения стрелковых соревнований из малокалиберных винтовок на Мурманской железной дороге', 145, 'Подлинник', 'Русский', 'Машинопись', 1, 'Соколов Александр Сергеевич', '2022-04-15 13:58:23', 'нет', 'нет', NULL, NULL, NULL);
INSERT INTO `cards` (`id`, `doc_type`, `event_date`, `card_date`, `event_place`, `card_place`, `doc_header`, `shifr_id`, `original`, `langs`, `playback`, `state`, `compiler`, `compilation_date`, `summary`, `persons`, `deleted`, `deleted_by`, `deleted_at`) VALUES
(150, 'Приказ', '30 декабря 1975 г.', '30 декабря 1975 г.', 'Сортавала', 'Петрозаводск', 'Приказ Комитета по физической культуре и спорту при Совете Министров Карельской АССР о сдаче в эксплуатацию стадиона в г. Сортавале', 146, 'Подлинник', 'Русский', 'Машинопись', 1, 'Соколов Александр Сергеевич', '2022-04-15 14:07:11', 'нет', 'нет', NULL, NULL, NULL),
(151, 'Таблица', '11-16 января 1976 г.', '11-16 января 1976 г.', 'Петрозаводск', 'Петрозаводск', 'Таблица чемпионата Карельской АССР по хоккею с мячом', 147, 'Подлинник', 'Русский', 'Рукопись', 1, 'Соколов Александр Сергеевич', '2022-04-15 14:09:10', 'Первое место - ХК ОТЗ, второе место - ХК Тяжбуммаш, третье место - ХК Автомобилист (Петрозаводск), 4 место - ХК ПЛМК.', 'нет', NULL, NULL, NULL),
(152, 'Приказ', '1972 г.', '22 января 1973 г.', 'Карельская АССР', 'Петрозаводск', 'Приказ Комитета по физической культуре и спорту при Совете Министров Карельской АССР об итогах чемпионата КАССР по хоккею 1972 г.', 148, 'Подлинник', 'Русский', 'Машинопись', 1, 'Соколов Александр Сергеевич', '2022-04-15 14:11:22', 'Первое место - ХК \"Водник\" (Петрозаводск), второе место - ХК \"Строитель\" (Петрозаводск), третье место - ХК \"Локомотив\" (Петрозаводск), 4 место ХК Сегежа.', 'нет', NULL, NULL, NULL),
(153, 'Приказ', '1994 г.', '14 ноября 1994 г.', 'Санкт-Петербург', 'Петрозаводск', ' Приказ Государственного комитета Республики Карелия о командировании команды \"Университет\" в г. Санкт-Петербург для участия в первом туре первенства России по мини-футболу среди команд второй лиги', 149, 'Подлинник', 'Русский', 'Машинопись', 1, 'Соколов Александр Сергеевич', '2022-04-15 14:14:25', 'В состав команды входил В. Петтай.', 'Петтай В. Л.', NULL, NULL, NULL),
(154, 'Приказ', '21 января 1994 г.', '11 января 1994 г.', 'Санкт-Петербург', 'Петрозаводск', 'Приказ Государственного комитета Республики Карелия по физкультуре и спорту о командировании с 15 по 21 января 1994 г. в г. Санкт-Петербург команды \"Университет\" для участия в Первенстве России по мини-футболу среди команд второй лиги', 150, 'Подлинник', 'Русский', 'Машинопись', 1, 'Соколов Александр Сергеевич', '2022-04-15 14:17:09', 'В т.ч. В. Петтая.', 'Петтай В. Л.', NULL, NULL, NULL),
(155, 'Письмо', '1937 г.', '8 декабря 1937 г.', 'Карельская АССР', 'Петрозаводск', 'Письмо заместителя председателя оргбюро Карельского добровольного спортивного общества \"Советский охотник\" председателю комитета по физкультуре и спорту Карельской АССР Ефремову о дотации в сумме 1500 рублей', 151, 'Подлинник', 'Русский', 'Рукопись', 1, 'Соколов Александр Сергеевич', '2022-04-15 16:06:26', 'нет', 'нет', NULL, NULL, NULL),
(156, 'Смета', 'Сентябрь 1937 г.', 'Октябрь-декабрь 1937 г.', 'Карельская АССР', 'Петрозаводск', 'Смета Карельского добровольного спортивного общества \"Советский охотник\" на 4 квартал 1937 г.', 152, 'Подлинник', 'Русский', 'Машинопись', 1, 'Соколов Александр Сергеевич', '2022-04-15 16:12:29', 'нет', 'нет', NULL, NULL, NULL),
(157, 'Приказ', '1998 г.', '13 января 1998 г.', 'Санкт-Петербург', 'Петрозаводск', 'Приказ Государственного комитета Республики Карелия о командировании команды \"Университет\" в г. Санкт-Петербург для участия в первом туре первенства России по мини-футболу среди команд второй лиги', 153, 'Подлинник', 'Русский', 'Машинопись', 1, 'Соколов Александр Сергеевич', '2022-04-15 16:14:55', 'В т. ч. Петтай В. Л.', 'Петтай В. Л.', NULL, NULL, NULL),
(158, 'Приказ', '1997 г.', '24 ноября 1997 г.', 'Санкт-Петербург', 'Петрозаводск', ' Приказ Государственного комитета Республики Карелия о командировании команды \"Университет\" в г. Санкт-Петербург для участия в первом туре первенства России по мини-футболу среди команд второй лиги', 154, 'Подлинник', 'Русский', 'Машинопись', 1, 'Соколов Александр Сергеевич', '2022-04-15 16:16:41', 'В т. ч. Петтай В. Л.', 'Петтай В. Л.', NULL, NULL, NULL),
(159, 'Приказ', '10 апреля 1992 г.', '10 апреля 1992 г.', 'Петрозаводск', 'Петрозаводск', 'Приказ Государственного комитета Республики Карелия по физической культуре и спорту об утверждении статуса и штатного расписания футбольной команды \"Карелия\"', 155, 'Подлинник', 'Русский', 'Машинопись', 1, 'Соколов Александр Сергеевич', '2022-04-15 16:19:26', 'нет', 'нет', NULL, NULL, NULL),
(160, 'Приказ', '25 апреля 1975 г.', '25 апреля 1975 г.', 'Карельская АССР', 'Петрозаводск', 'Приказ Комитета по физкультуре и спорту Карельской АССР об итогах чемпионата по хоккею', 156, 'Подлинник', 'Русский', 'Машинопись', 1, 'Соколов Александр Сергеевич', '2022-04-15 16:27:08', 'Первое место - ХК \"Строитель\" (Петрозаводск), второе место - ХК Сегежа, третье место - ОТЗ. Участвовали команды Кондопожского, Кемского, Медвежьегорского, Прионежского районов, Тяжбуммаш.', 'нет', NULL, NULL, NULL),
(161, 'Постановление', '14 августа 1936 г.', '14 августа 1936 г.', 'Петрозаводск', 'Петрозаводск', 'Постановление Совета Народных Комиссаров о ликвидации рабфака при Петрозаводской фельдшерско-акушерской школе ', 157, 'Подлинник', 'Русский', 'Машинопись', 1, 'Соколов Александр Сергеевич', '2022-04-15 16:30:47', 'Первый курс был передан на рабфак наркомпроса АКССР, второй курс на первый курс Фельдшерско-акушерской и сестринской школ, третий курс - на первый курс фельдшерско-акушерской школы.', 'нет', NULL, NULL, NULL),
(162, 'Информационное письмо', '1989 г.', '1989 г.', 'Петрозаводск', 'Петрозаводск', 'Информационное письмо Министерства образования Республики Карелия об истории и деятельности Карельского республиканского клуба юных моряков', 158, 'Подлинник', 'Русский', 'Машинопись', 1, 'Соколов Александр Сергеевич', '2022-04-15 16:33:47', 'нет', 'нет', NULL, NULL, NULL),
(163, 'Ходатайство', '12 мая 1993 г.', '12 мая 1993 г.', 'Петрозаводск', 'Петрозаводск', 'Ходатайство председателя Петрозаводского городского хоккейного клуба \"Пульс\" А. Ф. Слепцова начальнику Управления экономики мэрии г. Петрозаводска Г. С. Харькину об освобождении клуба от налога', 159, 'Подлинник', 'Русский', 'Машинопись', 1, 'Соколов Александр Сергеевич', '2022-04-15 16:35:41', 'нет', 'Слепцов А. Ф., Харькин Г. С.', NULL, NULL, NULL),
(164, 'Письмо', '17 сентября 1995 г.', '17 сентября 1995 г.', 'Финляндия', 'Петрозаводск', 'Письмо заместителя председателя правительства Республики Карелия С. М. Яскунова в Российский футбольный союз о разрешении футбольному клубу \"Сортавала\" участия в первенстве Восточной Финляндии по футболу', 160, 'Подлинник', 'Русский', 'Машинопись', 1, 'Соколов Александр Сергеевич', '2022-04-15 16:38:04', 'нет', 'Яскунов С. М.', NULL, NULL, NULL),
(165, 'Письмо', '1997 г.', '9 сентября 1997 г.', 'Республика Карелия', 'Петрозаводск', 'Письмо председателя правительства Республики Карелия председателю Российского совета физкультурно-спортивного общества ', 161, 'Отпуск', 'Русский', 'Машинопись', 1, 'Соколов Александр Сергеевич', '2022-04-15 16:40:25', 'Письмо председателя правительства Республики Карелия председателю Российского совета физкультурно-спортивного общества ', 'Алешина А. Б.', NULL, NULL, NULL),
(166, 'Письмо', '1997 г.', '9 сентября 1997 г.', 'Республика Карелия', 'Петрозаводск', 'Письмо председателя правительства Республики Карелия председателю Российского совета физкультурно-спортивного общества \"Спартак\" А. Б. Алешиной о возрождении \"Спартака\" в Карелии ', 161, 'Отпуск', 'Русский', 'Машинопись', 1, 'Соколов Александр Сергеевич', '2022-04-15 16:46:14', 'В Республике Карелия был упразднен в 1987 г. ФСО \"Спартак\" было возрождено 27 января 1994 г. как республиканский физкультурно-сполртивный клуб \"Спартак\".', 'Алешина А. Б.', NULL, NULL, NULL),
(167, 'Справка', '1989 г.', '1989 г.', 'Петрозаводск', 'Петрозаводск', 'Справка о подготовке тренером СДЮСШОР по биатлону Николаевм Михайловичем Тимошиным спортсментки Валентины Михайловны Шкурбало', 162, 'Подлинник', 'Русский', 'Машинопись', 1, 'Соколов Александр Сергеевич', '2022-04-15 16:49:24', 'нет', 'Тимошин Н. М., Шкурбало В. М.', NULL, NULL, NULL),
(168, 'Отношение', '8 ноября 1913 г.', '8 ноября 1913 г.', 'Петрозаводск', 'Петрозаводск', 'Отношение Олонецкого губернского попечительства детских приютов в Петрозаводскую учительскую семинарию об избрании учителя пения семинарии А. П. Максимова почетным старшиной Николаевского детского приюта', 163, 'Подлинник', 'Русский', 'Машинопись', 1, 'Соколов Александр Сергеевич', '2022-04-15 16:52:06', 'нет', 'Максимов А. П.', NULL, NULL, NULL),
(169, 'Приказ', '1974 г.', '7 марта 1974 г.', 'Карельская АССР', 'Петрозаводск', 'Приказ Комитета по физической культуре и спорту при Совете Министров Карельской АССР об итогах чемпионата КАССР по хоккею с мячом', 164, 'Подлинник', 'Русский', 'Машинопись', 1, 'Соколов Александр Сергеевич', '2022-04-15 16:54:29', 'Первое место - ОТЗ, второе место - Кондопожский район, третье место - ХК \"Автомобилист\". Участвовали также Питкярантский, Суоярвский районы.', 'нет', NULL, NULL, NULL),
(170, 'Характеристика', '1989 г.', '1989 г.', 'Петрозаводск', 'Петрозаводск', 'Характеристика на старшего тренера-преподавателя отделения настольного тенниса ДЮСШ-4 г. Петрозаводска Владимира Николаевича Богданова', 165, 'Подлинник', 'Русский', 'Машинопись', 1, 'Соколов Александр Сергеевич', '2022-04-18 09:57:14', 'нет', 'Богданов В. Н.', NULL, NULL, NULL),
(171, 'Приказ', '11-12 марта 1994 г.', '15 марта 1994 г.', 'Республика Карелия', 'Петрозаводск', 'Приказ Государственного комитета Республики Карелия по физической культуре и спорту об итогах чемпионата Карелии по хоккею', 166, 'Подлинник', 'Русский', 'Машинопись', 1, 'Соколов Александр Сергеевич', '2022-04-18 09:59:58', 'Первое место завоевал ХК \"Пульс\" (Петрозаводск), второе - ХК \"Горняк\" (Костомукша).', 'нет', NULL, NULL, NULL),
(172, 'Удостоверение', '1894 г.', '29 октября 1893 г.', 'Петрозаводский уезд', 'Петрозаводск', 'Удостоверение Петрозаводской уездной земской управы доверенному полковника Лачинова крестьянина д. Сулажгоры Г. Н. Маркову о том, что лесопильный завод в Лижме в 1894 г. не действовал', 167, 'Подлинник', 'Русский', 'Рукопись', 1, 'Соколов Александр Сергеевич', '2022-04-18 10:54:02', 'нет', 'Лачинов, Марков Г. Н.', NULL, NULL, NULL),
(173, 'Удостоверение', '1893 г.', '15 марта 1894 г.', 'Вытегра', 'Вытегра', 'Удостоверение Вытегорской городской управы купцу Павлу Игнатьевичу Базегскому об оценке принадлежащего ему кожевенного завода в г. Вытегре', 168, 'Подлинник', 'Русский', 'Рукопись', 1, 'Соколов Александр Сергеевич', '2022-04-18 10:58:49', 'нет', 'Базегский П. И.', NULL, NULL, NULL),
(174, 'Протокол', '1941 г.', '5 августа 1946 г.', 'Карело-Финская ССР', 'Петрозаводск', 'Выписка из протокола заседания комиссии по назначению персональных пенсий при Совете Министров Карело-Финской ССР о назначении пенсии сыну председателя Кондопожского городского совета Гаврилова петра Ивановича, направленного 28 июля 1941 г. в партизанский отряд \"Большевик\" и погибшего в бою с врагом', 169, 'Подлинник', 'Русский', 'Рукопись', 1, 'Соколов Александр Сергеевич', '2022-04-18 12:21:29', 'нет', 'Гаврилов П. И.', NULL, NULL, NULL),
(175, 'Уведомление', '8 апреля 1905 г.', '8 апреля 1905 г.', 'Петрозаводск', 'Петрозаводск', 'Уведомление Директора народных училищ Олонецкой губернии Г. Попова во Врачебное отделение Олонецкого губернского правления о назначении на должность безвозмездного врача Петрозаводского женского двухклассного приходского училища Марии Торшиловой', 170, 'Подлинник', 'Русский', 'Машинопись', 1, 'Соколов Александр Сергеевич', '2022-04-18 12:28:58', 'нет', 'Торшилова М.', NULL, NULL, NULL),
(176, 'Представление', '23 мая 1985 г.', '23 мая 1985 г.', 'Петрозаводск', 'Петрозаводск', 'Представление на звание мастера спорта биатлонистки (инструктора-методиста) ДОСААФ Валентины Михайловны Шкурбало', 171, 'Подлинник', 'Русский', 'Машинопись', 1, 'Соколов Александр Сергеевич', '2022-04-18 12:55:51', 'нет', 'Шкурбало В. М.', NULL, NULL, NULL),
(177, 'Отношение', '1897 г.', '19 июля 1897 г.', 'Болгария, Пудожский уезд', 'Санкт-Петербург', 'Отношение Азиатского департамента Министерства внутренних дел олонецкому губернатору о прошении земского начальника 1-ого участка Пудожского уезда Небольсина о взыскании денег с болгарского правительства', 172, 'Подлинник', 'Русский', 'Рукопись', 1, 'Соколов Александр Сергеевич', '2022-04-18 15:18:49', 'Небольсин служил 5 лет начальником прокурорского отделения Министерства юстиции Болгарии и юрисконсультом Софийского городского совета.', 'Небольсин', NULL, NULL, NULL),
(178, 'Предложение', '1791 г.', '20 мая 1791 г.', 'Олонецкое наместничество', 'Петрозаводск', 'Предложение олонецкого и архангельского губернатора Т. И. Тутолмина Олонецкой казенной палате о выражении благодарности советнику Постельникову за наблюдение за строительством 3 плавучих батарей на реке Муромле и сопровождении их по реке Свирь до Ладожского озера', 173, 'Подлинник', 'Русский', 'Рукопись', 1, 'Соколов Александр Сергеевич', '2022-04-18 16:52:18', 'нет', 'Тутолмин Т. И., Постельников', NULL, NULL, NULL),
(179, 'Отношение', '1919 г.', '20 августа 1919 г.', 'Петрозаводск', 'Петрозаводск', 'Отношение благочинного 1-ого благочиннического округа Олонецкой епархии в Петрозаводский городской совет о переносе часовни около сгоревших казарм на участок Неглинского кладбища', 174, 'Подлинник', 'Русский', 'Рукопись', 1, 'Соколов Александр Сергеевич', '2022-04-18 17:26:56', 'нет', 'нет', NULL, NULL, NULL),
(180, 'Техническое описание', '14 мая 1919 г.', '14 мая 1919 г.', 'Олонецкая губерния', 'Петрозаводск', 'Техническое описание паровой шхуны \"Соломинка\" Правительственного правления лесопильных заводов Олонецкой губернии', 175, 'Подлинник', 'Русский', 'Машинопись', 1, 'Соколов Александр Сергеевич', '2022-04-19 15:52:45', 'нет', 'нет', NULL, NULL, NULL),
(181, 'Отношение', '24 марта 1834 г.', '24 марта 1834 г.', 'Вытегра', 'Санкт-Петербург', 'Отношение директора Управления путей сообщения и публичных зданий И. И. Цвиллинга олонецкому губернатору об установлении секретного надзора за членами Вытегорского экономического комитета, подозреваемыми в злоупотреблениях', 176, 'Подлинник', 'Русский', 'Рукопись', 1, 'Соколов Александр Сергеевич', '2022-04-19 16:01:47', 'нет', 'Цвиллинг И. И.', NULL, NULL, NULL),
(182, 'Рапорт', '1896 г.', '26 июля 1896 г.', 'Каргополь', 'Каргополь', 'Рапорт каргопольского уездного исправника олонецкому губернатору о прибытии в г. Каргополь парового катера \"Шутка\", принадлежащего 2-ому участку Управления по сооружению Вологодско-Архангельской железной дороги для перевозки материалов по озеру Лаче и реке Онеге', 177, 'Подлинник', 'Русский', 'Рукопись', 1, 'Соколов Александр Сергеевич', '2022-04-19 16:27:14', 'нет', 'нет', NULL, NULL, NULL),
(183, 'Постановление', '1931 г.', '10 июля 1931 г.', 'Кондопожский район', 'Петрозаводск', 'Постановление Совета Народных Комиссаров Автономной Карельской АССР о вхождении Бородинской биологической станции в сеть методологических станций Гидрометеорологического комитета при СНК СССР', 178, 'Подлинник', 'Русский', 'Машинопись', 1, 'Соколов Александр Сергеевич', '2022-04-19 16:34:42', 'нет', 'нет', NULL, NULL, NULL),
(184, 'Постановление', '11 мая 1931 г.', '11 мая 1931 г.', 'Армения, Автономная Карельская ССР', 'Петрозаводск', 'Постановление Совета Народных Комиссаров Автономной Карельской ССР об оказании помощи ССР Армения, пострадавшей от землетрясения', 179, 'Подлинник', 'Русский', 'Машинопись', 1, 'Соколов Александр Сергеевич', '2022-04-19 16:42:31', 'нет', 'нет', NULL, NULL, NULL),
(185, 'Постановление', '16 мая 1931 г.', '16 мая 1931 г.', 'Петрозаводск', 'Петрозаводск', 'Постановление Совета Народных Комиссаров Автономной Карельской ССР об утверждении проекта положения о Карельском отделении государственного океанографического института', 180, 'Подлинник', 'Русский', 'Машинопись', 1, 'Соколов Александр Сергеевич', '2022-04-20 09:15:09', 'нет', 'нет', NULL, NULL, NULL),
(186, 'Журнал', '1910 г.', '1910 г.', 'Кавайно, Олонецкий уезд', 'Кавайно, Олонецкий уезд', 'Журналы общего собрания членов Кавайнского образовательного общества', 181, 'Подлинник', 'Русский', 'Рукопись', 1, 'Соколов Александр Сергеевич', '2022-04-20 09:30:35', 'Кавайнское образовательное общество открыто в октябре 1909 г.', 'нет', NULL, NULL, NULL),
(187, 'Письмо', '29 мая 1969 г.', '29 мая 1969 г.', 'Кондопога, Карельская АССР', 'Петрозаводск', 'Письмо членов Союза архитекторов СССР в Министерство культуры СССР с возражениями против переноса Кондопожской Успенской церкви в музей-заповедник Кижи', 182, 'Подлинник', 'Русский', 'Машинопись', 1, 'Соколов Александр Сергеевич', '2022-04-20 09:52:55', 'нет', 'нет', NULL, NULL, NULL),
(188, 'Справка', '1964 г.', '24 ноября 1964 г.', 'Карельская АССР', 'Петрозаводск', 'Справка организационно-инструкторского отдела Совета Министров Карельской АССР в Совет Министров Карельской АССР о состоянии трудоустройства, жилищно-бытовых и культурных условий цыган Карельской АССР', 183, 'Подлинник', 'Русский', 'Машинопись', 1, 'Соколов Александр Сергеевич', '2022-04-20 09:57:38', 'нет', 'нет', NULL, NULL, NULL),
(189, 'Рапорт', '1886 г.', '1 августа 1886 г.', 'Шуньга, Повенецкий уезд', 'Повенец', 'Рапорт станового пристава 1 стана Повенецкого уезда олонецкому губернатору о взятии профессором горного института Александровым образцов пород антрацита в с. Шуньге для исследования', 184, 'Подлинник', 'Русский', 'Рукопись', 1, 'Соколов Александр Сергеевич', '2022-04-20 17:06:28', 'нет', 'Александров', NULL, NULL, NULL),
(190, 'Протокол', '15 мая 1937 г.', '15 мая 1937 г.', 'Петрозаводск', 'Петрозаводск', 'Протокол отборочной комиссии в школу французской борьбы и бокса в г. Петрозаводске', 185, 'Подлинник', 'Русский', 'Машинопись', 1, 'Соколов Александр Сергеевич', '2022-04-20 17:12:11', 'В том числе принят Петр Григорьевич Ятцеров.', 'Ятцеров П. Г.', NULL, NULL, NULL),
(191, 'Ордер', '5 августа 1793 г.', '5 августа 1793 г.', 'Олонецкое наместничество', 'Архангельск', 'Ордер генерал-майор архангельского обер-коменданта Ивана Болотникова адъютанту Олонецкого егерского батальона Шубникову об отставке', 186, 'Подлинник', 'Русский', 'Рукопись', 1, 'Соколов Александр Сергеевич', '2022-04-20 17:17:11', 'нет', 'Болотников И. М., Шубников', NULL, NULL, NULL),
(192, 'Устав', '1896 г.', '1896 г.', 'Шуя, Петрозаводский уезд', 'Петрозаводск', 'Устав Шуйской библиотеки в память коронации императора Николая Александровича и императирицы Александры Федоровны', 187, 'Копия', 'Русский', 'Рукопись', 1, 'Соколов Александр Сергеевич', '2022-04-21 09:15:18', 'нет', 'нет', NULL, NULL, NULL),
(193, 'Приказ', '1973 г.', '30 марта 1973 г.', 'Российская Советская Федеративная Социалистическая Республика', 'Петрозаводск', 'Приказ Комитета по спорту и туризму при Совете Министров Карельской АССР об участии хоккейной команды ДСО \"Водник\" в первенстве РСФСР', 188, 'Подлинник', 'Русский', 'Машинопись', 1, 'Соколов Александр Сергеевич', '2022-04-21 09:17:33', 'нет', 'нет', NULL, NULL, NULL),
(194, 'Обращение', '1918 г.', '19 апреля 1918 г.', 'Олонецкая губерния', 'Петрозаводск', 'Обращение комиссара Красного Креста и беженцев при Олонецком губернском совете Е. К. Смоликовой в исполком Олонецкого губернского совета о помощи беженцам из Украины, Польши, Литвы и других стран', 189, 'Подлинник', 'Русский', 'Машинопись', 1, 'Соколов Александр Сергеевич', '2022-04-21 09:30:28', 'нет', 'Смоликова Е. К.', NULL, NULL, NULL),
(195, 'Приказ', '18 ноября 1954 г.', '18 ноября 1954 г.', 'карело', 'Петрозаводск', 'Приказ председателя Комитета по физической культуре и спорту при Совете Министров Карело-Финской ССР о введении республиканской книги почета', 190, 'Подлинник', 'Русский', 'Машинопись', 1, 'Соколов Александр Сергеевич', '2022-04-21 09:51:11', 'нет', 'нет', NULL, NULL, NULL),
(196, 'Доклад', '8 октября 1941 г.', '8 октября 1941 г.', 'Карело-Финская ССР', 'Беломорск', 'Доклад начальника штаба МПВО Карело-Финской ССР начальнику МПВО СССР о формировании двух партизанских отрядов и гибелт 4 человек в результате бомбежки эшелона', 191, 'Подлинник', 'Русский', 'Машинопись', 1, 'Соколов Александр Сергеевич', '2022-04-21 11:07:37', 'нет', 'нет', NULL, NULL, NULL),
(197, 'Заявление', '1873 г.', '10 сентября 1873 г.', 'Петрозаводск', 'Петрозаводск', 'Заявление члена строительного комитета по постройке кафедрального собора в г. Петрозаводске Трофима Афанасьевича Звероловлева императору по вопросу взыскания с крестьянина д. Тивдии Федора Егоровича Июдина денег за работу по устройству гранитного цоколя собора', 192, 'Копия', 'Русский', 'Рукопись', 1, 'Соколов Александр Сергеевич', '2022-04-21 11:16:40', 'нет', 'Звероловлев Т. А., Июдин Ф. Е.', NULL, NULL, NULL),
(198, 'Представление', '16 мая 1962 г.', '16 мая 1962 г.', 'Карело-Финская ССР, Карельская АССР', 'Петрозаводск', 'Представление заместителя председателя Совета Министров Карельской АССР А. Ястребова в Президиум Верховного Совета Карельской АССР о награждении Михаила Ивановича Гручина', 193, 'Подлинник', 'Русский', 'Машинопись', 1, 'Соколов Александр Сергеевич', '2022-04-21 11:33:28', 'Михаил Иванович Гручин родился 5 июня 1912 г. в с. Кандалакше. В 1956 г. он окончил Высшую партийную школу при ЦК КПСС.\r\nВ 1931 г. окончил Кемскую рыбацко-промышленную профтехническую школу. Работал секретарем комитета строительства химкомбината, заведующим орготделом Кандалакшского райкома КПСС. С 1934 по 1936 гг. - служил на Военно-морском флоте, после - начальник школю юнг Министерства рыбной промышленности Карело-Финской ССР. В 1949 г. - инструктор политотдела Беломорско-Онежского пароходства. С 1956 г. - председатель исполкома Сегозерского, затем Кемского районных советов.', 'Ястребов А., Гручин М. И.', NULL, NULL, NULL),
(199, 'Отношение', '1876 г.', '13 апреля 1876 г.', 'Олонец, Симферополь', 'Симферополь', 'Отношение Таврической казенной палаты олонецкому губернатору о выплате денег за проезд судебного следователя 2-ого участка Олонецкого уезда Винарского прогонов за 2203 верст от г. Симферополя до г. Олонца', 194, 'Подлинник', 'Русский', 'Рукопись', 1, 'Соколов Александр Сергеевич', '2022-04-21 11:57:54', 'нет', 'Вилларский', NULL, NULL, NULL),
(200, 'Акт', '4 марта 1867 г.', '4 марта 1867 г.', 'Петрозаводск', 'Петрозаводск', 'Акт комиссии по освидетельствованию бассейна Александровского завода в г. Петрозаводске', 195, 'Подлинник', 'Русский', 'Рукопись', 1, 'Соколов Александр Сергеевич', '2022-04-21 12:14:27', 'нет', 'нет', NULL, NULL, NULL),
(201, 'Ведомость', '1854 г.', '1854 г.', 'Петрозаводский уезд', 'Петрозаводск', 'Ведомость Олонецкого горного правления об употребленных материалах и проведенных работах по устройству плотины при озере Гурбич за 1954 г.', 196, 'Подлинник', 'Русский', 'Рукопись', 1, 'Соколов Александр Сергеевич', '2022-04-21 12:15:57', 'нет', 'нет', NULL, NULL, NULL),
(202, 'Журнал', 'Август 1804 г.', '23 августа 1804 г.', 'Намоево, Шуйская волость, Петрозаводский уезд', 'Петрозаводск', 'Запись в журнале исходящих документов олонецкого губернатора В. Ф. Мертенса о сгоревшей часовне во имя пророка Илии в д. Намоево Шуйской волости', 197, 'Подлинник', 'Русский', 'Рукопись', 1, 'Соколов Александр Сергеевич', '2022-04-21 12:18:44', 'нет', 'Мертенс В. Ф.', NULL, NULL, NULL),
(203, 'Отношение', '28 июня 1918 г.', '28 июня 1918 г.', 'Петрозаводск', 'Петрозаводск', 'Отношение шведского подданного Карла Иогансона в Петрозаводское казначейство о перечислении денег со сберкнижки в уплату налога', 198, 'Подлинник', 'Русский', 'Рукопись', 1, 'Соколов Александр Сергеевич', '2022-04-21 12:22:18', 'нет', 'Иогансон К.', NULL, NULL, NULL),
(204, 'Отношение', '1903 г.', '1 сентября 1903 г.', 'Пудожский уезд', 'Петрозаводск', 'Отношение Олонецкой духовной консистории прокурора Петрозаводского окружного суда об уплате кормовых денег за содержащегося в Муромском монастыре осужденного двенадцатилетнего мальчика Андрея Павловского', 199, 'Подлинник', 'Русский', 'Рукопись', 1, 'Соколов Александр Сергеевич', '2022-04-21 12:25:31', 'нет', 'Павловский А.', NULL, NULL, NULL),
(205, 'Отношение', '1829 г.', '22 апреля 1829 г.', 'Олонецкая губерния', 'Санкт-Петербург', 'Отношение сенатора Д. О. Баранова олонецкому губернатору о награждении крестьянина помещицы Качаловой Лодейнопольского уезда Николая Андреева кафтаном за содействие в раскрытии злоупотреблений по лесной части', 200, 'Подлинник', 'Русский', 'Рукопись', 1, 'Соколов Александр Сергеевич', '2022-04-21 12:29:44', 'нет', 'Баранов Д. О., Андреев Н.', NULL, NULL, NULL),
(206, 'Отношение', '26 августа 1919 г.', '26 августа 1919 г.', 'Петрозаводский уезд', 'Петрозаводск', 'Отношение командира портобазы Онежской военной флотилии в Правительственное правление заводов Олонецкой губернии о приведении в порядок электростанции ', 201, 'Подлинник', 'Русский', 'Машинопись', 1, 'Соколов Александр Сергеевич', '2022-04-21 12:39:36', 'нет', 'нет', NULL, NULL, NULL),
(207, 'Отношение', '17 декабря 1919 г.', '17 декабря 1919 г.', 'Петрозаводск', 'Петрозаводск', 'Отношение начальника гидроавиаотряда Морского воздушного дивизиона особого назначения Л. В. Ковалевского в Правительственное правление лесопильных заводов Олонецкой губернии о выдачи сбруи и саней со складов Громова и К', 202, 'Подлинник', 'Русский', 'Рукопись', 1, 'Соколов Александр Сергеевич', '2022-04-21 16:10:26', 'нет', 'Ковалевский Л. В.', NULL, NULL, NULL),
(208, 'Справка', '1921 г.', '13 июля 1921 г.', 'Карельская Трудовая Коммуна, Олонецкая губерния', 'Петрозаводск', 'Справка Карельско-Олонецкого агентства Центропечати об издаваемых в Олонецкой губернии и Карельской Трудовой Коммуне газетах и журналах', 203, 'Подлинник', 'Русский', 'Рукопись', 1, 'Соколов Александр Сергеевич', '2022-04-21 16:28:10', 'Вытегра - газеты \"РОСТА\", \"Трудовое слово\", журналы \"Мирское слово\", \"Юный молот\", Повенец - \"Голов повенчанина\", Пудож - газета \"РОСТА\", и \"Звезда Пудожа\", Лодейное Поле - газета \"РОСТА\", Петрозаводск - газета \"РОСТА\", \"Коммуна\", журналы \"Экономический вестник\", \"Вестник Карельско-Олонецкого комитета РКП(б)\", \"В поисках новых путей просвещения\", Олонец - газета \"РОСТА\", Кемь - \"Карельская правда\".', 'нет', NULL, NULL, NULL),
(209, 'Отчет', '1 мая - 1 августа 1926 г.', '1926 г.', 'Петрозаводск', 'Петрозаводск', 'Отчет заведующего профсоюзным бюро Союза совторгслужащих В. Венустова о работе Первого объединенного физкультурного кружка Совторгпроса с 1 мая по 1 августа 1926 г.', 204, 'Подлинник', 'Русский', 'Рукопись', 1, 'Соколов Александр Сергеевич', '2022-04-21 17:16:18', 'Ячейка \"Спартака\" организована в первых числах мая 1926 г. - союз рабпроса слился с союзом совторгслужащих в конце мая. После слияния с кружком водников ячейка \"Спартак-Совпрос\", после 1-ый объединенный физкульткружок Совторгпроса. Работала площадка в саду КарЦИКа, волейбольная, баскетбольная, крокетная и рюшечная подсекции, водная секция - плавание, гребля, парусный спорт.', 'Венустов В.', NULL, NULL, NULL),
(210, 'Характеристика', '1965 г.', '18 июня 1965 г.', 'Карельская АССР', 'Петрозаводск', 'Производственная характеристика начальника Беломорско-Онежского пароходства В. Л. Успенского на главного инженера пароходства Варлена Николаевича Нарина', 205, 'Подлинник', 'Русский', 'Машинопись', 1, 'Соколов Александр Сергеевич', '2022-04-21 17:47:14', 'нет', 'Успенский В. Л., Нарин В. Н.', NULL, NULL, NULL),
(211, 'Заявление', '8 мая 1926 г.', '8 мая 1926 г.', 'Петрозаводск', 'Петрозаводск', 'Заявление Л. П. Чудинова о приеме его в состав спортивного кружка совторгслужащих \"Спартак\" в г. Петрозаводске', 206, 'Подлинник', 'Русский', 'Рукопись', 1, 'Соколов Александр Сергеевич', '2022-04-22 14:48:39', 'нет', 'Чудинов Л. П.', NULL, NULL, NULL),
(212, 'Удостоверение', 'Август 1941 г.', '27 августа 1941 г.', 'Карело-Финская ССР', 'Карело-Финская ССР', 'Удостоверение НКВД Карело-Финской ССР о гибели политрука 3-его взвода Петрозаводского истребительного батальона Ивана Петровича Большакова', 207, 'Подлинник', 'Русский', 'Рукопись', 1, 'Соколов Александр Сергеевич', '2022-04-22 15:08:41', 'нет', 'Большаков И. П.', NULL, NULL, NULL),
(213, 'Справка', 'Не ранее сентября 1941 г. - не позднее ноября 1941 г.', '24 ноября 1941 г.', 'Карело-Финская ССР', 'Карело-Финская ССР', 'Справка Совета Народных Комиссаров Карело-Финской ССР о гибели командира взвода партизанского отряда имени Чапаева Алексея Федоровича Кузьмина', 208, 'Подлинник', 'Русский', 'Машинопись', 1, 'Соколов Александр Сергеевич', '2022-04-22 15:27:51', 'нет', 'Кузьмин А. Ф.', NULL, NULL, NULL),
(214, 'Отношение', '1895 г.', '14 октября 1895 г.', 'Петрозаводск', 'Петрозаводск', 'Отношение Олонецкого губернского правления в Департамент общих дел Министерства внутренних дел о неимении препятствий к назначению старшего чиновника особых поручений Александра Гарязина на должность почетного смотрителя Петрозаводского ремесленного училища', 209, 'Отпуск', 'Русский', 'Рукопись', 1, 'Соколов Александр Сергеевич', '2022-04-22 15:38:20', 'нет', 'Гарязин А. Л.', NULL, NULL, NULL),
(215, 'Свидетельство', '7 декабря 1945 г.', '7 декабря 1945 г.', 'Петрозаводск', 'Петрозаводск', 'Свидетельство Антонины Николаевны Сотиковой об окончании шестимесячных юридических курсов Народного комиссариата юстиции Карело-Финской ССР по подготовке народных судей и нотариусов', 210, 'Подлинник', 'Русский', 'Машинопись', 1, 'Соколов Александр Сергеевич', '2022-04-22 16:42:04', 'нет', 'Сотикова А. Н.', NULL, NULL, NULL),
(216, 'Журнал', '9 февраля 1916 г.', '9 февраля 1916 г.', 'Олонец', 'Петрозаводск', 'Журнал второго отделения Олонецкого губернского правления об обнаружении у домашнего учителя К. А. Чертова незаконных запасов вина и пива', 211, 'Подлинник', 'Русский', 'Машинопись', 1, 'Соколов Александр Сергеевич', '2022-04-25 14:16:22', 'нет', 'Чертов К. А.', NULL, NULL, NULL),
(217, 'Доклад', '12 августа 1918 г.', '12 августа 1918 г.', 'Ошта', 'Лодейное Поле', 'Доклад Лодейнопольского уездного совета народного хозяйства в Олонецкий губернский Совет народного хозяйства об организации в с. Ошта Кобринской сельскохозяйственной коммуны и реорганизаии Оштинского общества сельского хозяйства', 212, 'Подлинник', 'Русский', 'Рукопись', 1, 'Соколов Александр Сергеевич', '2022-04-25 14:22:59', 'нет', 'нет', NULL, NULL, NULL),
(218, 'Письмо', '1914 г.', '16 июня 1914 г.', 'Петрозаводский уезд', 'Петрозаводский уезд', 'Письмо студента императорского лесного института Федора Дингельштедта, командированного для почвенно-ботанических исследований, петрозаводскому уездного исправнику о разрешении приобретения азотной кислоты для исследований', 213, 'Подлинник', 'Русский', 'Рукопись', 1, 'Соколов Александр Сергеевич', '2022-04-25 14:30:15', 'нет', 'Дингельштедт Ф.', NULL, NULL, NULL),
(219, 'Отношение', '31 октября 1895 г.', '31 октября 1895 г.', 'Петрозаводск', 'Петрозаводск', 'Отношение старшего чиновника особых поручений при олонецком губернаторе А. Л. Гарязина олонецкому вице-губернатору об ошибочной публикации статьи о деле мещанина Луппова со сведениями о результатах досудебного дознания', 214, 'Подлинник', 'Русский', 'Рукопись', 1, 'Соколов Александр Сергеевич', '2022-04-25 14:41:44', 'нет', 'Гарязин А. Л.', NULL, NULL, NULL),
(220, 'Распоряжение', '1862 г.', '31 мая 1862 г.', 'Петрозаводский уезд', 'Петрозаводский уезд', 'Распоряжение Олонецкой палаты государственных имуществ Белогорскому отдельному сельскому обществу о передаче мебели и другого имущества бывшего управления Тивдийских мраморных ломок Белогорскому правлению', 215, 'Подлинник', 'Русский', 'Рукопись', 1, 'Соколов Александр Сергеевич', '2022-04-25 14:55:30', 'нет', 'нет', NULL, NULL, NULL),
(221, 'Инструкция', '1925 г.', '1925 г.', 'Ялгуба, Петрозаводский уезд', 'Ялгуба, Петрозаводский уезд', 'Инструкция о производстве работ на Ялгубском опытном поле и схема поля', 216, 'Копия', 'Русский', 'Рукопись', 1, 'Соколов Александр Сергеевич', '2022-04-25 16:19:14', 'нет', 'нет', NULL, NULL, NULL),
(222, 'Послужной список', '1789 г.', '1789 г.', 'Юшкозеро', 'Юшкозеро', 'Послужной список чинов Юшкозерской пограничной таможенной заставы', 217, 'Подлинник', 'Русский', 'Рукопись', 1, 'Соколов Александр Сергеевич', '2022-04-25 16:21:03', 'Начальник - Цолнер Федор Федорович, канцелярист Феофан Федоров.', 'Цолнер Ф. Ф., Федоров Ф.', NULL, NULL, NULL),
(223, 'Инструкция', '1922 г.', '1922 г.', 'Российская Советская Федеративная Социалистическая Республика', 'Москва', 'Инструкция Народного комиссариата здравоохранения РСФСР по ситреблению крыс', 218, 'Копия', 'Русский', 'Машинопись', 1, 'Соколов Александр Сергеевич', '2022-04-25 16:47:10', 'нет', 'нет', NULL, NULL, NULL),
(224, 'Удостоверение', '19 ноября 1927 г.', '19 ноября 1927 г.', 'Петрозаводский уезд, Кемский уезд, Паданский уезд', 'Петрозаводск', 'Удостоверение Народного комиссариата просвещения Автономной Карельской ССР о командировании художницы Маковской Н. А. в Петрозаводский, Паданский и Кемский уезды для регистрации памятников старины', 219, 'Отпуск', 'Русский', 'Машинопись', 1, 'Соколов Александр Сергеевич', '2022-04-25 16:50:44', 'нет', 'Маковская Н. А.', NULL, NULL, NULL),
(225, 'Ходатайство', '28 декабря 1955 г.', '28 декабря 1955 г.', 'Петрозаводск', 'Петрозаводск', 'Ходатайство директора 8-ой средней школы г. Петрозаводска в исполнительный комитет Петрозаводского городского совета о присвоении звания заслуженного учителя Карело-Финской ССР Екатерине Казимировне Жилинской', 220, 'Подлинник', 'Русский', 'Машинопись', 1, 'Соколов Александр Сергеевич', '2022-04-25 16:54:00', 'Во время Великой Отечественной войны потеряла двух сыновей - сгорели в танке.', 'Жилинская Е. К.', NULL, NULL, NULL),
(226, 'Протокол', '13 сентября 1926 г.', '13 сентября 1926 г.', 'Сорока', 'Сорока', 'Протокол товарищеского футбольного матча станция Сорокская - сборная станций Лоухи-Боярская', 221, 'Копия', 'Русский', 'Рукопись', 1, 'Соколов Александр Сергеевич', '2022-04-26 10:36:35', 'нет', 'нет', NULL, NULL, NULL),
(227, 'Протокол', '1882 г.', '16 июня 1882 г.', 'Мурманско-Колонистская волость, Александровский уезд, Архангельская губерния', 'Мурманско-Колонистская волость, Александровский уезд, Архангельская губерния', 'Протокол кандидата волостного старшины Мурманско-Колонистской волости А. Шершеда о продаже норверщами кита колонисту Людвигу Фридриксену', 222, 'Подлинник', 'Русский', 'Рукопись', 1, 'Соколов Александр Сергеевич', '2022-04-26 11:03:48', 'нет', 'Шершед А., Фридриксен Л.', NULL, NULL, NULL),
(228, 'Список', '1867 г.', '1867 г.', 'Киберг, Норвегия', 'Кемь', 'Список онежских и кемских судовладельцев, оставивших без помощи больных мальчиков в норвежском городе Киберге', 223, 'Подлинник', 'Русский', 'Рукопись', 1, 'Соколов Александр Сергеевич', '2022-04-26 11:29:45', 'Мальчики служили у них на судах, имеется список мальчиков.', 'нет', NULL, NULL, NULL),
(229, 'Справка', '1984 г.', '1984 г.', 'Карельская АССР', 'Петрозаводск', 'Справка инспектора по кадрам Петрозаводского филиала Ленинградской областной государственной консерватории Н. Ф, Пилко о трудовой деятельности и. о. профессора Краснослава Фелициановича Зубравского', 224, 'Подлинник', 'Русский', 'Машинопись', 1, 'Соколов Александр Сергеевич', '2022-04-26 11:33:45', 'нет', 'Пилко Н. Ф., Зубравский К. Ф.', NULL, NULL, NULL),
(230, 'Справка', '10 марта 1972 г.', '10 марта 1972 г.', 'Петрозаводск', 'Петрозаводск', 'Справка о стаже заведующего постоянно действующими курсами по подготовке партийных и советских работников Карельской областной партийной организации КПСС Ивана Михайловича Июдина', 225, 'Подлинник', 'Русский', 'Машинопись', 1, 'Соколов Александр Сергеевич', '2022-04-26 11:51:08', 'нет', 'Июдин И. М.', NULL, NULL, NULL),
(231, 'Прошение', '7 апреля 1909 г.', '7 апреля 1909 г.', 'Петрозаводск', 'Петрозаводск', 'Прошение ссыльнокаторжного Ивана Павловича Чужинова, находящегося в петрозаводской тюрьме, олонецкому губернатору о разрешении опубликовать 40 стихов и 1 рассказ, написанные в тюрьме', 226, 'Подлинник', 'Русский', 'Рукопись', 1, 'Соколов Александр Сергеевич', '2022-04-26 12:01:20', 'нет', 'Чужинов И. П.', NULL, NULL, NULL),
(232, 'Приказ', 'Июль-август 1951 г.', '28 июля 1951 г.', 'Рига', 'Петрозаводск', 'Приказ Комитета по делам физкультуры и спорта при Совете Министров Карело-Финской ССР о командировании юношеской футбольной команды на первенство СССР в г. Ригу', 227, 'Подлинник', 'Русский', 'Машинопись', 1, 'Соколов Александр Сергеевич', '2022-04-26 12:18:20', 'нет', 'нет', NULL, NULL, NULL),
(233, 'Приказ', '1 сентября 1951 г.', '1 сентября 1951 г.', 'Союз Советских Социалистических Республик', 'Петрозаводск', 'Приказ Комитета по делам физкультуры и спорта при Совете Министров Карело-Финской ССР о командировании женской баскетбольной команды ДСО \"Медик\" на первенство СССР', 228, 'Подлинник', 'Русский', 'Машинопись', 1, 'Соколов Александр Сергеевич', '2022-04-26 12:20:45', 'нет', '\r\n', NULL, NULL, NULL),
(234, 'Удостоверение', '18 февраля 1927 г.', '18 февраля 1927 г.', 'Петрозаводск', 'Петрозаводск', 'Удостоверение заведующего Карельской широковещательной радиостанцией Евстафия Калиниковича Загонского', 229, 'Подлинник', 'Русский', 'Машинопись', 1, 'Соколов Александр Сергеевич', '2022-04-26 16:37:33', 'нет', 'Загонский Е. К.', NULL, NULL, NULL),
(235, 'Приказ', '18 ноября 1969 г.', '18 ноября 1969 г.', 'Карельская АССР', 'Петрозаводск', 'Приказ Комитета по делам физкультуры и спорта при Совете Министров Карельской АССР об итогах первенства Карельской АССР по хоккею с шайбой', 230, 'Подлинник', 'Русский', 'Машинопись', 1, 'Соколов Александр Сергеевич', '2022-04-26 17:09:09', 'Первое место - ХК Онежского тракторного завода, второе место - ДСО \"Локомотив\", третье место - ДСО \"Буревестник\".', 'нет', NULL, NULL, NULL),
(236, 'Приказ', '18 ноября 1969 г.', '18 ноября 1969 г.', 'Карельская АССР', 'Петрозаводск', 'Пркиаз Комитета по делам физкультуры и спорта при Совете Министров Карельской АССР об итогах первенства Карельской АССР по хоккею с шайбой', 230, 'Подлинник', 'Русский', 'Машинопись', 1, 'Соколов Александр Сергеевич', '2022-04-26 17:09:09', 'Первое место - ХК Онежского тракторного завода, второе место - ДСО \"Локомотив\", третье место - ДСО \"Буревестник\".', 'нет', NULL, NULL, NULL),
(237, 'Приказ', '1955 г.', '2 апреля 1955 г.', 'Карело-Финская ССР', 'Петрозаводск', 'Приказ Комитета по делам физкультуры и спорта при Совете Министров Карело-Финской ССР об итогах первенства КФССР по хоккею с шайбой', 231, 'Подлинник', 'Русский', 'Машинопись', 1, 'Соколов Александр Сергеевич', '2022-04-26 17:13:12', 'В первенстве участвовало 5 команд, СО \"Динамо\" (первое место), ДСО \"Красная Звезда\" (второе место), ДСО \"Наука\" (3 место), а также ДСО \"Локомотив\", ДФСО \"Спартак\".', 'нет', NULL, NULL, NULL),
(238, 'Квитанция', '21 августа 1914 г.', '21 августа 1914 г.', 'Олонецкая губерния', 'Олонецкая губерния', 'Квитанция Онежского пароходного общества на провоз груза и условия провоза клади', 232, 'Подлинник', 'Русский', 'Рукопись', 1, 'Соколов Александр Сергеевич', '2022-04-27 11:03:46', 'нет', 'нет', NULL, NULL, NULL),
(239, 'Постановление', '4 июля 1941 г.', '4 июля 1941 г.', 'Карело-Финская ССР', 'Петрозаводск', 'Постановление Совета Народных Комиссаров Карело-Финской ССР о назначении В. М. Зайцева заместителем народного комиссара зерновых и животноводческих совхозов КФССР', 233, 'Копия', 'Русский', 'Машинопись', 1, 'Соколов Александр Сергеевич', '2022-04-27 11:22:27', 'нет', 'Зайцев В. М.', NULL, NULL, NULL),
(240, 'Сведения', '12 мая 1922 г.', '12 мая 1922 г.', 'Карельская Трудовая Коммуна, Олонецкая губерния', 'Петрозаводск', 'Сведения об аптечных учреждениях Карельской Трудовой Коммуны ', 234, 'Подлинник', 'Русский', 'Рукопись', 1, 'Соколов Александр Сергеевич', '2022-04-27 11:30:52', 'нет', 'нет', NULL, NULL, NULL),
(241, 'Постановление', '3 июля 1941 г.', '3 июля 1941 г.', 'Петрозаводск, Ленинград', 'Петрозаводск', 'Постановление Совета Народных Комиссаров Карело-Финской ССР о принятии Ленинградского театра драмы и комедии в систему Управления по делам искусств при Совете Народных Комиссаров Карело-Финской ССР и слиянии его с Республиканским театром русской драмы в г. Петрозаводске', 235, 'Копия', 'Русский', 'Машинопись', 1, 'Соколов Александр Сергеевич', '2022-04-27 11:49:17', 'Художественный руководитель театра - П. П. Гайдебуров, директор театра - Г. С. Мнацаканов.', 'Гайдебуров П. П., Мнацаканов Г. С.', NULL, NULL, NULL),
(242, 'Бюллетень', '16 августа 1956 г.', '16 августа 1956 г.', 'Москва', 'Москва', 'Информационный бюллетень прессбюро Всесоюзной спартакиады народов', 236, 'Копия', 'Русский', 'Машинопись', 1, 'Соколов Александр Сергеевич', '2022-04-27 12:17:54', 'Освещены соревнования по футболу, в которых Карельская АССР заняла 14 место.', 'нет', NULL, NULL, NULL),
(243, 'Список', '5 октября 1918 г.', '5 октября 1918 г.', 'Кемь', 'Кемь', 'Список лошадей управления коменданта г. Кеми', 237, 'Подлинник', 'Русский', 'Рукопись', 1, 'Соколов Александр Сергеевич', '2022-04-27 12:26:57', 'Лошади носили клички Большевик, Совнарком, Совдеп, Колонтай, Депутат, Советская, Декрет, Крыленко, Митинг, Красноармеец, Дикий.', 'нет', NULL, NULL, NULL),
(244, 'Наградной лист', '1958 г.', '16 июля 1958 г.', 'Карельская АССР', 'Петрозаводск', 'Наградной лист на награждение Почетной грамотой Верховного Совета Карельской АССР капитана теплохода Сосновецкого технического участка Беломорско-Балтийского канала Ефима Олимпиевича Золотухина', 238, 'Подлинник', 'Русский', 'Машинопись', 1, 'Соколов Александр Сергеевич', '2022-04-27 12:31:53', 'Лучший капитан Беломорско-Онежского бассейна.', 'Золотухин Е. О.', NULL, NULL, NULL),
(245, 'Наградной лист', '16 июля 1958 г.', '16 июля 1958 г.', 'Карельская АССР', 'Петрозаводск', 'Наградной лист на награждение Почетной грамотой Верховного Совета Карельской АССР на начальника Онежского технического участка Беломорско-Балтийского канала Абросимова Петра Павловича', 239, 'Подлинник', 'Русский', 'Машинопись', 1, 'Соколов Александр Сергеевич', '2022-04-27 14:17:48', 'нет', 'Абросимов П. П.', NULL, NULL, NULL),
(246, 'Постановление', '7 мая 1930 г.', '7 мая 1930 г.', 'Петрозаводск', 'Петрозаводск', 'Постановление Совета Народных Комиссаров Автономной Карельской ССР о переименовании треста \"Автотранспорт\" в \"Карелавто\"', 240, 'Подлинник', 'Русский', 'Машинопись', 1, 'Соколов Александр Сергеевич', '2022-04-27 15:05:35', 'нет', 'нет', NULL, NULL, NULL),
(247, 'Постановление', '15 мая 1935 г.', '15 мая 1935 г.', 'Петрозаводск', 'Петрозаводск', 'Постановление Совета Народных Комиссаров Автономной Карельской ССР о передаче симфонического оркестра радиокомитета Дому национальной культуры', 241, 'Подлинник', 'Русский', 'Рукопись', 1, 'Соколов Александр Сергеевич', '2022-04-27 15:21:18', 'нет', 'нет', NULL, NULL, NULL),
(248, 'Заявка', '23 июня 1961 г.', '23 июня 1961 г.', 'Петрозаводск', 'Петрозаводск', 'Заявка капитана команды Онежского тракторного завода А. П. Кудряшова на участие в розыгрыше Первенства Онежского тракторного завода по хоккею с мячом', 242, 'Подлинник', 'Русский', 'Рукопись', 1, 'Соколов Александр Сергеевич', '2022-04-27 15:26:19', 'нет', 'Кудряшов А. П.', NULL, NULL, NULL),
(249, 'Автобиография', '1918-1968 гг.', '22 октября 1968 г.', 'Союз Советских Социалистических Республик', 'Петрозаводск', 'Автобиография полковника, организатора карельского спорта Евгения Сергеевича Сретенского', 243, 'Подлинник', 'Русский', 'Рукопись', 1, 'Соколов Александр Сергеевич', '2022-04-27 15:28:59', 'нет', 'Сретенский Е. С.', NULL, NULL, NULL),
(250, 'Протокол', '29 ноября 1943 г.', '29 ноября 1943 г.', 'Кемский район', 'Калгалакша', 'Протокол организационного собрания правления колхоза \"12-ая годовщина Октября\" в с. Калгалакша о выходе колхозников на поимку северных оленей', 244, 'Подлинник', 'Русский', 'Рукопись', 1, 'Соколов Александр Сергеевич', '2022-04-27 16:10:40', 'Цена за поимку 1 оленя составляла - 8 рублей, важенки с теленком 10 рублей.', 'нет', NULL, NULL, NULL),
(251, 'Докладная записка', '1942 г.', '18 августа 1942 г.', 'Кемь', 'Беломорск', 'Докладная записка начальника отдела местной промышленности Госплана Карело-Финской ССР М. Максимовой председателю Госплана КФССР Б. С. Альперовичу о работе Кемского обозного завода', 245, 'Подлинник', 'Русский', 'Машинопись', 1, 'Соколов Александр Сергеевич', '2022-04-28 16:46:47', 'нет', 'Максимова М., Альперович Б. С.', NULL, NULL, NULL),
(252, 'Акт', '10 июня 1911 г.', '10 июня 1911 г.', 'Петрозаводск', 'Петрозаводск', 'Акт осмотра мастерских Петрозаводского низшего технического училища, подписанный олонецким губернским инженером А. Ф. Беспальчевым', 246, 'Подлинник', 'Русский', 'Рукопись', 1, 'Соколов Александр Сергеевич', '2022-04-28 16:51:08', 'нет', 'Беспальчев А. Ф.', NULL, NULL, NULL),
(253, 'Акт', '6 июля 1911 г.', '6 июля 1911 г.', 'Петрозаводск', 'Петрозаводск', 'Акты осмотра помещений кинотеатров \"Сатурн\" и \"Ренессанс\" в г. Петрозаводске, подписанные олонецким губернским инженером А. Ф. Беспальчевым', 247, 'Подлинник', 'Русский', 'Рукопись', 1, 'Соколов Александр Сергеевич', '2022-04-28 16:53:50', 'нет', 'Беспальчев А. Ф.', NULL, NULL, NULL),
(254, 'Ведомость', '1888 г.', '1888 г.', 'Лодейное Поле', 'Лодейное Поле', 'Из ведомости о лицах, состоящих под надзором полиции и высланных в г. Лодейное Поле - об уроженце Минской губернии Александре Александровиче Блоке', 248, 'Подлинник', 'Русский', 'Рукопись', 1, 'Соколов Александр Сергеевич', '2022-04-28 16:55:12', 'Возраст - 54 года.', 'Блок А. А.', NULL, NULL, NULL),
(255, 'Список', '1892 г.', '1892 г.', 'Олонецкая губерния', 'Петрозаводск', 'Из списка лиц, находящихся под надзором полиции в Олонецкой губернии - бывшый мещанин Перец Янкелевич Холодный', 249, 'Подлинник', 'Русский', 'Рукопись', 1, 'Соколов Александр Сергеевич', '2022-04-28 16:57:35', 'Возраст - 56 лет.', 'Холодный П. Я.', NULL, NULL, NULL),
(256, 'Формулярный список', '1918 г.', '1918 г.', 'Петрозаводск', 'Петрозаводск', 'Формулярный список о службе заведующего радиостанцией в г. Петрозаводске Евстафия Калинниковича Загонского', 250, 'Подлинник', 'Русский', 'Машинопись', 1, 'Соколов Александр Сергеевич', '2022-04-28 17:00:14', 'нет', 'Загонский Е. К.', NULL, NULL, NULL),
(257, 'Протокол', '22 апреля 1921 г.', '22 апреля 1921 г.', 'Петрозаводск', 'Петрозаводск', 'Протокол пленума заседания Карельского областного исполнительного комитета о рапределении жилищ в г. Петрозаводске в связи с уходом 127-ой бригады', 251, 'Подлинник', 'Русский', 'Машинопись', 1, 'Соколов Александр Сергеевич', '2022-04-28 17:02:19', 'Для прибывающих эмигрантов из америки предоставить флигель при Советской гостинице - дом Леви. Внести вопрос о слиянии лазаретов исправдома и концлагеря.', 'Леви', NULL, NULL, NULL),
(258, 'Протокол', '11 октября 1920 г.', '11 октября 1920 г.', 'Петрозаводск', 'Петрозаводск', 'Протокол заседания Карельского ревкома об утверждении Петра Ильича Кацеблина заведующим карательным подотделом', 252, 'Подлинник', 'Русский', 'Машинопись', 1, 'Соколов Александр Сергеевич', '2022-04-28 17:42:42', 'нет', 'Кацеблин П. И.', NULL, NULL, NULL),
(259, 'Постановление', '6 марта 1970 г.', '6 марта 1970 г.', 'Карельская АССР', 'Петрозаводск', 'Постановление Совета Министров Карельской АССР об организации общества спасания на водах (ОСВОД) в Карельской АССР', 253, 'Подлинник', 'Русский', 'Машинопись', 1, 'Соколов Александр Сергеевич', '2022-04-29 09:46:03', 'нет', 'нет', NULL, NULL, NULL),
(260, 'Извещение', '19 октября 1922 г.', '19 октября 1922 г.', 'Петрозаводск, Москва, Мурманск, Петроград', 'Петрозаводск', 'Извещение представителя полномочной народной комиссии путей сообщения во 2-ом районе Мурманской железной дороги и вводе в обращение скорого поезда № 2 Петроград - Мурманск с вагоном прямого следования Москва-Мурманск', 254, 'Копия', 'Русский', 'Машинопись', 1, 'Соколов Александр Сергеевич', '2022-04-29 15:27:22', 'Скорый поезд проходил маршрут за 58 часов по сравнению с 78 часами почтовых. Также с 27 октября 1922 г. вводились почтовые поезда Петроград - Петрозаводск ежедневно, кроме субботы.', 'нет', NULL, NULL, NULL),
(261, 'Аттестат', '25 июня 1902 г.', '25 июня 1902 г.', 'Каргополь', 'Каргополь', 'Аттестат Петра Васильевича Студитова об окончании Каргопольского духовного училища', 255, 'Подлинник', 'Русский', 'Типографский экземпляр, рукопись', 1, 'Соколов Александр Сергеевич', '2022-04-29 15:33:23', 'нет', 'Студитов П. В.', NULL, NULL, NULL),
(262, 'Приказ', '17 июля 1950 г.', '17 июля 1950 г.', 'Петрозаводск', 'Москва', 'Выписка из приказа Всесоюзного комитета физкультуры и спорта при Совете Министров СССР о награждении значком \"Отлисник физиской культуры\" инструктора физкультуры Онежского тракторного завода Петра Григорьевича Ятцерова', 257, 'Подлинник', 'Русский', 'Машинопись', 1, 'Соколов Александр Сергеевич', '2022-04-29 16:09:50', 'нет', 'Ятцеров П. Г.', NULL, NULL, NULL),
(263, 'Приказ', '1947 г.', '8 февраля 1947 г.', 'Карело-Финская ССР', 'Петрозаводск', 'Приказ Комитета по делам физкультуры и спорта при Совете Министров Карело-Финской ССР о мерах по улучшению и развертыванию работы по шахматам и шашкам', 258, 'Подлинник', 'Русский', 'Машинопись', 1, 'Соколов Александр Сергеевич', '2022-05-04 14:58:41', 'В Карелии выросли сотни квалифицированных шашистов и шахматичтов 1 категории - в т.ч. П. Богданов, Л. Рассветов, В. Фурсов, М. Богданов, И. Пешаков.', 'Богданов П., Богданов М., Рассветов Л., Фурсов В., Пешаков И.', NULL, NULL, NULL),
(264, 'Список', '1889 г.', '1889 г.', 'Олонец', 'Олонец', 'Список лиц, состоящих под надзором полиции в г. Олонце - виновные в подстрекательстве духоборов на беспорядке на Кавказе - духоборы Николай Николаевич Цибулькин, Игнат Игнатович Аргатов, Федор Семенович Рыбин', 259, 'Подлинник', 'Русский', 'Рукопись', 1, 'Соколов Александр Сергеевич', '2022-05-04 16:18:03', 'нет', 'Цибулькин Н. Н., Аргатов И. И., Рыбин Ф. С.', NULL, NULL, NULL),
(265, 'Заявление', '4 января 1896 г.', '4 января 1896 г.', 'Петрозаводск', 'Петрозаводск', 'Заявление домовладелицы Александры Андреевна Смоликовой в Петрозаводское городское по квартирному налогу присутствие об уплате налога за дом на углу Святнаволоцкой и Повенецкой улиц', 260, 'Подлинник', 'Русский', 'Рукопись', 1, 'Соколов Александр Сергеевич', '2022-05-05 15:41:51', 'Флигель был занят фотографией Пекарской.', 'Пекарская, Смоликова А. А.', NULL, NULL, NULL);
INSERT INTO `cards` (`id`, `doc_type`, `event_date`, `card_date`, `event_place`, `card_place`, `doc_header`, `shifr_id`, `original`, `langs`, `playback`, `state`, `compiler`, `compilation_date`, `summary`, `persons`, `deleted`, `deleted_by`, `deleted_at`) VALUES
(266, 'Письмо', '1907 г.', '12 декабря 1907 г.', 'Олонецкая губерния', 'Вильно', 'Письмо архитектора Семена Матвеевича Белякова олонецкому губернатору Н. В. Протасьеву о предоставлении ему сведений о службе в Олонецкой губернии', 261, 'Подлинник', 'Русский', 'Рукопись', 1, 'Соколов Александр Сергеевич', '2022-05-05 16:01:43', 'нет', 'Беляков С. М., Протасьев Н. В.', NULL, NULL, NULL),
(267, 'Заявление', '4 января 1896 г.', '4 января 1896 г.', 'Петрозаводск', 'Петрозаводск', 'Заявление домовладельца генерал-майора Киприяна Фаустиновича Кретковского в петрозаводское городское по квартирному налогу присутствие об уплате налога за дом по Мариинской улице', 262, 'Подлинник', 'Русский', 'Рукопись', 1, 'Соколов Александр Сергеевич', '2022-05-06 10:33:13', 'нет', 'Кретковский К. Ф.', NULL, NULL, NULL),
(268, 'Заявление', '4 января 1896 г.', '4 января 1896 г.', 'Петрозаводск', 'Петрозаводск', 'Заявление директора Олонецкой губернской гимназии в Петрозаводское городское по квартирному налогу присутствие об уплате налога', 263, 'Подлинник', 'Русский', 'Рукопись, типографский экземплар', 1, 'Соколов Александр Сергеевич', '2022-05-06 11:05:11', 'В доме проживали директор гимназии Сергей Герасимович Окуньков, и.д. инспектора Иосиф Федорович Мареш, помощник классных наставников Карл Карлович Гюнтер, помощник классных наставников Николай Петрович Лядинский, письмоводитель канцелярии канцелярии Платон Васильевич Кридин.', 'Окуньков С. Г., Мареш И. Ф., Гюнтер К. К., Лядинский Н. П., Кридин П. В.', NULL, NULL, NULL),
(269, 'Приказ', '7 июля 1948 г.', '7 июля 1948 г.', 'Петрозаводск', 'Петрозаводск', 'Приказ Комитета по делам физкультуры и спорта при Совете Министров Карело-Финской ССР о проведении учебно-тренировочного сбора сборной футбольной команды г. Петрозаводска с целью участия в розыгрыше кубка СССР по футболу и встречи с командой \"Прогресс\" (Ленинград) в день юбилея КФССР', 264, 'Подлинник', 'Русский', 'Машинопись', 1, 'Соколов Александр Сергеевич', '2022-05-06 15:01:46', 'В сборную вошли представители СО \"Динамо\", ДСО \"Локомотив\", ДСО \"Спартак\".', 'нет', NULL, NULL, NULL),
(270, 'Распоряжение', '17 мая 1968 г.', '18 мая 1968 г.', 'Карельская АССР', 'Петрозаводск', 'Распоряжение по Совету спортивных обществ и организаций Карельской АССР об утверждении состава сборной Карельской АССР по футболу для игры с командой г. Варкауса из Финляндии', 265, 'Подлинник', 'Русский', 'Машинопись', 1, 'Соколов Александр Сергеевич', '2022-05-06 15:42:43', 'нет', 'нет', NULL, NULL, NULL),
(271, 'Список', 'декабрь 1940 г.', '19 декабря 1940 г.', 'Финляндия, Карело-Финская ССР', 'Петрозаводск', 'Списко граждан Финляндии, эвакуированных в Интерпоселок, которым надо возместить стоимость имущества', 266, 'Подлинник', 'Русский', 'Машинопись', 1, 'Соколов Александр Сергеевич', '2022-05-06 15:45:31', 'нет', 'нет', NULL, NULL, NULL),
(272, 'Приказ', 'июнь 1998 г.', '10 июня 1998 г.', 'Лахденпохья', 'Петрозаводск', 'Приказ Государственного комитета по физической культуре, спорту и туризму о командировании в г. Лахденпохья на чемпионат России и Республики Карелия по авторалли сборной Республики Карелия', 267, 'Подлинник', 'Русский', 'Машинопись', 1, 'Соколов Александр Сергеевич', '2022-05-06 15:51:15', 'нет', 'нет', NULL, NULL, NULL),
(273, 'Акт', '1893 г.', '26 марта 1893 г.', 'Петрозаводск', 'Петрозаводск', 'Акт петрозаводского полицмейстера о разрешении мещанину Ивановскому поставить у гауптвахты карусель на неделю Святой Пасхи ', 268, 'Подлинник', 'Русский', 'Рукопись', 1, 'Соколов Александр Сергеевич', '2022-05-11 09:42:56', 'Имеются марки учреждений Святой Марии в 50 коп. (с пеликаном).', 'Ивановский', NULL, NULL, NULL),
(274, 'Положение', '1810 г.', '1810 г.', 'Российская империя', 'Санкт-Петербург', 'Положение об управлении второго округа водяных и сухопутных сообщений', 269, 'Типографский экземпляр', 'Русский', 'Типографский экземпляр', 1, 'Соколов Александр Сергеевич', '2022-05-11 11:01:00', 'нет', 'нет', NULL, NULL, NULL),
(275, 'Список', '1887 г.', '1887 г.', 'Пудож', 'Неизвестно', 'Из списка лиц, подвегнутых надзору полиции - об Эмилии Вильчевском', 270, 'Подлинник', 'Русский', 'Рукопись', 1, 'Соколов Александр Сергеевич', '2022-05-11 11:10:13', 'нет', 'Вильчевский Э.', NULL, NULL, NULL),
(276, 'Протокол', '6 сентября 1929 г.', '6 сентября 1929 г.', 'Петрозаводск', 'Петрозаводск', 'Протокол заседания Совета Народных Комиссаров Автономной Карельской ССР об утверждении дополнительных правыил езды на автомобилях - о движении автобусов', 271, 'Подлинник', 'Русский', 'Машинопись', 1, 'Соколов Александр Сергеевич', '2022-05-11 11:33:44', 'нет', 'нет', NULL, NULL, NULL),
(277, 'Отношение', '20 мая 1889 г.', '20 июля 1889 г.', 'Олонецкий уезд', 'Петрозаводск', 'Отношение епископа Петрозаводского и Олонецкого Павла олонецкому губернатору Г. Г. Григорьеву о беспорядках при переносе мощей Александра Свирского из Преображенского монастыря в Троицкий', 273, 'Подлинник', 'Русский', 'Рукопись', 1, 'Соколов Александр Сергеевич', '2022-05-12 11:56:51', 'нет', 'Павел (Доброхотов), Григорьев Г. Г.', NULL, NULL, NULL),
(278, 'Устав', '1877 г.', '1877 г.', 'Олонецкая губерния', 'Петрозаводск', 'Устав Олонецкого общества для пособия бедным учащимся', 274, 'Типографский экземпляр', 'Русский', 'Типографский экземпляр', 1, 'Соколов Александр Сергеевич', '2022-05-12 12:16:01', 'нет', 'нет', NULL, NULL, NULL),
(279, 'Устав', '31 января 1894 г.', '31 января 1894 г.', 'Вытегра', 'Вытегра', 'Устав Вытегорского коммерческого собрания', 275, 'Типографский экземпляр', 'Русский', 'Типографский экземпляр', 1, 'Соколов Александр Сергеевич', '2022-05-12 12:18:39', 'нет', 'нет', NULL, NULL, NULL),
(280, 'Рапорт', 'ноябрь 1895 г.', '10 ноября 1895 г.', 'Петрозаводский уезд', 'Петрозаводский уезд', 'Рапорт пристава 1-го стана Петрозаводского уезда прокурору Петрозаводского суда о гибели 5 человек при переправе через р. Муромлю в с. Муромле Остречинской волости и спасении 3 человек запасным унтер-офицером Василием Денисовичем Прохоровым', 276, 'Подлинник', 'Русский', 'Рукопись', 1, 'Соколов Александр Сергеевич', '2022-05-12 12:20:22', 'нет', 'Прохоров В. Д.', NULL, NULL, NULL),
(281, 'Договор', '1871 г.', '1871 г.', 'Олонецкий уезд', 'Неизвестно', 'Проект договора санкт-петербургского купца Л. Нобеля и крестьян сельских обществ Сармяжского и Туломозерского об отдаче ', 277, 'Подлинник', 'Русский', 'Рукопись', 1, 'Соколов Александр Сергеевич', '2022-05-12 12:26:43', 'нет', 'Нобель Л.', NULL, NULL, NULL),
(282, 'Отношение', '1906 г.', '29 октября 1906 г.', 'Петрозаводск, Ростов-на-Дону, Нахичевань-на-Дону', 'Ростов-на-Дону', 'Отношение Ростов-Нахичеваньского-на-Дону городского полицейского управления в Петрозаводское городское полицейское управление о высылке на жительство в Олонецкую губернию обвиняемых в принадлежности к революционным партиям Алексея ивановича Герцева, Митрофана Михайловича Друзина, Константина Андреевича Калашникова', 278, 'Подлинник', 'Русский', 'Рукопись', 1, 'Соколов Александр Сергеевич', '2022-05-12 15:29:18', 'нет', 'Герцев А. И., Друзин М. М., Калашников К. А.', NULL, NULL, NULL),
(283, 'Заявление', '1903 г.', '25 января 1903 г.', 'Вознесенье', 'Вознесенье', 'Заявление заведующего Вознесенским буксирным пароходством А. С. Кораблева олонецкому губернатору о переименовании пароходства в \"Братья Кораблевы и Ко\" в связи со смертью Александра Миронкова', 279, 'Подлинник', 'Русский', 'Машинопись', 1, 'Соколов Александр Сергеевич', '2022-05-12 15:37:43', 'нет', 'Миронков А., Кораблев А. С.', NULL, NULL, NULL),
(284, 'Прошение', '1903 г.', '15 июня 1903 г.', 'Пудожский уезд', 'Пудожский уезд', 'Прошение крестьянской вдовы д. Боярской Пудожского уезда Настасьи Ивановны Шехириной олонецкому губернатору по поводу страховки умершего мужа Степана Ивановича Шехирина, служившего моряком на пароходе Северного пароходного общества \"Барон Дризен\" и умершего во время плавания в Америку', 280, 'Подлинник', 'Русский', 'Рукопись', 1, 'Соколов Александр Сергеевич', '2022-05-12 16:53:57', 'нет', 'Шехирина Н. И., Шехирин С. И.', NULL, NULL, NULL),
(285, 'Приговор', '25 января 1870 г.', '25 января 1870 г.', 'Сумский посад', 'Сумский посад', 'Приговор общего собрания мещан Сумского посада о постройке судна - лодьи для перевозки богомольцев в Соловецкий монастырь', 281, 'Подлинник', 'Русский', 'Рукопись', 1, 'Соколов Александр Сергеевич', '2022-05-12 17:00:02', 'нет', 'нет', NULL, NULL, NULL),
(286, 'Отношение', '15 марта 1886 г.', '15 марта 1886 г.', 'Петрозаводск', 'Петрозаводск', 'Отношение податного инспектора 4-ого участка Олонецкой губернии Шуйскому волостному правлению о проверке мыловаренного завода Моисея Холодного в с. Соломенном', 282, 'Подлинник', 'Русский', 'Рукопись', 1, 'Соколов Александр Сергеевич', '2022-05-13 11:33:19', 'нет', 'Холодный М. П.', NULL, NULL, NULL),
(287, 'Заявление', '6 июля 1918 г.', '6 июля 1918 г.', 'Петрозаводск', 'Петрозаводск', 'Заявление председателя Олонецко-Мурманского торгово-промышленного союза Г. Е. Пименова в Петрозаводское отделение народного банка о выдаче денег, отобранных во время обыска', 283, 'Подлинник', 'Русский', 'Рукопись', 1, 'Соколов Александр Сергеевич', '2022-05-13 12:40:17', 'нет', 'Пименов Г. Е.', NULL, NULL, NULL),
(288, 'Рапорт', '13 июня 1903 г.', '13 июня 1903 г.', 'Олонецкий уезд', 'Олонец', 'Рапорт олонецкого уездного исправника олонецкому губернатору о необходимости понуждения общества \"Сталь\" к выплате заработной платы рабочим Туломозерского завода', 284, 'Подлинник', 'Русский', 'Рукопись', 1, 'Соколов Александр Сергеевич', '2022-05-16 16:15:28', 'нет', 'нет', NULL, NULL, NULL),
(289, 'Рапорт', 'Июль 1903 г.', '8 июля 1903 г.', 'Вознесенье', 'Лодейное Поле', 'Рапорт Лодейнопольского уездного полицейского управления олонецкому губернатору о задержании в с. Вознесенье членов шайки кочующих нищих греческих подданных', 285, 'Подлинник', 'Русский', 'Рукопись', 1, 'Соколов Александр Сергеевич', '2022-05-16 16:45:15', 'Были задержаны Афанасий Качикас, Дмитрий Лукас, Николай Ставропуло, Афанасий Грамицарис и Георгий Авзотис.', 'Качикис А., Лукас Д., Ставропуло Н., Грамицарис А., Авзотис Г.', NULL, NULL, NULL),
(290, 'Отношение', '1917 г.', '1917 г.', 'Олонецкая губерния', 'Петроград', 'Отношение начальника по сооружению железных дорог членам английской и французской делегаций Петроградской конференции союзных держав о вручении фотоальбомов в память посещения Мурманской железной дороги', 286, 'Копия', 'Русский', 'Рукопись', 1, 'Соколов Александр Сергеевич', '2022-05-16 16:58:51', 'нет', 'нет', NULL, NULL, NULL),
(291, 'Уведомление', '1862 г.', '7 января 1874 г.', 'Санкт-Петербург, Петрозаводск', 'Санкт-Петербург', 'Уведомление департамента шоссейных и водяных сообщений Министерства внутренних дел олонецкому губернатору о времени создания и учредителях Петрозаводско-Петербургского пароходства', 287, 'Подлинник', 'Русский', 'Рукопись', 1, 'Соколов Александр Сергеевич', '2022-05-16 17:31:08', 'нет', 'нет', NULL, NULL, NULL),
(292, 'Отношение', '1862 г.', '31 июля 1862 г.', 'Москва, Петрозаводский уезд', 'Санкт-Петербург', 'Отношение артиллерийского департамента Военного министерства военному губернатору г. Петрозаводска о выдаче пороха крестьянину Рыборецкой волости Николаю Васильевичу Ленину для выломки порфира для строительства Храма Христа Спасителя в г. Москве', 288, 'Подлинник', 'Русский', 'Рукопись', 1, 'Соколов Александр Сергеевич', '2022-05-16 17:42:24', 'нет', 'Ленин Н. В.', NULL, NULL, NULL),
(293, 'Программа', '18 июля - 11 августа 1929 г.', 'июль 1929 г.', 'Петрозаводск', 'Петрозаводск', 'Программа профсоюзного двухнедельника физкультуры в г. Петрозаводске', 289, 'Подлинник', 'Русский', 'Машинопись', 1, 'Соколов Александр Сергеевич', '2022-05-17 16:55:25', '28 июля - игра в пушбол Металлисты - Деревообработчики, 1 августа - спртакиада Онегзавода, 3 августа - праздник на воде (соревнование шлюпок, плавание), 11 августа - футбол 1-ая сборная профсоюзов - Лодейное Поле, 2-ая сборная профсоюзов - Кондострой.', 'нет', NULL, NULL, NULL),
(294, 'Сообщение', '1777 г.', '4 мая 1777 г.', 'Олонец', 'Олонец', 'Сообщение Олонецкого коменданта бригадира Юстуса фон Мензенкампфа в Олонецкий губернский магистрат о подаче городовыми магистратами билетов на пропуск рогатого скота без его разрешения', 290, 'Подлинник', 'Русский', 'Рукопись', 1, 'Соколов Александр Сергеевич', '2022-05-17 17:00:19', 'нет', 'Мензенкампф фон Ю.', NULL, NULL, NULL),
(295, 'Договор', '9 апреля 1845 г.', '9 апреля 1845 г.', 'Петрозаводск', 'Петрозаводск', 'Договор мещанина г. Петрозаводска Григория Васильевича таратайкина с Олонецким горным правлением о поставке камня с каменноборских ломок', 48, 'Подлинник', 'Русский', 'Рукопись', 1, 'Соколов Александр Сергеевич', '2022-05-17 17:32:03', 'нет', 'Таратайкин Г. В.', NULL, NULL, NULL),
(296, 'Список', '1868 г.', '1868 г.', 'Петрозаводск, Финляндия, Выборгская губерния', 'Петрозаводск', 'Список нищих финнов, отправленных из г. Петрозаводска на родину в Шуезерский приход Выборгской губернии', 291, 'Подлинник', 'Русский', 'Рукопись', 1, 'Соколов Александр Сергеевич', '2022-05-17 17:34:28', 'Всего 111 человек нищих финнов.', 'нет', NULL, NULL, NULL),
(297, 'Сведения', '1789 г.', '1789 г.', 'Каргопольский уезд', 'Неизвестно', 'Сведения, предоставленные священником упраздненного Кенского монастыря Василием Федоровым об оброчных статьях, которыми владеет монастырь', 292, 'Подлинник', 'Русский', 'Рукопись', 1, 'Соколов Александр Сергеевич', '2022-05-17 17:36:51', 'нет', 'нет', NULL, NULL, NULL),
(298, 'Уведомление', '1839 г.', '5 марта 1839 г.', 'Вытегра', 'Петрозаводск', 'Уведомление олонецкого губернатора А. В. Дашкова вытегорскому уездному судье Кузьмину о недопустимости брать товар у торговцев-бухарцев за меньшую цену ввиду возникновения подозрения в лихоимстве', 293, 'Подлинник', 'Русский', 'Рукопись', 1, 'Соколов Александр Сергеевич', '2022-05-17 17:39:09', 'На объяснении резолюция губернтора: \"Это весьма плохая отговорка, начальствующее лицо не так должно вести себя, должно отклонять все случаи к подозрениям, и не покупать, если денег нет, дабы не могли обратить сие в подозрение лихоимства\".', 'Дашков А. В., Кузьмин', NULL, NULL, NULL),
(299, 'Предписание', '21 октября 1860 г.', '21 октября 1860 г.', 'Петрозаводск', 'Петрозаводск', 'Предписание горного начальника Олонецких заводов управителю Александровского завода об откатке шпака по железной дороге от доменного корпуса к левому крылу Лобановской плотины', 294, 'Подлинник', 'Русский', 'Рукопись', 1, 'Соколов Александр Сергеевич', '2022-05-17 17:44:51', 'нет', 'нет', NULL, NULL, NULL),
(300, 'Решение', '21 июля 1941 г.', '12 августа 1941 г.', 'Петрозаводск', 'Петрозаводск', 'Решение исполкома Октябрьского райнного совета г. Петрозаводска о выдаче единовременных денежных пособий семьям, пострадавшим от бомбардировки 21 июля 1941 г.', 295, 'Подлинник', 'Русский', 'Машинопись', 1, 'Соколов Александр Сергеевич', '2022-05-17 17:47:13', 'нет', 'нет', NULL, NULL, NULL),
(301, 'Характеристика', '17 июня 1965 г.', '17 июня 1965 г.', 'Карельская АССР', 'Петрозаводск', 'Характеристика на капитана буксира Беломорско-Онежского пароходства \"П. Пахтусов\" Валериана Воскресенского', 296, 'Подлинник', 'Русский', 'Машинопись', 1, 'Соколов Александр Сергеевич', '2022-05-17 17:49:25', 'нет', 'Воскресенский В.', NULL, NULL, NULL),
(302, 'Рапорт', 'апрель 1907 г.', '28 апреля 1907 г.', 'Соломенное, Петрозаводский уезд', 'Петрозаводск', 'Рапорт петрозаводского уездного исправника олонецкому губернатору о начале строительства лесопильного завода фирмой наследников Абрама Петровича Беляева на месте бывшего завода Пименова в с. Соломенном', 297, 'Подлинник', 'Русский', 'Рукопись', 1, 'Соколов Александр Сергеевич', '2022-05-17 17:53:31', 'нет', 'Беляев А. П.', NULL, NULL, NULL),
(303, 'Отношение', '30 мая 1889 г.', '20 июля 1889 г.', 'Олонецкий уезд', 'Петрозаводск', 'Отношение епископа Петрозаводского и Олонецкого Павла олонецкому губернатору Г. Г. Григорьеву о беспорядках при переносе мощей Александра свирского из Преображенского монастыря в Троицкий', 273, 'Подлинник', 'Русский', 'Рукопись', 1, 'Соколов Александр Сергеевич', '2022-05-17 17:55:49', 'нет', 'Павел (Доброхотов)', NULL, NULL, NULL),
(304, 'Протокол', '20 августа 1947 г.', '20 августа 1947 г.', 'Карело-Финская ССР', 'Петрозаводск', 'Протокол комиссии по персональным пенсиям при Совете Министров Карело-Финской ССР о назначении пенсии семье погибшего доцента Глеба Анатольевича Аглицкого, погибшего при эвакуации Академии наук из г. Ленинграда', 298, 'Подлинник', 'Русский', 'Рукопись', 1, 'Соколов Александр Сергеевич', '2022-05-17 17:58:25', 'нет', 'Аглицкий Г. А.', NULL, NULL, NULL),
(305, 'Билет', '1857 г.', '1857 г.', 'Петрозаводск', 'Петрозаводск', 'Билет на получение \"Олонецких губернских ведомостей\"', 299, 'Типографский экземпляр', 'Русский', 'Типографский экземпляр', 1, 'Соколов Александр Сергеевич', '2022-05-20 10:35:42', 'нет', 'нет', NULL, NULL, NULL),
(306, 'Билет', '1857 г.', '1857 г.', 'Петрозаводск', 'Петрозаводск', 'Билет на получение газеты \"Олонецкие губернские ведомости\"', 299, 'Типографский экземпляр', 'Русский', 'Типографский экземпляр', 1, 'Соколов Александр Сергеевич', '2022-05-20 10:58:34', 'нет', 'нет', NULL, NULL, NULL),
(307, 'Опись', '20 апреля 1920 г.', '20 апреля 1920 г.', 'Пебозеро, Маслозерская волость', 'Пебозеро, Маслозерская волость', 'Опись имущества Пебозерской часовни', 300, 'Подлинник', 'Русский', 'Рукопись', 1, 'Соколов Александр Сергеевич', '2022-05-20 11:29:34', 'нет', 'нет', NULL, NULL, NULL),
(308, 'Опись', '1920 г.', '1920 г.', 'Маслозерская волость', 'Маслозерская волость', 'Церковная и ризничная опись Муезерской Николаевской церкви и часовен Муезерского прихода', 301, 'Подлинник', 'Русский', 'Рукопись', 1, 'Соколов Александр Сергеевич', '2022-05-20 11:31:29', 'Имеются описание церкви, Маслозерской Николаевской, Пебозерской Спасской, Кевятозерской Николаевской часовен.', 'нет', NULL, NULL, NULL),
(309, 'Письмо', '12 марта 1891 г.', '12 марта 1891 г.', 'Петрозаводск', 'Петрозаводск', 'Письмо председателя Петрозаводского уездного кустарного комитета инспектору народных училищ Петрозаводского уезда М. Н. Правдину по вопросу открытия школ корзиноплетения', 302, 'Подлинник', 'Русский', 'Рукопись', 1, 'Соколов Александр Сергеевич', '2022-05-20 11:35:29', 'нет', 'Правдин М. Н.', NULL, NULL, NULL),
(310, 'Журнал', '4 октября 1827 г.', '4 октября 1827 г.', 'Олонецкая губерния', 'Петрозаводск', 'Журнал заседания Олонецкого губернского правления о лицах, имеющих право на получение медали в память вступления русской армии в Париж 19 марта 1814 г.', 303, 'Подлинник', 'Русский', 'Рукопись', 1, 'Соколов Александр Сергеевич', '2022-05-20 11:52:00', 'К ним относились: петрозаводский исправник подполковник Благородченков - участвовал в штурме горы Монмартр, петрозаводский городничий Эльснер - участник похода в Польшу, петрозаводский частный пристав подпоручик саблин, олонецкий городничий маор Блау, заседатель Олонецкого уездного суда Теребухин, вытегорский городничий майор Березин, каргопольский городничий штабс-капитан карпов, коллежский секретарь Бек, повенецкий исправник Рожнов, служащий в штате Олонецкого губернского правления подпоручик Форкейн, инспектор Олонецкой врачебной управы штаб-лекарь Федор Христофорович Кермик, присяжный Шипилин - награжден орденом Святой Анны и др.', 'Благородченков, Эльснер, Саблин, Блау, Теребухин, Березин, Карпов, Бек, Рожнов, Форкейн, Кермик Ф. Х., Шипилин', NULL, NULL, NULL),
(311, 'Сведения', '1916 г.', '1916 г.', 'Сумский посад, Кемский уезд', 'Сумский посад, Кемский уезд', 'Статистические сведения по Сумскому двухклассному приходскому училищу за 1916 г.', 304, 'Подлинник', 'Русский', 'Рукопись', 1, 'Соколов Александр Сергеевич', '2022-05-20 12:17:22', 'нет', 'нет', NULL, NULL, NULL),
(312, 'Отношение', '1887 г. ', '14 октября 1887 г.', 'Олонецкая губерния', 'Санкт-Петербург', 'Отношение Императорского географического общества олонецкому губернатору о благодарности за помощь члену общества Г. И. Куликовскому в поездке по Олонецкой губернии', 305, 'Подлинник', 'Русский', 'Рукопись', 1, 'Соколов Александр Сергеевич', '2022-06-10 12:43:51', 'Благодарность была выражена заведующему музеем при статистическом комитете Ф. С. Шелюкову, редактору \"Олонецких губернских ведомостей\" А. М. Рудницкому, исправникам Качалову и Петрову, помощнику исправника в г. Повенце Рейхенбаху, приставу Подкопаеву, земскому фельшеру на Кенозере Смотричу.', 'Куликовский Г. И., Шелюков Ф. С., Рудницкий А. М., Качалов, Петров, Рейхенбах, Подкопаев, Смотрич', NULL, NULL, NULL),
(313, 'Циркуляр', '12 марта 1891 г.', '11 июня 1891 г.', 'Олонецкая губерния', 'Петрозаводск', 'Циркуляр олонецкого губернатора уездным исправникам и петрозаводскому полицмейстеру об оказании содействия командированному в Олонецкую губернию члену Императорского общества любителей естествознания, антропологии и этнографии Герману Илларионовичу Куликовскому', 306, 'Копия', 'Русский', 'Рукопись', 1, 'Соколов Александр Сергеевич', '2022-06-10 12:50:59', 'нет', 'Куликовский Г. И. ', NULL, NULL, NULL),
(314, 'Рапорт', 'Март 1882 г.', '10 марта 1882 г.', 'Пудож', 'Пудож', 'Рапорт пудожского уездного исправника олонецкому губернатору о пуске в действие Шальского пародействующего завода', 307, 'Подлинник', 'Русский', 'Рукопись', 1, 'Соколов Александр Сергеевич', '2022-06-10 12:55:24', 'нет', 'нет', NULL, NULL, NULL),
(315, 'Отношение', '1877 г.', '19 мая 1877 г.', 'Олонецкая губерния', 'Санкт-Петербург', 'Отношение Санкт-Петербургского общества естествоиспытателей олонецкому губернатору об оказании содействия его члену Петру Петровичу Павлову в изучении Онежского озера', 308, 'Подлинник', 'Русский', 'Рукопись', 1, 'Соколов Александр Сергеевич', '2022-06-10 14:01:51', 'нет', 'Павлов П. П.', NULL, NULL, NULL),
(316, 'Отношение', '1892 г.', '4 мая 1892 г.', 'Соломенное, Петрозаводский уезд', 'с. Соломенное, Петрозаводский уезд', 'Отношение конторы Соломенского лесопильного завода фирмы Громов и Ко заозерскому сельскому старосте о числе строений на заводе', 309, 'Подлинник', 'Русский', 'Рукопись', 1, 'Соколов Александр Сергеевич', '2022-06-10 14:08:25', 'нет', 'нет', NULL, NULL, NULL),
(317, 'Отношение', '20 октября 1898 г.', '30 октября 1898 г.', 'Бесовец, Петрозаводский уезд', 'Петрозаводский уезд', 'Отношение благочинного второго округа Петрозаводского уезда П. Громова в Шуйское волостное правление об освящении в с. Бесовце нового храма во имя иконы Божией Матери Владимирской', 310, 'Подлинник', 'Русский', 'Рукопись', 1, 'Соколов Александр Сергеевич', '2022-06-10 14:11:03', 'нет', 'Громов П.', NULL, NULL, NULL),
(318, 'Отношение', '20 октября 1898 г.', '30 октября 1898 г.', 'Бесовец, Петрозаводский уезд', 'Петрозаводский уезд', 'Отношение благочинного второго округа Петрозаводского уезда П. Громова в Шуйское волостное правление об освящении в с. Бесовце нового храма во имя иконы Божией Матери Владимирской', 310, 'Подлинник', 'Русский', 'Рукопись', 1, 'Соколов Александр Сергеевич', '2022-06-10 14:11:03', 'нет', 'Громов П.', NULL, NULL, NULL),
(319, 'Отношение', '20 ноября 1890 г.', '20 ноября 1890 г.', 'Петрозаводский уезд', 'Санкт-Петербург', 'Отношение председателя Императорской археологической комиссии А. А. Бобринского олонецкому губернатору о выплате 9 рублей вознаграждения крестьянину д. Березка Толвуйской волости Н. Хорошневу за 27 русских серебряных монет XVIII в.', 311, 'Подлинник', 'Русский', 'Рукопись, типографский экземплар', 1, 'Соколов Александр Сергеевич', '2022-06-10 14:17:28', 'нет', 'Бобринский А. А., Хорошнев Н.', NULL, NULL, NULL),
(320, 'Жалоба', '16 июля 1893 г.', '16 июля 1893 г.', 'Петрозаводский уезд', 'Санкт-Петербург', 'Жалоба санкт-петербургского купца А. С. Семенова олонецкому губернатору о неправильном налогообложении святнаволоцкого завода', 313, 'Подлинник', 'Русский', 'Машинопись', 1, 'Соколов Александр Сергеевич', '2022-06-10 14:48:17', 'нет', 'Семенов А. С.', NULL, NULL, NULL),
(321, 'Речь', '8 сентября 1891 г.', '8 сентября 1891 г.', 'Лодейное Поле', 'Лодейное Поле', 'Речь, произнесенная законоучителем Лодейнопольского двухклассного городского училища М. Ребовским при открытии училища', 314, 'Подлинник', 'Русский', 'Рукопись', 1, 'Соколов Александр Сергеевич', '2022-06-10 14:56:13', 'нет', 'Ребовский М. Е.', NULL, NULL, NULL),
(322, 'Сведения', '1878 г.', '1878 г.', 'Ялгуба, Петрозаводский уезд', 'Шуйская волость', 'Сведения о погибшем на фронте русско-турецкой войны в 1877 г. рядовом лейб-гвардии егерского полка уроженце Ялгубы Григории Филипповиче Егорове', 315, 'Подлинник', 'Русский', 'Рукопись', 1, 'Соколов Александр Сергеевич', '2022-06-10 15:01:22', 'нет', 'Егоров Г. Ф.', NULL, NULL, NULL),
(323, 'Протокол', '30 сентября 1928 г.', '30 сентября 1928 г.', 'Ялгуба', 'Ялгуба', 'Выписка из протокола заседания правления Ялгубского кредитного сельскохозяйственного товарищества о постройке маслодельного завода', 316, 'Подлинник', 'Русский', 'Рукопись', 1, 'Соколов Александр Сергеевич', '2022-06-10 15:07:14', 'нет', 'нет', NULL, NULL, NULL),
(324, 'Маршрут', '1839 г.', '1839 г.', 'Петрозаводск, Свеаборг', 'Санкт-Петербург', 'Маршрут движения рекрутских команд из г. Петрозаводска до крепости Свеаборг', 317, 'Типографский экземпляр', 'Русский', 'Типографский экземпляр', 1, 'Соколов Александр Сергеевич', '2022-06-10 15:12:47', 'нет', 'нет', NULL, NULL, NULL),
(325, 'Письмо', '4 марта 1967 г.', '4 марта 1967 г.', 'Петрозаводск', 'Петрозаводск', 'Приветственное письмо члена-корреспондента Академии наук СССР Каукко Краутца членам ансамбля \"Манок\"', 318, 'Подлинник', 'Русский', 'Рукопись', 1, 'Соколов Александр Сергеевич', '2022-06-10 15:20:30', 'нет', 'Кратц К. О.', NULL, NULL, NULL),
(326, 'Автобиография', '1939-1946 гг.', '25 декабря 1946 г.', 'Карело-Финская ССР', 'Петрозаводск', 'Автобиография заместителя председателя организационного бюро ДСО \"Большевик\" Карело-Финской ССР Ивана Ивановича Козырева', 319, 'Подлинник', 'Русский', 'Рукопись', 1, 'Соколов Александр Сергеевич', '2022-06-10 15:30:03', 'нет', 'Козырев И. И.', NULL, NULL, NULL),
(327, 'Постановление', '22 декабря 1994 г.', '22 декабря 1994 г.', 'Республика Карелия', 'Петрозаводск', 'Постановление председателя Правительства Республики Карелия о создании штатной хоккейной команды мастеров \"Пульс\"', 320, 'Подлинник', 'Русский', 'Машинопись', 1, 'Соколов Александр Сергеевич', '2022-06-10 15:38:12', 'нет', 'нет', NULL, NULL, NULL),
(328, 'Жалоба', '1794 г.', '1 марта 1794 г.', 'Тивдия', 'Тивдия', 'Жалоба мастеровых Тивдийских мраморных ломок олонецкому и архангельскому генерал-губернатору П. П. Коновницыну на притеснение их начальником экспедиции ломок Родионом Федоровичем Ураевым', 321, 'Подлинник', 'Русский', 'Рукопись', 1, 'Соколов Александр Сергеевич', '2022-06-10 15:42:38', 'нет', 'Коновницын П. П., Ураев Р. Ф.', NULL, NULL, NULL),
(329, 'Доклад', 'Август 1918 г.', '31 августа 1918 г.', 'Петрозаводск', 'Петрозаводск', 'Доклад заведующей Олонецкой губернской библиотекой-читальней К. Троцкой заведующему отделом народного образования В. М. Парфенову об отпуске грузовых автомобилей Бюро автотранспортом Олонецкой губернии для перевозки книг библиотеки из других библиотек', 322, 'Подлинник', 'Русский', 'Рукопись', 1, 'Соколов Александр Сергеевич', '2022-06-14 16:53:40', 'На грузовиках перевозили книги библиотек Олонецкой духовной семинарии, Совета Народного Хозяйства, Попечительства о народной трезвости, коммерческого собрания, на подводах - библиотеку Общества изучения Олонецкой губернии.', 'Троцкая К., Парфенов В. М.', NULL, NULL, NULL),
(330, 'Письмо', '13 ноября 1918 г.', '13 ноября 1918 г.', 'Петрозаводск', 'Петрозаводск', 'Письмо заведующего отделом советских имуществ В. Заозерского в исполком Олонецкого губернского совета по вопросу отопления Олонецкого губернского музея из Советского костра', 323, 'Подлинник', 'Русский', 'Рукопись', 1, 'Соколов Александр Сергеевич', '2022-06-14 17:53:37', 'нет', 'Заозерский В.', NULL, NULL, NULL),
(331, 'Отношение', '23 марта 1917 г.', '23 марта 1917 г.', 'Петрозаводск', 'Петрозаводск', 'Отношение Олонецкого губернского правления начальнику петрозаводской городской милиции об установлении надзора за бывшим прапорщиком по морской части дивизии траления Белого моря Эдмундом Фердинандовичем Мелленбергом', 324, 'Подлинник', 'Русский', 'Рукопись', 1, 'Соколов Александр Сергеевич', '2022-06-15 16:54:36', 'нет', 'Мелленберг Э. Ф.', NULL, NULL, NULL),
(332, 'Письмо', '20 октября 1928 г.', '20 октября 1928 г.', 'Шуньга', 'Петрозаводск', 'Письмо председателя правления Карельского сельскохозяйственного кредитного союза в Шунгскую сыроваренную артель по вопросу отправки племенного быка', 325, 'Отпуск', 'Русский', 'Машинопись', 1, 'Соколов Александр Сергеевич', '2022-06-15 17:47:34', 'нет', 'нет', NULL, NULL, NULL),
(333, 'Список', '1 января 1903 г.', '1 января 1903 г.', 'Вознесенье', 'Вознесенье', 'Список членов Вознесенского вольного пожарного общества', 27, 'Подлинник', 'Русский', 'Рукопись', 1, 'Соколов Александр Сергеевич', '2022-06-15 17:50:06', 'Среди почетных членов - протоиерей И. И. Сергеев (Иоанн Кронштадтский)', 'Сергеев И. И. (Иоанн Кронштадтский)', NULL, NULL, NULL),
(334, 'Доверенность', '1898 г.', '30 марта 1898 г.', 'Важины', 'Важины', 'Доверенность крестьянину д. Павловской Мятусовской волости Лодейнопольского уезда Ивану Артемьевичу Маминову на ведение дел Важинского пароходства', 326, 'Копия', 'Русский', 'Рукопись', 1, 'Соколов Александр Сергеевич', '2022-06-15 17:53:05', 'нет', 'Маминов И. А.', NULL, NULL, NULL),
(335, 'Протокол', '1926 г.', '21 сентября 1926 г.', 'Петрозаводск', 'Петрозаводск', 'Протокол заседания бюро кружка \"Спартак\" Карельского совета союза Совторгпроса - о дисциплине в Первой футбольной команде', 327, 'Подлинник', 'Русский', 'Машинопись', 1, 'Соколов Александр Сергеевич', '2022-06-16 09:20:12', 'нет', 'нет', NULL, NULL, NULL),
(336, 'Письмо', '17 марта 1937 г.', '17 марта 1937 г.', 'Карельская АССР', 'Петрозаводск', 'Письмо председателя Карельского ОСВОДа в Совет Народных Комиссаров Карельской АССР о судьбе пассажирского флота ОСВОДа в связи с запрещением центральным советом общества занятия коммерческими перевозками', 328, 'Подлинник', 'Русский', 'Машинопись', 1, 'Соколов Александр Сергеевич', '2022-06-16 09:22:41', 'нет', 'нет', NULL, NULL, NULL),
(337, 'План', '1929 г.', '1929 г.', 'Петрозаводск', 'Петрозаводск', 'Оперативный план похода художественных сил г. Петрозаводска по проведению первомайской и атирелигиозной кампаний в 1929 г. и антирелигиозного вечера на старой спортивной площадке в г. Петрозаводске', 329, 'Подлинник', 'Русский', 'Рукопись', 1, 'Соколов Александр Сергеевич', '2022-06-16 09:43:01', 'нет', 'нет', NULL, NULL, NULL),
(338, 'Письмо', '30 июля 1928 г.', '30 июля 1928 г.', 'Заонежский район', 'Заонежский район', 'Письмо палеостровского совхоза в Народный комиссариат земледелия АКССР о выращивании бычков-производителей восточно-финской породы', 330, 'Подлинник', 'Русский', 'Рукопись', 1, 'Соколов Александр Сергеевич', '2022-06-16 14:07:34', 'Имена бычков: Винт - от Ребелянки, Ванпир - от Ягодки, Вал - от Чайки, Вий - от Белобочки, Вурдолак - от Черноушки, Воробей - от Пеструхи, Васька от Боровленки, Вихрь - от Маки, Вихко - от Жданки.', 'нет', NULL, NULL, NULL),
(339, 'Отношение', '15 апреля 1918 г.', '15 апреля 1918 г.', 'Петрозаводск', 'Петрозаводск', 'Отношение уполномоченного Вознесенского района работников водного транспорта в исполком Олонецкого губернского совета о недопустимости переноса конторы Онежского национального пароходства из комнат Тупицина в дом призрения для слепых в г. Петрозаводске', 331, 'Копия', 'Русский', 'Машинопись', 1, 'Соколов Александр Сергеевич', '2022-06-16 14:29:55', 'нет', 'нет', NULL, NULL, NULL),
(340, 'Журнал', '31 марта 1915 г.', '31 марта 1915 г.', 'Петрозаводск', 'Петрозаводск', 'Журналы Петрозаводской городской думы о представлении аренды острова Неглинский финляндскому уроженцу Андрею Ивановичу Фридрихсону', 332, 'Подлинник', 'Русский', 'Машинопись', 1, 'Соколов Александр Сергеевич', '2022-06-16 14:41:53', 'На основании постановления Петрозаводской городской дум от 25 ноября 1909 г. в аренду крестьянину Алексею Калинину для постройки лесопильного завода и мукомольни был отдан городской остров Неглинский. 27 сентября 1910 г. остров был передан в аренду полковнику Фридриху Германовичу Сольберг. В 1915 г. - в аренде Андрея Ивановича Фридрихсон.', 'Калинин А., Сольберг Ф. Г., Фридрихсон А. И.', NULL, NULL, NULL),
(341, 'Объявление', '1889 г.', '1889 г.', 'Вознесенье', 'Вознесенье', 'Объявление комитета Вознесенского мореходного класса о начале набора учеников', 333, 'Типографский экземпляр', 'Русский', 'Типографский экземпляр', 1, 'Соколов Александр Сергеевич', '2022-06-16 15:30:40', 'Заведующим школы был щелкунов. Обучение проводилось бесплатно, прием с 15-летнего возраста.', 'нет', NULL, NULL, NULL),
(342, 'Журнал', '1915 г.', '30 июня, 21 декабря 1915 г.', 'Олонецкая губерния', 'Петроград', 'Журналы комитета Управления внутренних водных путей и шоссейных дорог об ассигновании средств на изыскание по прокту Беломорско-Онежского водного пути', 334, 'Копия', 'Русский', 'Машинопись', 1, 'Соколов Александр Сергеевич', '2022-06-16 15:46:34', 'нет', 'нет', NULL, NULL, NULL),
(343, 'Рапорт', '3 декабря 1915 г.', '3 декабря 1915 г.', 'Олонецкая губерния', 'Неизвестно', 'Рапорт инженера В. Никольского начальнику изысканий на реке Суне для использования водной силы водопада Кивач А. П. Преженцеву о выдаче содержания за службу', 335, 'Подлинник', 'Русский', 'Рукопись', 1, 'Соколов Александр Сергеевич', '2022-06-16 16:24:20', 'нет', 'Никольский В., Преженцов А. П.', NULL, NULL, NULL),
(344, 'Отношение', '1793 г.', '18 сентября 1793 г.', 'Соловецкие острова', 'Соловецкие острова', 'Отношение игумена Соловецкого ставропигиального монастыря Герасима (Ионина) по вопросу сбора оброчных денег с находившихся в услужении у монастыря крестьян', 336, 'Подлинник', 'Русский', 'Рукопись', 1, 'Соколов Александр Сергеевич', '2022-06-16 16:45:08', 'нет', 'Герасим (Ионин)', NULL, NULL, NULL),
(345, 'Договор', '20 марта 1938 г.', '20 марта 1938 г.', 'Кондопожский район', 'Москва', 'Договор Управления строительством Дворца Советов и начальника Белогорского мраморного карьера Василия Васильевича Грибанова об отгрузке мрамора', 337, 'Копия', 'Русский', 'Машинопись', 1, 'Соколов Александр Сергеевич', '2022-06-16 17:14:13', 'нет', 'Грибанов В. В.', NULL, NULL, NULL),
(346, 'Книга', '17 июля 1882 г.', '17 июля 1882 г.', 'Петрозаводск', 'Петрозаводск', 'Запись в книге регистрации купчих крепостей и других актов о контракте прусского подданного Якова Карловича Шмидта с Петрозаводской городской думой на содержание общественнного сада и строительстве в нем беседки', 338, 'Подлинник', 'Русский', 'Рукопись', 1, 'Соколов Александр Сергеевич', '2022-06-17 15:26:42', 'нет', 'Шмидт Я. К.', NULL, NULL, NULL),
(347, 'Постановление', '1942 г.', '11 февраля 1942 г.', 'Ленинград', 'Беломорск', 'Постановление Совета Народных Комиссаров об оказании помощи рабочим г. Ленинграда и направлении от КФССР 100 оленей и 1 вагона беломорской сельди и наваги', 339, 'Подлинник', 'Русский', 'Машинопись', 1, 'Соколов Александр Сергеевич', '2022-06-17 15:31:52', 'нет', 'нет', NULL, NULL, NULL),
(348, 'Журнал', '10 февраля 1912 г.', '10 февраля 1912 г.', 'Петрозаводский уезд', 'Петрозаводск', 'Журнал заседания Петрозаводской уездной земской управы о выдаче крестьянину Бесову денег за содержание Бесовского земского училища', 340, 'Копия', 'Русский', 'Машинопись', 1, 'Соколов Александр Сергеевич', '2022-06-21 17:55:45', 'нет', 'Бесов', NULL, NULL, NULL),
(349, 'Отношение', '1835 г.', '9 февраля 1835 г.', 'Российская империя', 'Петрозаводск', 'Отношение Олонецкого губернского правления в Олонецкую казенную палату относительно уплаты податей за умерших служижащих Российско-Американской компании повенецкого мещанина Василия Охотина и крестьянина д. Пуданцов Бор Якова Дорофеева', 341, 'Подлинник', 'Русский', 'Рукопись', 1, 'Соколов Александр Сергеевич', '2022-06-21 17:57:53', 'нет', 'Охотин В., Дорофеев Я.', NULL, NULL, NULL),
(350, 'Список', '1874 г.', '1874 г.', 'Олонецкая губерния, Санкт-Петербургская губерния', 'Петрозаводск', 'Список жителей г. Петрозаводска, утонувших при крушении парохода \"Царь\" на Ладожском озере', 342, 'Подлинник', 'Русский', 'Рукопись', 1, 'Соколов Александр Сергеевич', '2022-06-21 18:01:02', 'нет', '', NULL, NULL, NULL),
(351, 'Журнал', '1915 г.', '28 апреля 1915 г.', 'Петрозаводск', 'Петрозаводск', 'Журнал Петрозаводской городской думы о разрешении Олонецкой железной дороге устройства временной железной дороги от казенной пристани до разъезда Голиковка для доставки подвижного состава ', 343, 'Подлинник', 'Русский', 'Рукопись', 1, 'Соколов Александр Сергеевич', '2022-06-21 18:03:47', 'нет', 'нет', NULL, NULL, NULL),
(352, 'Докладная записка', '1950 г.', '1950 г.', 'Карело-Финская ССР', 'Петрозаводск', 'Докладная записка Комитета по физкультуре и спорту Карело-Финской ССР в ВЦСПС по вопросу объединения добровольных спортивных обществ \"Красная Звезда\", \"Большевик\", \"Медик\", \"Молния\" и \"Буревестник\" в единое республиканское ДСО \"Калевала\"', 344, 'Подлинник', 'Русский', 'Машинопись', 1, 'Соколов Александр Сергеевич', '2022-06-22 17:38:07', 'нет', 'нет', NULL, NULL, NULL),
(353, 'Сводка', '1 июля 1940 г.', '2 июля 1940 г.', 'Карело-Финская ССР', 'Петрозаводск', 'Сводка отчетов о сдаче норм по комплексу ГТО первой и второй степеней по Карело-Финскому республиканскому совету ДСО \"Колос\" на 1 июля 1940 г.', 345, 'Подлинник', 'Русский', 'Рукопись, типографский экземпляр', 1, 'Соколов Александр Сергеевич', '2022-06-22 17:41:28', 'нет', 'нет', NULL, NULL, NULL),
(354, 'наградной лист', '1960 г.', '3 мая 1960 г.', 'Карельская АССР', 'Петрозаводск', 'Наградной лист на заведующую детским садом № 7 г. Петрозаводска Екатерину Матвеевну Закревскую на награждение знаком \"Отличник здравоохранения\"', 346, 'Подлинник', 'Русский', 'Машинопись', 1, 'Соколов Александр Сергеевич', '2022-06-22 17:43:48', 'Депутат Петрозаодского городского совета.', 'Закревская Е. М.', NULL, NULL, NULL),
(355, 'Резолюция', '11 ноября 1909 г.', '11 ноября 1909 г.', 'Петрозаводск', 'Петрозаводск', 'Резолюция олонецкого губернатора Н. Протасьева и членов Олонецкого губернского правления об отпуске денег фотографу К. Иогансону за фотографирование ссыльно-каторжных арестантов', 347, 'Подлинник', 'Русский', 'Рукопись', 1, 'Соколов Александр Сергеевич', '2022-06-22 17:46:15', 'Всего 4 рубля 95 копеек.', 'Протасьев Н. В., Иоганскон К.', NULL, NULL, NULL),
(356, 'Циркуляр', '11 июня 1891 г.', '11 июня 1891 г.', 'Олонецкая губерния', 'Петрозаводск', 'Циркуляр олонецкого губернатора уездным исправникам об оказании содействия командированному Импреаторским обществом любителей естествознания, науки и этнографии в Олонецкую губернию Герману Илларионовичу Куликовскому', 306, 'Подлинник', 'Русский', 'Рукопись', 1, 'Соколов Александр Сергеевич', '2022-06-23 16:38:08', 'нет', 'Куликовский Г. И.', NULL, NULL, NULL),
(357, 'Вексель', '15 февраля 1927 г.', '15 февраля 1927 г.', 'Петрозаводск', 'Петрозаводск', 'Вексель кружка спорта при Карельском областном отделе совторгслужащих товариществу \"Работник\"', 348, 'Подлинник', 'Русский', 'Типографский экземпляр', 1, 'Соколов Александр Сергеевич', '2022-06-23 16:40:51', 'Имеется изображение герба СССР, дубовых листьев, серпа и молота.', 'нет', NULL, NULL, NULL),
(358, 'Отношение', '20 ноября 1913 г.', '20 ноября 1913 г.', 'Петрозаводск', 'Петрозаводск', 'Отношение Бориса Михайловича Максютенко, Георгия Эразмовича Клодницкого и Константина Петровича Охотина в Олонецкое губернское по делам об обществах и союзах присутствие об открытии Петрозаводского спортивного общества', 127, 'Подлинник', 'Русский', 'Машинопись', 1, 'Соколов Александр Сергеевич', '2022-06-23 16:46:49', 'нет', 'Максютенко Б. М., Клодницкий Г. Э., Охотин К. П.', NULL, NULL, NULL),
(359, 'Решение', '4 января 1941 г.', '4 января 1941 г.', 'Суна', 'Кондопога', 'Решение исполкома Кондопожского районного совета о наименовании улиц рабочего поселка Суна', 349, 'Подлинник', 'Русский', 'Машинопись', 1, 'Соколов Александр Сергеевич', '2022-06-23 16:49:32', 'нет', 'нет', NULL, NULL, NULL),
(360, 'Рапорт', '29 мая 1890 г.', '29 мая 1890 г.', 'Петрозаводский уезд', 'Петрозаводский уезд', 'Рапорт заозерского сельского старосты в Шуйское волостное правление о результатах ремонта Бесовецкой и Соломенской дорог', 350, 'Подлинник', 'Русский', 'Рукопись', 1, 'Соколов Александр Сергеевич', '2022-06-23 16:58:36', 'Дорога из Песков в Сулажгору была отремонтирована, а по Бесовецкой дороге ездили только бесовляне, поэтому сулажгорцы отказывались ее ремонтировать.', 'нет', NULL, NULL, NULL),
(361, 'Листок по учету кадров', '1938 г.', '29 декабря 1938 г.', 'РСФСР', 'Петрозаводск', 'Личный листок по учету кадров актера и режиссера Глеба Александровича Немировича-Данченко', 351, 'Подлинник', 'Русский', 'Рукопись', 1, 'Соколов Александр Сергеевич', '2022-06-23 17:01:19', 'нет', 'Немирович-Данченко Г. А.', NULL, NULL, NULL),
(362, 'Отношение', '1922 г.', '28 января 1922 г.', 'Повенец', 'Петрозаводск', 'Отношение Карельского областного исполкома в отдел юстиции КТК о передаче в суд дела о продаже торговцем Мешелем собачьего мяса под видом телятины', 352, 'Подлинник', 'Русский', 'Рукопись', 1, 'Соколов Александр Сергеевич', '2022-06-23 17:03:21', 'нет', 'Мешель', NULL, NULL, NULL),
(363, 'Отношение', '1873 г.', '24 ноября 1873 г.', 'Каргополь', 'Петрозаводск', 'Отношение олонецкого губернатора Г. Г. Григорьева архиепископу Олонецкому и Петрозаводскому Ионафану о неимении препятствий к представлению к награждению орденом Святой Анны IIIстепени врача Каргопольского духовного училища Генриха Юлиановича Володзко', 353, 'Отпуск', 'Русский', 'Рукопись', 1, 'Соколов Александр Сергеевич', '2022-06-23 17:13:03', 'нет', 'Ионафан (Руднев), Григорьев Г. Г., Володзко Г. Ю.', NULL, NULL, NULL),
(364, 'Прошение', '28 мая 1868 г.', '28 мая 1868 г.', 'Вознесенье', 'Вознесенье', 'Прошение часовых дел мастера Евсея Самуиловича Штейнзат олонецкому губернатору Ю. К. Арсеньеву о довзолении открыть в с. Вознесенье плеораму', 354, 'Подлинник', 'Русский', 'Рукопись', 1, 'Соколов Александр Сергеевич', '2022-06-23 17:21:19', 'нет', 'Штейнзат Е. С., Арсеньев Ю. К.', NULL, NULL, NULL),
(365, 'Список', '1929 г.', '1929 г.', 'Петрозаводск', 'Петрозаводск', 'Список членов первой команды клуба медиков г. Петрозаводска по рюхам', 355, 'Подлинник', 'Русский', 'Рукопись', 1, 'Соколов Александр Сергеевич', '2022-06-23 17:24:07', 'нет', 'нет', NULL, NULL, NULL),
(366, 'Прошение', '6 сентября 1889 г.', '6 сентября 1889 г.', 'Петрозаводск', 'Петрозаводск', 'Прошение петрозаводского купца Марка Николаевича Пикина горному начальнику Олонецких заводов о предоставлении в аренду земли в местности Кипучка в г. Петрозаводске для строительства мукомольной мельницы', 356, 'Подлинник', 'Русский', 'Рукопись', 1, 'Соколов Александр Сергеевич', '2022-06-23 17:27:44', 'нет', 'Пикин М. П.', NULL, NULL, NULL),
(367, 'Акт', '18 августа 1909 г.', '18 августа 1909 г.', 'Повенецкий уезд', 'Повенецкий уезд', 'Акт смотрителя Валазминского завода Суханова и горных чинов Галченко и Басинского об обследовании построенного при заводе рельсового пути', 357, 'Копия', 'Русский', 'Рукопись', 1, 'Соколов Александр Сергеевич', '2022-06-24 15:04:08', 'нет', 'Суханов, Галченко, Басинский', NULL, NULL, NULL),
(368, 'Отношение', '21 мая 1884 г.', '21 мая 1884 г.', 'Вытегра', 'Вытегра', 'Отношение правления Вытегорского округа путей сообщения олонецкому губернатору о представлении боцмана парохода \"Ледокол\" Степана Симанова к серебряной медали \"За усердие\"', 358, 'Подлинник', 'Русский', 'Рукопись', 1, 'Соколов Александр Сергеевич', '2022-06-24 15:07:28', 'См. также Ф. 1. Оп. 17. Д. 23/4. Л. 31-31об. - о представлении к награждению С. Симанова и машиниста \"Ледокола\" Григория Зюльмаева.', 'Симанов С., Зюльмаев Г.', NULL, NULL, NULL),
(369, 'Благодарность', '24 августа 1917 г.', '12 сентября 1917 г.', 'Кемь', 'Кемь', 'Благодарность капитана порта Кемь А. Палибина помощнику командира ледокола № 7 Сулимейко и его матросам Федору Кононову, Павле Чепакову, Ивану Кубагину и Дмитрию Компанейцу за спасение 20 человек, тепревших бедствие при посадке парохода \"Учредитель\" Товарищества Архангельско-Мурманского пароходства на мель во время шторма 24 августа 1917 г.', 359, 'Подлинник', 'Русский', 'Рукопись', 1, 'Соколов Александр Сергеевич', '2022-06-24 15:14:46', 'нет', 'Кононов Ф., Чепаков П., Кубагин И, Компанеец Д, Сулимейко, Палибин А.', NULL, NULL, NULL),
(370, 'Автобиография', '1959 г.', '1959 г.', 'Сортавала', 'Сортавала', 'Автобиография главного врача железнодорожной больницы г. Сортавалы Мины Семеновны Левенштейн', 360, 'Подлинник', 'Русский', 'Рукопись, фотография', 1, 'Соколов Александр Сергеевич', '2022-06-24 15:20:05', 'нет', 'Левенштейн М. С.', NULL, NULL, NULL),
(371, 'Объяснение', '23 мая 1862 г.', '23 мая 1862 г.', 'Пудож', 'Пудож', 'Объяснение пудожского купца Ивана Ивановича Малокрошечного пудожскому купцу Семену михайловичу Адамовичу по вопросу строительства и обслуживания моста через овраг на Маковеевской улице', 361, 'Подлинник', 'Русский', 'Рукопись', 1, 'Соколов Александр Сергеевич', '2022-06-24 15:23:57', 'нет', 'Малокрошечный И. И., Адамович С. М.', NULL, NULL, NULL),
(372, 'Отношение', '16 августа 1860 г.', '16 августа 1860 г.', 'Олонец', 'Петрозаводск', 'Отношение архиепискова Олонецкого и Петрозаводского Аркадия олонецкому губернатору о найденных при обыске у олонецкого мещанина Петра Кобелева старообрядческих картинах, книгах, изображении печати царя Соломона \"Сатор Арепо\"', 362, 'Подлинник', 'Русский', 'Рукопись', 1, 'Соколов Александр Сергеевич', '2022-06-24 15:27:14', 'нет', 'Аркадий (Федоров), Кобелев П.', NULL, NULL, NULL),
(373, 'Предложение', '22 июня 1788 г.', '22 июня 1788 г.', 'Петрозаводск', 'Петрозаводск', 'Предложение олонецкого и архангельского генерал-губернатора Т. И. Тутолмина Олонецкой казенной палате о перестройке генерал-губернаторского дома на Циркульной площади в г. Петрозаводске', 363, 'Подлинник', 'Русский', 'Рукопись', 1, 'Соколов Александр Сергеевич', '2022-06-24 15:43:51', 'нет', 'Тутолмин Т. И.', NULL, NULL, NULL),
(374, 'Отношение', '1828 г.', '18 февраля 1828 г.', 'Олонецкая губерния', 'Санкт-Петербург', 'Отношение начальника III отделения собственной его императорского величества канцелярии А. Х. Бенкендорфа о предоставлении сведений о количестве погибших от стужи людей', 364, 'Подлинник', 'Русский', 'Рукопись', 1, 'Соколов Александр Сергеевич', '2022-06-27 14:12:34', 'нет', 'Бенкендорф А. Х.', NULL, NULL, NULL),
(375, 'План', '1951 г.', '10 апреля 1951 г.', 'Карело-Финская ССР', 'Петрозаводск', 'Календарный план спортивно-массовых мероприятий на 1951 г. по Карельско-Финскому республиканскому совету ДСО \"Искра\"', 365, 'Подлинник', 'Русский', 'Машинопись', 1, 'Соколов Александр Сергеевич', '2022-06-27 14:43:58', 'нет', 'нет', NULL, NULL, NULL),
(376, 'Журнал', '1790 г.', '20 августа 1790 г.', 'Вытегорский уезд', 'Петрозаводск', 'журнал горной экспедиции Олонецкой казенной палаты о деятельности секвестрованного Мегро-Михайловского французского завода', 366, 'Подлинник', 'Русский', 'Рукопись', 1, 'Соколов Александр Сергеевич', '2022-06-28 17:13:57', 'нет', 'нет', NULL, NULL, NULL),
(377, 'Указ', '13 июля 1793 г.', '17 июля 1793 г.', 'Повенецкий уезд', 'Санкт-Петербург', 'Указ Сената Олонецкой казенной палате по вопросу передачи Вичко-Алексеевского железоделательного завода обратно в собственность статского советника Волкова', 367, 'Подлинник', 'Русский', 'Рукопись', 1, 'Соколов Александр Сергеевич', '2022-06-28 17:50:55', 'Вичко-Алексеевский завод открыт в 1766 г. купцом Ольхиным, в 1772 г. передан Волкову, в 1778 г. отобран в казну.', 'Волков, ольхин', NULL, NULL, NULL),
(378, 'Рапорт', '1885 г.', '15 сентября 1885 г.', 'Петрозаводский уезд', 'Петрозаводский уезд', 'Рапорт петрозаводского уездного исправника олонецкому губернатору о религиозных службах, проводившихся в с. Логморучей финляндским пастором Августом Линдгреном', 368, 'Подлинник', 'Русский', 'Рукопись', 1, 'Соколов Александр Сергеевич', '2022-06-28 17:57:23', 'нет', 'Линдгрен А.', NULL, NULL, NULL),
(379, 'Указ', '9 августа 1794 г.', '9 августа 1794 г.', 'Петрозаводск', 'Санкт-Петербург', 'Указ Сената Олонецкой казенной палате об оставлении в секвестре фабрики фабрикантов Петра Баралла и Дениса Шанония', 369, 'Подлинник', 'Русский', 'Рукопись', 1, 'Соколов Александр Сергеевич', '2022-06-29 09:42:02', 'нет', 'Баралл П., Шаноний Д.', NULL, NULL, NULL),
(380, 'Удостоверение', '3 января 1890 г.', '3 января 1890 г.', 'Петрозаводск', 'Петрозаводск', 'Удостоверение, данное членом Олонецкой земской управы В. Р. Прушевским Максиму Рябцеву о нахождении у него в работниках', 370, 'Подлинник', 'Русский', 'Рукопись', 1, 'Соколов Александр Сергеевич', '2022-06-29 09:49:50', 'Заверен личной печатью Прушевского.', 'Прушевский В. Р.', NULL, NULL, NULL),
(381, 'Письмо', '1916 г.', '23 февраля 1916 г.', 'Олонецкая губерния', 'Феодосия', 'Письмо врача Кесаря Алекчандровича Белиловского заведующему фельдшерско-акушерской школой Олонецкого губернского земства Александру Ивановичу Введенскому о трудоустройстве сестры милосердия Цины Давыдовны Тарле', 371, 'Подлинник', 'Русский', 'Рукопись', 1, 'Соколов Александр Сергеевич', '2022-06-29 10:04:16', 'нет', 'Белиловский К. А., Введенский А. И., Тарле Ц. Д.', NULL, NULL, NULL),
(382, 'Вид на жительство', '1920 г.', '1920 г.', 'Череповецкая губерния', 'Череповецкая губерния', 'Вид на жительство уроженца д. Муравьевской Кирилловского уезда Череповецкой губернии Василия Федоровича Воронова, родившегося в 1905 г.', 372, 'Подлинник', 'Русский', 'Рукопись, типографский экземпляр', 1, 'Соколов Александр Сергеевич', '2022-06-29 10:56:32', 'Воронов Василий Федорович (1905 — 1963) — генерал-майор авиации', 'Воронов В. Ф,', NULL, NULL, NULL);
INSERT INTO `cards` (`id`, `doc_type`, `event_date`, `card_date`, `event_place`, `card_place`, `doc_header`, `shifr_id`, `original`, `langs`, `playback`, `state`, `compiler`, `compilation_date`, `summary`, `persons`, `deleted`, `deleted_by`, `deleted_at`) VALUES
(383, 'Прошение', '3 октября 1908 г.', '3 октября 1908 г.', 'Олонецкая губерния', 'Каргополь', 'Прошение политического заключенного Каргопольской тюрьмы Карла Ивановича Лукса в Олонецкое губернское правление о выдаче добавочного содержания', 373, 'Подлинник', 'Русский', 'Рукопись', 1, 'Соколов Александр Сергеевич', '2022-06-29 11:01:05', 'См. также писмо мещанки Елизаветы Степановны Григорьевой олонецкому губернатору о пособии от 29 мая 1908 г. - Ф. 2. Оп. 17. Д. 17/1603. Л. 119.', 'Лукс К. И., Григорьева Е. С.', NULL, NULL, NULL),
(384, 'Прошение', '27 июня 1908 г.', '27 июня 1908 г.', 'Повенецкий уезд', 'Повенецкий уезд', 'Прошение административного ссыльного Марьяна Якубовича Собчак повенецкому уездному исправнику о выдаче денег на одежду', 374, 'Подлинник', 'Русский', 'Рукопись', 1, 'Соколов Александр Сергеевич', '2022-06-29 11:09:52', 'нет', 'Собчак М. Я.', NULL, NULL, NULL),
(385, 'Учетная карточка', '1941-1945 гг.', '21 мая 1980 г.', 'Петрозаводск', 'Петрозаводск', 'Учетная карточка ветерана Карельского фронта Константина Александровича Дворжицкого', 375, 'Подлинник', 'Русский', 'Рукопись', 1, 'Соколов Александр Сергеевич', '2022-06-29 12:08:29', 'Родился 27 декабря 1912 г. в г. Петрозаводске. С июня 1941 г. по сентябрь 945 г. служил инструктором в политуправлении Карельского фронта. Подполковник.', 'Дворжицкий К. А.', NULL, NULL, NULL),
(386, 'Список', '1977-1978 гг.', '1978 г.', 'Карельская АССР', 'Петрозаводск', 'Список спортсменов РДЮСШ Госкомспорта Карельской АССР, занявших призовые места на чемпионатах и первенствах СССР', 376, 'Подлинник', 'Русский', 'Машинопись', 1, 'Соколов Александр Сергеевич', '2022-06-29 13:57:29', 'Сергей Хлебников, 1955 года рождения, занял 3-е место на IV Зимней Спртакиаде народов СССР по конькобежному спорту на дистанции 500 м. Татьяна Игнатович, 1960 года рождения, заняла 1-е место в эстафете 4х5 км на IV Зимней Спртакиаде народов СССР по лжыным гонкам. Галина Голубева, 1961 года рождения занала 2-е место в эстафете 4х5 км в юношеском первенстве СССР по лыжным гонкам.', 'Хлебников С. А., Игнатович Т., Голубева Г', NULL, NULL, NULL),
(387, 'Ходатайство', '16 июня 1983 г.', '16 июня 1983 г.', 'Петрозаводск', 'Петрозаводск', 'Ходатайство ДЮСШ Петрозаводского дворца пионеров и школьников в Комитет по физической культуре и спорту при СМ Карельской АССР о присвоении тренееру-преподавателю по хоккею Валерию Борисовичу Барбашину высшей тренерской категории', 377, 'Подлинник', 'Русский', 'Машинопись', 1, 'Соколов Александр Сергеевич', '2022-06-29 14:10:41', 'Выпускник тренера В. Б. Барбашина Андрей Карпин с сентября 1979 г. переведен в команду \"Динамо\" (Москва), в составе которой в 1980 г. занял 2-ое место в первенстве СССР по хоккею, в 1981 г. в составе юношеской сборной команды СССР стал чемпионом Европы, а в январе 1983 г. занял 1-е место на молодежном чемпионате мира.', 'Барбашин В. Б., Карпин А. Б.', NULL, NULL, NULL),
(388, 'Ходатайство', '31 октября 1983 г.', '31 октября 1983 г.', 'Петрозаводск', 'Петрозаводск', 'Ходатайство клуба юных моряков г. Петрозаводска в Государственный комитет Карельской АССР по физической культуре и спорту о присвоении звания тренера второй категории преподавателю по морскому многоборью Игорю Сергеевичу Лукину', 378, 'Подлинник', 'Русский', 'Машинопись', 1, 'Соколов Александр Сергеевич', '2022-06-29 14:16:07', 'Имеется эмблема КЮМа.', 'Лукин И. С.', NULL, NULL, NULL),
(389, 'Представление', '7 февраля 1963 г.', '7 февраля 1963 г.', 'Петрозаводск', 'Петрозаводск', 'Представление Совета Министров Карельской АССР в Президиум Верховного Совета Карельской АССР на награждение почетной грамотой артиста Георгия Петровича Глиноецкого', 379, 'Подлинник', 'Русский', 'Машинопись', 1, 'Соколов Александр Сергеевич', '2022-06-29 14:19:39', 'Родился 22 февраля 1913 г.', 'Глиноецкий Г. П.', NULL, NULL, NULL),
(390, 'Отношение', '1923 г.', '16 июня 1923 г.', 'Петрозаводск', 'Петрозаводск', 'Отношение доктора М. Ф. Леви в Карельский областной отдел союза Всемедикосантруд о передаче в дар библиотеки в связи с отъездом из г. Петрозаводска и список книг', 380, 'Подлинник', 'Русский', 'Рукопись', 1, 'Соколов Александр Сергеевич', '2022-06-29 16:57:44', 'нет', 'Леви М. Ф.', NULL, NULL, NULL),
(391, 'Характеристика', '22 декабря 1962 г.', '22 декабря 1962 г.', 'Карельская АССР', 'Петрозаводск', 'Характеристика председателя Союза спортивных обществ и организаций Карельской АССР на заместителя председателя союза Надежду Александровну Кротову', 381, 'Подлинник', 'Русский', 'Машинопись', 1, 'Соколов Александр Сергеевич', '2022-06-29 17:00:53', 'Родилась 11 января 1913 г. ', 'Кротова Н. А.', NULL, NULL, NULL),
(392, 'Постановление', '1877 г.', '29 ноября 1877 г.', 'Олонецкая губерния', 'Петрозаводск', 'Постановление Олонецкого губернского распорядительного комитета по вопросу размещения военнопленных турок в случае их присылки в Олонекую губернию', 382, 'Подлинник', 'Русский', 'Рукопись', 1, 'Соколов Александр Сергеевич', '2022-06-29 17:04:36', 'Планировалось прислать 500 турок, но от этих планов отказались. Городской голова Н. Ф. Пикин заявлял, что в г. Петрозаводске всего 859 домов, в числе которых весьма много таких, которые только носят названия дома, а в сущности - это хижины. Население города - 12 тысяч душ, т. е. на каждый дом - до 14 жителей. В Петрозаводск было выслано 114 семеств мятежников - горцев. Т. е. мест для размещения и продовольствия турок не было.', 'Пикин Н. Ф.', NULL, NULL, NULL),
(393, 'Журнал', '7 марта 1829 г.', '7 марта 1829 г.', 'Олонецкая губерния', 'Петрозаводск', 'Журнал лесного отделения Олонецкой казенной палаты о разделении лесных участков лесничества и округа', 383, 'Подлинник', 'Русский', 'Рукопись', 1, 'Соколов Александр Сергеевич', '2022-06-29 17:45:40', 'нет', 'нет', NULL, NULL, NULL),
(394, 'Решение', '1968 г.', '1968 г.', 'Пудожский район', 'Пудож', 'Решение исполнительного комитета Пудожского районного совета о представлении к награждению медалью \"За спасение утопающих\" главного инженера Воддинского леспромхоза Юрия Петровича Бакланова посмертно', 384, 'Подлинник', 'Русский', 'Машинопись', 1, 'Соколов Александр Сергеевич', '2022-06-29 17:48:51', 'нет', 'Бакланов Ю. П.', NULL, NULL, NULL),
(395, 'Решение', '1968 г.', '1968 г.', 'Пудожский район', 'Пудож', 'Решение исполнительного комитета Пудожского районного совета о представлении к награждению медалью \"За спасение утопающих\" главного инженера Водлинского леспромхоза Юрия Петровича Бакланова посмертно', 384, 'Подлинник', 'Русский', 'Машинопись', 1, 'Соколов Александр Сергеевич', '2022-06-29 17:48:51', 'нет', 'Бакланов Ю. П.', NULL, NULL, NULL),
(396, 'Таблица', '1917 г.', '1917 г.', 'Олонецкая губерния', 'Петроград', 'таблица условных обозначений должностей служащих Мурманской железной дороги', 385, 'Подлинник', 'Русский', 'Рукопись', 1, 'Соколов Александр Сергеевич', '2022-06-29 17:51:53', 'нет', 'нет', NULL, NULL, NULL),
(397, 'Отношение', '1887 г.', '30 мая 1887 г.', 'Петрозаводский уезд', 'Петрозаводск', 'Отношение епископа Петрозаводского и Олонецкого Павла олонецкому губернатору Г. Г. Григорьеву о краже точильного камня крестьянами Брусненского прихода из Брусненской церковной каменоломни', 386, 'Подлинник', 'Русский', 'Рукопись', 1, 'Соколов Александр Сергеевич', '2022-06-29 17:54:33', 'нет', 'Павел (Доброхотов)', NULL, NULL, NULL),
(398, 'Отношение', '9 декабря 1917 г.', '9 декабря 1917 г.', 'Петрозаводск', 'Петрозаводск', 'Отношение дирижера-распорядителя Товарищества кинотеатров на вере \"Отдых\" Д. Катуна в Олонецкий губернский совет о торгах на сдачу помещений Петрозаводского благотворительного общества', 387, 'Подлинник', 'Русский', 'Рукопись', 1, 'Соколов Александр Сергеевич', '2022-06-30 09:12:22', 'нет', 'Катун Д. И.', NULL, NULL, NULL),
(399, 'Письмо', 'февраль 1959 г.', 'февраль 1959 г.', 'Рим, Италия, Карельская АССР', 'Рим', 'Письмо деятеля католической церкви Джорджио ла Пира председателю Петрозаводского городскогоо совета с пожеланием добра и мира', 388, 'Подлинник', 'Латынь, итальянский', 'Рукопись, типографский экземпляр', 1, 'Соколов Александр Сергеевич', '2022-07-01 14:10:43', 'нет', 'Пира, де Д.', NULL, NULL, NULL),
(400, 'Письмо', '1960 г.', '20 апреля 1960 г.', 'Карельская АССР', 'Ленинград', 'Письмо главного инженера Ленинградского монетного двора управляющему делами Совета Министров Карельской АССР об образце знака \"40 лет Карельской АССР\" и знак', 389, 'Подлинник', 'Русский', 'Машинопись', 1, 'Соколов Александр Сергеевич', '2022-07-01 14:13:56', 'К письму приложен образец знака.', 'нет', NULL, NULL, NULL),
(401, 'Сообщение', '1960 г.', '4 июля 1960 г.', 'Рим', 'Рим', 'Сообщение о праве наследования провозгласившего себя императором Марцианом Вторым претендента на византийский престол Марциано Лаварелло', 390, 'Типографский экземпляр', 'Итальянский', 'Типографский экземпляр', 1, 'Соколов Александр Сергеевич', '2022-07-01 14:18:58', 'Направлено в адрес СМ КАССР.', 'Лаварелло М.', NULL, NULL, NULL),
(402, 'Сообщение', '1960 г.', '1 октября 1960 г.', 'Рим', 'Рим', 'Сообщение маршала двора претендента на византийский престол Марциано Лаварелло Полотти ди Цумалья в Совет Министров Карельской АССР о правах на престол Византии', 391, 'Подлинник', 'Итальянский', 'Машинопись', 1, 'Соколов Александр Сергеевич', '2022-07-01 14:22:08', 'нет', 'Лаварелло М., Цумалья, де П.', NULL, NULL, NULL),
(403, 'Письмо', '1914 г.', '14 сентября 1914 г.', 'Лодейное Поле', 'Лодейное Поле', 'Письмо лодейнопольского городского старосты Андрея Яковлевича Крылова олонецкому губернатору Михаилу Ивановичу Зубовскому с благодарностью за присвоение звания почетного гражданина г. Лодейного Поля', 392, 'Подлинник', 'Русский', 'Рукопись', 1, 'Соколов Александр Сергеевич', '2022-07-04 17:33:32', 'нет', 'Крылов А. Я., Зубовский М. И.', NULL, NULL, NULL),
(404, 'Журнал', '11 декабря 1896 г.', '18 декабря 1896 г.', 'Петрозаводский уезд', 'Петрозаводск', 'Журнал Олонецкой духовной констистории о разрешении священнику Устьручского прихода Лодейнопольского уезда Евфимию Звероловлеву перенести тело его брата игумена Исихия, умершего в петрозаводской больнице, в Яшезерскую пустынь', 393, 'Подлинник', 'Русский', 'Рукопись', 1, 'Соколов Александр Сергеевич', '2022-07-04 17:40:12', 'нет', 'Звероловлев Е., Исихий (Звероловлев)', NULL, NULL, NULL),
(405, 'Журнал', '1896 г.', '25 ноября 1896 г.', 'Повенецкий уезд', 'Петрозаводск', 'Журнал заседания Олонецкой духовной консистории о желании крестьян д. Медвежьей Горы Семчезерского погоста построить часовню на перекрестке зимних дорог вблизи деревни', 394, 'Подлинник', 'Русский', 'Рукопись', 1, 'Соколов Александр Сергеевич', '2022-07-04 17:46:56', 'Старая часовня обветшала, находилась в полуверсте от деревни, была перестроена из домика крестьянской вдовы.', 'нет', NULL, NULL, NULL),
(406, 'Справка', '7 апреля 1983 г.', '7 апреля 1984 г.', 'Карельская АССР', 'Петрозаводск', 'Справка Центрального государственного архива Карельской АССР профессору В. Ч. Бржескому о враче-гинекологе М. Ф. Леви', 395, 'Отпуск', 'Русский', 'Рукопись', 1, 'Соколов Александр Сергеевич', '2022-07-04 17:50:16', 'нет', 'Бржеский В. Ч., Леви М. Ф.', NULL, NULL, NULL),
(407, 'Список', '1922 г.', '1922 г.', 'Кемь', 'Кемь', 'Из списка членов семьи работников Кемского морского агентства - о составе семьи журналистки Градиславы Канорской', 396, 'Подлинник', 'Русский', 'Рукопись', 1, 'Соколов Александр Сергеевич', '2022-07-05 16:59:07', 'нет', 'Канорская Г. Н.', NULL, NULL, NULL),
(408, 'Отношение', '16 мая 1898 г.', '16 мая 1898 г.', 'Петрозаводск', 'Петрозаводск', 'Отношение председателя Совета Александро-Свирского братства архимандрита Нафанаила олонецкому вице-губернатору С. А. Вяземскому о назначении технической комиссии для осмотра дома священника А. Воскресенского (бывшего Ярышева) по Садовой улице для приобретения его братством', 397, 'Подлинник', 'Русский', 'Рукопись', 1, 'Соколов Александр Сергеевич', '2022-07-05 17:02:26', 'нет', 'Вяземский С. А., Воскресенский А, Ярышев, Нафанаил (архимандрит)', NULL, NULL, NULL),
(409, 'Листок по учету кадров', '1938 г.', '20 марта 1938 г.', 'Москва', 'Петрозаводск', 'Личный листок по учету кадров директора карельского зала при Всероссийской сельхозвыставке Григория Александровича Табарданова', 398, 'Подлинник', 'Русский', 'Рукопись, фотография', 1, 'Соколов Александр Сергеевич', '2022-07-05 17:50:04', 'нет', 'Табарданова Г. А.', NULL, NULL, NULL),
(410, 'Постановление', '1966 г.', '1 ноября 1966 г.', 'Петрозаводск', 'Петрозаводск', 'Постановление президиума Совета Союза спортивных обществ и организаций Карельской АССР о внедрении лыжного крепления \"Турист\", разработанного лаборантом кафедры физического воспитания Петрозаводского государственного университета Андреем Петровичем Шалопановым', 399, 'Подлинник', 'Русский', 'Машинопись', 1, 'Соколов Александр Сергеевич', '2022-07-05 17:52:24', 'нет', 'Шалопанов А. П.', NULL, NULL, NULL),
(411, 'Календарь', '1929 г.', '1929 г.', 'Петрозаводск', 'Петрозаводск', 'Календарь летнего первенства по футболу г. Петрозаводска', 400, 'Копия', 'Русский', 'Машинопись', 1, 'Соколов Александр Сергеевич', '2022-07-06 09:59:46', 'нет', 'нет', NULL, NULL, NULL),
(412, 'Список', '1929 г.', '5 января 1929 г.', 'Петрозаводск', 'Петрозаводск', 'Список хоккейной команды Союза совторгслужащих', 401, 'Подлинник', 'Русский', 'Рукопись', 1, 'Соколов Александр Сергеевич', '2022-07-06 10:02:23', 'нет', 'нет', NULL, NULL, NULL),
(413, 'Приказ', 'июль 1951 г.', '14 июля 1951 г.', 'Сегежа', 'Петрозаводск', 'Приказ комитета по делам физкультуры и спорта при Совете Министров Карело-Финской ССР о командировании С. А. Майстермана судьей на футбольный матч в г. Сегежу', 402, 'Подлинник', 'Русский', 'Машинопись', 1, 'Соколов Александр Сергеевич', '2022-07-06 10:06:41', 'нет', 'Майстерман С. А.', NULL, NULL, NULL),
(414, 'Диплом', '[1930-1939 гг.]', '[1930-1939 гг.]', 'Петрозаводск', 'Петрозаводск', 'Диплом Петрозаводской секции кровного собаководства', 403, 'Типографский экземпляр', 'Русский', 'Типографский экземпляр', 1, 'Соколов Александр Сергеевич', '2022-07-06 10:40:22', 'нет', 'нет', NULL, NULL, NULL),
(415, 'План', '31 июля 1941 г.', '31 июля 1941 г.', 'Пиндуши', 'Пиндуши', 'План эвакуации пиндушской судоверфи Наркомата речного флота СССР', 404, 'Подлинник', 'Русский', 'Машинопись', 1, 'Соколов Александр Сергеевич', '2022-07-06 10:42:45', 'нет', 'нет', NULL, NULL, NULL),
(416, 'Отношение', '1912 г.', '14 апреля 1912 г.', 'Петрозаводск', 'Петрозаводск', 'Отношение инженера-гидротехника при Олонецком управлении земледелия и государственных имуществ о разрешении устройства водомерных постов и гидрометеостанции на реке Неглинной в пределах владения семинарии', 405, 'Подлинник', 'Русский', 'Рукопись', 1, 'Соколов Александр Сергеевич', '2022-07-06 10:54:07', 'нет', 'нет', NULL, NULL, NULL),
(417, 'Извещение', '6 февраля 1942 г.', '20 апреля 1942 г.', 'Заонежский район', 'Пудож', 'Извещение Пудожского районного военного комиссариата Карело-Финской ССР о смерти комиссара партизанского отряда № 1 Федора Васильевича Воронова в районе Лейнаволок Заонежского района', 406, 'Копия', 'Русский', 'Рукопись', 1, 'Соколов Александр Сергеевич', '2022-07-06 11:10:18', 'нет', 'Воронов Ф. В.', NULL, NULL, NULL),
(418, 'Анкета', '1924 г.', '1924 г.', 'Автономная Карельская ССР', 'Петрозаводск', 'Анкета артистки Карельского государственного театра Ольги Александровны Аполлонской (Бобрищевой-Пушкинской)', 407, 'Подлинник', 'Русский', 'Рукопись', 1, 'Соколов Александр Сергеевич', '2022-07-06 11:15:49', 'нет', 'нет', NULL, NULL, NULL),
(419, 'Маршрутная книжка', '1958 г.', '1958 г.', 'Кемь', 'Кемь', 'Маршрутная книжка группы юных туристов школы № 18 станции Кемь', 408, 'Подлинник', 'Русский', 'Рукопись', 1, 'Соколов Александр Сергеевич', '2022-07-06 11:46:49', 'нет', 'нет', NULL, NULL, NULL),
(420, 'Отношение', '1918 г.', '16 ноября 1918 г.', 'Архангельск', 'Мурманск', 'Отношение коменданта г.Мурманска коменданту г. Архангельска о препровождении к нему штаб-ротмистра Мелик-Шахназарова', 409, 'Подлинник', 'Русский', 'Рукопись', 1, 'Соколов Александр Сергеевич', '2022-07-06 16:59:15', 'нет', 'Мелик-Шахназаров', NULL, NULL, NULL),
(421, 'Акт', '6 октября 1911 г.', '6 октября 1911 г.', 'Петрозаводск', 'Петрозаводск', 'Акт осмотра олонецким губернским инженером А. Беспальчевым помещения коммерческого клуба на Садовой улице в г. Петрозаводске', 410, 'Подлинник', 'Русский', 'Рукопись', 1, 'Соколов Александр Сергеевич', '2022-07-06 17:01:41', 'нет', 'Беспальчев А. Ф.', NULL, NULL, NULL),
(422, 'Отношение', '12 ноября 1899 г.', '12 ноября 1899 г.', 'Петрозаводск', 'Петрозаводск', 'Отношение проиемщика при Главном артиллерийском управлении Антоновского горному начальнику Олонецких горных заводов о переносе полигона Александровского завода на летнее время на восьмую версту от г. Петрозаводска', 411, 'Подлинник', 'Русский', 'Рукопись', 1, 'Соколов Александр Сергеевич', '2022-07-06 17:05:56', 'нет', 'Антоновский', NULL, NULL, NULL),
(423, 'Отношение', '12 ноября 1899 г.', '12 ноября 1899 г.', 'Петрозаводск', 'Петрозаводск', 'Отношение приемщика при Главном артиллерийском управлении Антоновского горному начальнику Олонецких горных заводов о переносе полигона Александровского завода на летнее время на восьмую версту от г. Петрозаводска', 411, 'Подлинник', 'Русский', 'Рукопись', 1, 'Соколов Александр Сергеевич', '2022-07-06 17:08:01', 'нет', 'Антоновский', NULL, NULL, NULL),
(424, 'Предписание', '30 июня 1838 г.', '30 июня 1838 г.', 'Архангельск', 'Санкт-Петербург', 'Предписание министра внутренних дел олонецкому губернатору о представлении сведений о домах и мореходных судах, принадлежащих выгорецкому старообрядческому общежитию в г. Архангельске', 412, 'Подлинник', 'Русский', 'Рукопись', 1, 'Соколов Александр Сергеевич', '2022-07-06 17:10:33', 'нет', 'нет', NULL, NULL, NULL),
(425, 'Счет', '18 сентября 1912 г.', '18 сентября 1912 г.', 'Вытегорский уезд', 'Санкт-Петербург', 'Счет склада фотопринадлежностей Иохим и К в г. Санкт-Петербурге начальнику 1-ого участка Тихвинского отделения Вытегорского округа путей сообщения Вержбицкому за фотоаппарат серии XV с объективом Герц Дагор', 413, 'Подлинник', 'Русский', 'Рукопись, типографский экземпляр', 1, 'Соколов Александр Сергеевич', '2022-07-06 17:47:35', 'Фотоаппарат стоил 28 рублей, объектив Герц Дагор 68 рублей 50 коп.', 'Вержбицкий', NULL, NULL, NULL),
(426, 'Постановление', '20 июля 1811 г.', '18 августа 1811 г.', 'Сулажгора', 'Петрозаводск', 'Постановление Олонецкой палаты уголовного суда о результате расследования смерти крестьянина Григория Иванова во время игры в городки в с. Сулажгоре', 414, 'Подлинник', 'Русский', 'Рукопись', 1, 'Соколов Александр Сергеевич', '2022-07-07 17:07:23', 'нет', 'Иванов Г.', NULL, NULL, NULL),
(427, 'Распоряжение', 'ноябрь 1912 г.', '30 ноября 1912 г.', 'Олонецкая губерния', 'Петрозаводск', 'Распоряжение олонецкого губернатора уездным исправникам Олонецкой губернии о наблюдении за появлением в округе сторонников водворенного в Архиерейский дом в г. Петрозаводске иеромонаха Иннокентия', 415, 'Подлинник', 'Русский', 'Машинопись', 1, 'Соколов Александр Сергеевич', '2022-07-07 17:10:07', 'нет', 'Иннокентий (Левизор)', NULL, NULL, NULL),
(428, 'Протокол', '15 июня 1927 г.', '15 июня 1927 г.', 'Петрозаводск', 'Петрозаводск', 'Протокол заседания бюро кружка \"Спартак\" Карельского совета союза Совторгпроса о пересмотре состава футбольных команд кружка', 416, 'Копия', 'Русский', 'Машинопись', 1, 'Соколов Александр Сергеевич', '2022-07-07 17:13:17', 'нет', 'нет', NULL, NULL, NULL),
(429, 'Листок по учету кадров', '1926 г.', '1926 г.', 'Петрозаводск', 'Петрозаводск', 'Личный листок члена президиума Карельского отделения ВСЕРАБИСа Бориса Валериановича Харламова', 417, 'Подлинник', 'Русский', 'Рукопись', 1, 'Соколов Александр Сергеевич', '2022-07-07 17:36:59', 'Родился в 1891 г. Актер драмы.', 'Харламов Б. В.', NULL, NULL, NULL),
(430, 'Отношение', '10 августа 1919 г.', '10 августа 1919 г.', 'Петрозаводск', 'Петрозаводск', 'Отношение флагманского штурмана Онежской военной флотилии Константина Андреевича Мигаловского в Петрозаводский городской совет о предоставлении лодок для начальника Онежской лоцдистанции', 418, 'Подлинник', 'Русский', 'Машинопись', 1, 'Соколов Александр Сергеевич', '2022-07-07 17:40:54', 'нет', 'Мигаловский К. А.', NULL, NULL, NULL),
(431, 'Отношение', '5 августа 1852 г.', '5 августа 1852 г.', 'Кемский уезд', 'Архангельск', 'Отношение архангельского губернатора Викентия Францевича Фрибеса Кемской городовой ратуше о привлечении к ответственности старообрядцев Топозерского скита за именование себя иноками и ношение монашеских одеяний', 419, 'Подлинник', 'Русский', 'Рукопись', 1, 'Соколов Александр Сергеевич', '2022-07-07 17:45:12', 'нет', 'Фрибес В. Ф.', NULL, NULL, NULL),
(432, 'Положение', '1935 г.', '6 марта - 12 марта, 24-30 апреля 1935 г.', 'Автономная Карельская ССР', 'Петрозаводск', 'Положение о Всекарельских розыгрышах по хоккею с 6 по 12 марта 1935 г., волейболу и баскетболу с 24 по 30 апреля 1935 г. ', 420, 'Подлинник', 'Русский', 'Машинопись', 1, 'Соколов Александр Сергеевич', '2022-07-07 17:50:39', 'Правила игры в хоккей - см. л. 50-55.', 'нет', NULL, NULL, NULL),
(433, 'Список', '1957 г.', '1957 г.', 'СССР', 'Петрозаводск', 'Списочный состав участников коллектива физкультуры Онежского тракторного завода - участников первенства СССР по хоккею с мячом по группе А', 421, 'Подлинник', 'Русский', 'Машинопись', 1, 'Соколов Александр Сергеевич', '2022-07-07 17:54:00', 'нет', 'нет', NULL, NULL, NULL),
(434, 'Протокол', '14 октября 1953 г.', '14 октября 1953 г.', 'Карельская АССР', 'Петрозаводск', 'Выписка из протокола сотрудников озерной экспедиции Института биологии Карело-Финского филиала Академии наук СССР о запрете лова леща на Миккельском озере', 422, 'Копия', 'Русский', 'Машинопись', 1, 'Соколов Александр Сергеевич', '2022-07-07 17:56:15', 'Копия заверена подписью И. Ф. Правдина.', 'Правдин И. Ф.', NULL, NULL, NULL),
(435, 'Письмо', '1941-1945 гг.', '28 февраля 1946 г.', 'Карело-Финская ССР', 'СССР', 'Письма членов комсостава катера Онежской военной флотилии \"Ухта\" Николая Николаевича Андрианова и Александра Трофимовича Сарычева в Президиум Верховного Совета Карело-Финской ССР по вопросам награждения', 423, 'Подлинник', 'Русский', 'Рукопись', 1, 'Соколов Александр Сергеевич', '2022-07-08 15:07:52', 'нет', 'Сарычев А. Т., Андрианов Н. Н.', NULL, NULL, NULL),
(436, 'Постановление', '6 ноября 1935 г.', '6 ноября 1935 г.', 'Автономная Карельская ССР', 'Петрозаводск', 'Постановление Совета Народных Комиссаров Автономной Карельской ССР о передаче автобазы областного совета Автодора государственной автошколе Карелии в связи с его ликвидацией', 424, 'Подлинник', 'Русский', 'Машинопись', 1, 'Соколов Александр Сергеевич', '2022-07-08 15:15:48', 'нет', 'нет', NULL, NULL, NULL),
(437, 'Журнал', '16 декабря 1902 г.', '16 декабря 1902 г.', 'Ладва', 'Ладва', 'Журнал заседания Ладвинской сельской пожарной дружины', 425, 'Подлинник', 'Русский', 'Рукопись', 1, 'Соколов Александр Сергеевич', '2022-07-08 15:18:21', 'нет', 'нет', NULL, NULL, NULL),
(438, 'Сообщение', '1786 г.', '18 декабря 1786 г.', 'Пудож', 'Пудож', 'Сообщение Пудожского городничего секунд-майора Спадаренкова в Пудожскую нижнюю расправу о государственном крестьянине Григории Рогове, обвиняемом в произнесении фразы \"Слово и дело государево\"', 426, 'Подлинник', 'Русский', 'Рукопись', 1, 'Соколов Александр Сергеевич', '2022-07-08 15:32:09', 'нет', 'Спадаренков П., Рогов Г.', NULL, NULL, NULL),
(439, 'Формулярный список', '1851-1906 гг.', '10 апреля 1906 г.', 'Каргополь', 'Каргополь', 'Формулярный список вытегорского исправника, почетного гражданина г. Каргополя Павла Васильевича Качалова', 427, 'Подлинник', 'Русский', 'Рукопись', 1, 'Соколов Александр Сергеевич', '2022-07-08 15:36:58', 'нет', 'Качалов П. В.', NULL, NULL, NULL),
(440, 'Рапорт', 'сентябрь 1799 г.', '16 сениября 1799 г.', 'Олонец', 'Олонец', 'Рапорт учителя Олонецкой малой народной школы директору народных школ Новгородской губернии о состоянии школ и посещении школы новгородским губернатором Никифором Михайловичем Мариным', 428, 'Подлинник', 'Русский', 'Рукопись', 1, 'Соколов Александр Сергеевич', '2022-07-08 15:39:07', 'нет', 'Марин Н. М.', NULL, NULL, NULL),
(441, 'Рапорт', '10 октября 1887 г.', '13 октября 1887 г.', 'Вознесенье, Подпорожье', 'Пудож', 'Рапорт пудожского уездного исправника олонецкому губернатору о последнем рейсе парохода \"Геркулес\" в связи с его переоборудованием в колесный и увеличением на 30 футов', 429, 'Подлинник', 'Русский', 'Рукопись', 1, 'Соколов Александр Сергеевич', '2022-07-15 09:29:33', 'нет', 'нет', NULL, NULL, NULL),
(442, 'Рапорт', '1867 г.', '20 марта 1867 г.', 'Петрозаводск', 'Петрозаводск', 'Рапорт помощника архивариуса Ошевенского в Олонецкое губернское правление о необходимости очистки снега во дворе бывшего тюремного замка, где размещались дела архива', 430, 'Копия', 'Русский', 'Рукопись', 1, 'Соколов Александр Сергеевич', '2022-07-15 09:34:53', 'нет', 'Ошевенский', NULL, NULL, NULL),
(443, 'Отношение', '1867 г.', '2 мая 1867 г.', 'Ладва', 'Петрозаводск', 'Отношение Олонецкой духовной консистории в Олонецкое губернское правление о желании санкт-петербургского купца Дорофея Ивановича Тулина отремонтировать часовню во имя Святой мученицы Параскевы в с. Ладве', 431, 'Подлинник', 'Русский', 'Рукопись', 1, 'Соколов Александр Сергеевич', '2022-07-15 09:47:25', 'Часовня построена в 1687 г., до этого считалась церковью. Тулин являлся уроженцем с. Ладвы.', 'Тулин Д. И.', NULL, NULL, NULL),
(444, 'Список', '9 января 1892 г.', '9 января 1892 г.', 'Вытегра', 'Вытегра', 'Список служащих и преподавателей Вытегорской учительской семинарии', 432, 'Подлинник', 'Русский', 'Рукопись', 1, 'Соколов Александр Сергеевич', '2022-07-15 09:54:25', 'В списке значится \"отставленный за штатом учитель приготовительного класса семинарии коллежский ассесор Федор Кузьмич Тетерников\". См. также список за 7 января 1892 г. - Ф.2. Оп.47. Д. 6/106. Л. 148-149об.', 'Тетерников Ф. К.', NULL, NULL, NULL),
(445, 'Список', '1891 г.', '1891 г.', 'Лодейнопольский уезд', 'Лодейное Поле', 'Список медведей в разных местах Лодейнопольского уезда', 433, 'Подлинник', 'Русский', 'Рукопись', 1, 'Соколов Александр Сергеевич', '2022-07-15 12:04:29', 'нет', 'нет', NULL, NULL, NULL),
(446, 'Прошение', '5 декабря 1891 г.', '5 декабря 1891 г.', 'Петрозаводск', 'Петрозаводск', 'Прошение ссыльного отставного прапорщика Петра Александровича Воскресенского олонецкому губернатору о разрешении постановки спектаклей в свою пользу', 434, 'Подлинник', 'Русский', 'Рукопись', 1, 'Соколов Александр Сергеевич', '2022-07-19 12:50:04', 'Воскресенский участвовал в русско-турецкой войне. Служил в театрах Казани и Харькова. В ссылке был певчим в церковном хоре кладбищенской церкви г. Петрозаводска.', 'Воскресенский П. А.', NULL, NULL, NULL),
(447, 'Список', '1927 г.', '1927 г.', 'Петрозаводск', 'Петрозаводск', 'Список воспитательно-педагогического персонала учебно-производственной школы швейно-ремесленного ученичества в г. Петрозаводске', 435, 'Подлинник', 'Русский', 'Рукопись', 1, 'Соколов Александр Сергеевич', '2022-07-19 12:53:24', 'нет', 'нет', NULL, NULL, NULL),
(448, 'Предписание', 'июнь 1884 г.', '20 мая 1884 г.', 'Шуйская волость, Петрозаводский уезд', 'Петрозаводск', 'Предписание петрозаводского уездного исправника Шуйскому волостному правлению о предоставлении подвод для поездки великого князя Владимира Александровича на Кивач', 436, 'Подлинник', 'Русский', 'Рукопись', 1, 'Соколов Александр Сергеевич', '2022-07-19 15:10:36', 'нет', 'Владимир Александрович (великий князь)', NULL, NULL, NULL),
(449, 'Извещение', 'июнь 1941 г.', '2 февраля 1942 г.', 'Медвежьегорский район', 'Беломорск', 'Извещение председателя Совета народных Комиссаров Карело-Финской ССР Евдокии Трофимовне Соколовой о смерти ее сына Дмитрия Петровича Иевлева в июне 1941 г. в составе истребительного отряда в боях под г. Медвежьегосрком', 437, 'Подлинник', 'Русский', 'Рукопись', 1, 'Соколов Александр Сергеевич', '2022-07-19 15:40:58', 'нет', 'Соколова Е. Т., Иевлев Д. П.', NULL, NULL, NULL),
(450, 'Удостоверение', '1933 г.', '16 апреля 1933 г.', 'Якутская АССР', 'Якутск', 'Удостоверение Якутского обкома ВКП(б) Жану Карловичу Ягору о командировании его в Усть-Алданский район для проведения посевной кампании', 438, 'Подлинник', 'Русский', 'Машинопись', 1, 'Соколов Александр Сергеевич', '2022-07-19 15:47:03', 'нет', 'Ягор Ж. К.', NULL, NULL, NULL),
(451, 'Журнал', '1915 г.', '23 декабря 1915 г.', 'Петрозаводск', 'Петрозаводск', 'Журнал Петрозаводской городской думы об установлении сборов с автомобилей и разработке вопроса о сообщении города с вокзалом', 439, 'Подлинник', 'Русский', 'Машинопись', 1, 'Соколов Александр Сергеевич', '2022-07-19 17:10:45', 'нет', 'нет', NULL, NULL, NULL),
(452, 'Правила ', '1915 г.', '1915 г.', 'Россия', 'Петроград', 'Правила о порядке счетоводства и отчетсности по перестройке железнодорожной линии Вологда - Няндома', 440, 'Типографский экземпляр', 'Русский', 'Типографский экземпляр', 1, 'Соколов Александр Сергеевич', '2022-07-19 17:13:39', 'нет', 'нет', NULL, NULL, NULL),
(453, 'Отношение', 'август 1920 г.', '30 августа 1920 г.', 'Повенецкий уезд, Петрозаводский уезд', 'Петрозаводск', 'Отношение культотдела Карельского совета профсоюзов в Союз Медикосантруд об организации экскурсии в д. Суйсарь и Сенную Губу на пароходе \"Роза Люксембург\", на аэродром в с. Соломенное на пароходе \"Шиповка\"', 441, 'Подлинник', 'Русский', 'Машинопись', 1, 'Соколов Александр Сергеевич', '2022-07-20 11:14:49', 'нет', 'нет', NULL, NULL, NULL),
(454, 'Уведомление', '18 июня 1874 г.', '24 июня 1874 г.', 'Кончезеро', 'Петрозаводск', 'Уведомление горного начальника Олонецких заводов управляющему Олонецкой контрольной палатой о сгоревших мелочном магазине и заводской конторе Кончезерского завода', 442, 'Подлинник', 'Русский', 'Рукопись', 1, 'Соколов Александр Сергеевич', '2022-07-20 11:18:31', 'нет', 'нет', NULL, NULL, NULL),
(455, 'Уведомление', '1945 г.', '24 января 1945 г.', 'Беломорск', 'Москва', 'Уведомление заместителя народного комиссара морского флота СССР А. А. Афанасьева председателю Совета Народных Комиссаров Карело-Финской ССР П. С. Прокконену о временном подчинении Беломорского порта Архангельскому порту', 443, 'Подлинник', 'Русский', 'Машинопись', 1, 'Соколов Александр Сергеевич', '2022-07-20 11:20:51', 'нет', 'Афанасьев А. А., Прокконен П. С.', NULL, NULL, NULL),
(456, 'Прошение', '24 июля 1903 г.', '24 июля 1903 г.', 'Лодейное Поле', 'Лодейное Поле', 'Прошение политического ссыльного Адольфа Фридриховича Корндорфа прокурору Петрозаводского окружного суда об улучшении условий его содержания в Лодейнопольской тюрьме', 444, 'Подлинник', 'Русский', 'Рукопись', 1, 'Соколов Александр Сергеевич', '2022-07-20 11:36:59', 'нет', 'Корндорф А. Ф.', NULL, NULL, NULL),
(457, 'План', '6 июля 1935 г.', 'июль 1935 г.', 'Петрозаводск', 'Петрозаводск', 'План проведения водно-физкультурного праздника в 15-ый юбилей Карельской АССР', 445, 'Подлинник', 'Русский', 'Машинопись', 1, 'Соколов Александр Сергеевич', '2022-07-20 11:46:39', 'нет', 'нет', NULL, NULL, NULL),
(458, 'Опись', '1954 г.', '12 января 1954 г.', 'Петрозаводск', 'Петрозаводск', 'Опись мокрых препаратов, поступивших в качестве экспонатов из Карелфинрыбвода в Карело-Финский историко-краеведческий музей', 446, 'Подлинник', 'Русский', 'Рукопись', 1, 'Соколов Александр Сергеевич', '2022-07-20 14:04:46', 'нет', 'нет', NULL, NULL, NULL),
(459, 'Таблица', '1948 г.', '1948 г.', 'Союз Советских Социалистических Республик', 'Москва', 'результаты первенства СССР по баскетболу среди женских команд с участием команды \"Большевик\" из Петрозаводска', 447, 'Копия', 'Русский', 'Машинопись', 1, 'Соколов Александр Сергеевич', '2022-07-20 15:07:52', 'Команда \"Большевик\" (Петрозаводск) заняла 23 место.', 'нет', NULL, NULL, NULL),
(460, 'Отношение', '27 апреля 1868 г.', '27 апреля 1868 г.', 'Великое Княжество Финляндское, Петрозаводск', 'Великое Княжество Финляндское', 'Отношение коменданта крепости Свеаборг в Петрозаводский уездный суд относительно местонахождения помощника почтмейстера крепости Свеаборг Карла Нюгрена', 448, 'Подлинник', 'Русский', 'Рукопись', 1, 'Соколов Александр Сергеевич', '2022-07-20 15:14:12', 'нет', 'Нюгрен К.', NULL, NULL, NULL),
(461, 'Журнал', '1908 г.', '21 февраля 1908 г.', 'Олонецкая губерния', 'Петрозаводск', 'Журнал Олонецкого губернского комитета по приисканию мест воинским чинам, пострадавшим на войне с Японией и список нижних чинов, подлежащих устройству на места', 449, 'Копия', 'Русский', 'Типографский экземпляр, машинопись', 1, 'Соколов Александр Сергеевич', '2022-07-20 15:17:54', 'нет', 'нет', NULL, NULL, NULL),
(462, 'Квалификационный лист', '1982 г.', '5 сентября 1982 г.', 'Петрозаводск', 'Петрозаводск', 'Квалификационный лист на тренера по самбо Илью Романовича Шегельмана', 450, 'Подлинник', 'Русский', 'Рукопись', 1, 'Соколов Александр Сергеевич', '2022-07-20 15:21:43', 'нет', 'Шегельман И. Р.', NULL, NULL, NULL),
(463, 'Рапорт', '1855 г.', '22 июня 1855 г.', 'Пебозеро, Маслозерская волость', 'Маслозеро', 'Рапорт старшины Маслозерского волостного правления Логинова благочинному Маслозерского прихода Шанину об окончании ремонта Пебозерской часовни', 451, 'Подлинник', 'Русский', 'Рукопись', 1, 'Соколов Александр Сергеевич', '2022-07-20 15:46:06', 'нет', 'Логинов, Шанин', NULL, NULL, NULL),
(464, 'Отношение', '1891 г.', '17 мая 1891 г.', 'Олонецкая губерния', 'Неизвестно', 'Отношение начальника отдельной съемки Онежского озера подполковника Ю. Ивановского в Олонецкую губернскую земскую управу о представлении открытых листов капитанами судов', 452, 'Подлинник', 'Русский', 'Рукопись', 1, 'Соколов Александр Сергеевич', '2022-07-20 16:15:18', 'Имеется список капитанов судов \"Невка\", \"Лаг\", \"Лот\" и \"Казань\".', 'Ивановский Ю.', NULL, NULL, NULL),
(465, 'Прошение', '1874 г.', '1874 г.', 'Олонец', 'Олонец', 'Прошение находящегося над надзором полиции в г. Олонце Гаральда Розенштандта олонецкому губернскому прокурору об улучшении условий содержания', 453, 'Подлинник', 'Русский', 'Рукопись', 1, 'Соколов Александр Сергеевич', '2022-07-20 16:46:19', 'Датский подданный, майор, кавалер орденов Святого Георгия IV степени, Анны с мечаси, датского ордена Данеброга.', 'Розенштандт Г.', NULL, NULL, NULL),
(466, 'Уведомление', '1908 г.', '26 апреля 1908 г.', 'Петрозаводск', 'Петрозаводск', 'Уведомление Петрозаводской городской управы в Петрозаводское городское полицейское управление о разрешении Олонецкой духовной консистории перестройки деревянной часовни в честь Животворящего Креста Господня в Голиковском участке', 454, 'Подлинник', 'Русский', 'Рукопись', 1, 'Соколов Александр Сергеевич', '2022-07-20 17:27:57', 'нет', 'нет', NULL, NULL, NULL),
(467, 'Справка', '1945 г.', '13 октября 1945 г.', 'Петрозаводск', 'Петрозаводск', 'Справка Особой строительно-монтажной части Индустрой № 3 Наркомата строительства СССР в Наркомат государственного контроля Карело-Финской ССПР о поступивших в его распоряжение узкоколейных паровозах \"Локомо\" и \"Темпеле\" из Финляндии', 455, 'Подлинник', 'Русский', 'Машинопись', 1, 'Соколов Александр Сергеевич', '2022-07-22 11:20:27', 'Всего по репарациям поступрило 4 паровоза для работы в леспромхозах в районе рек Шуи и Суны для заготовки лесоматериалов для нужд строительства завода стандартного машиностроения в районе Пески в г. Петрозаводске.', 'нет', NULL, NULL, NULL),
(468, 'Приказ', '14 января 1942 г.', '3 марта 1952 г.', 'Беломорск', 'Беломорск', 'Выписка из приказа Наркомата государственного контроля Карело-Финской ССР об откомандировании старшего контролера Ивана Яковлевича Валентика в распоряжение Управления оборонной промышленности на время военных действий', 456, 'Копия', 'Русский', 'Рукопись', 1, 'Соколов Александр Сергеевич', '2022-07-22 11:46:49', 'нет', 'Валентик И. Я.', NULL, NULL, NULL),
(469, 'Таблица', '1970 г.', '1970 г.', 'Карельская АССР', 'Петрозаводск', 'Таблица результатов финальных игр по футболу в зачет V Летней спартакиады Карельской АССР', 457, 'Подлинник', 'Русский', 'Рукопись', 1, 'Соколов Александр Сергеевич', '2022-07-22 14:23:07', 'Первое место - Петрозаводск, второе - Сортавала, третье - Медвежьегорск, четвертое - Питкяранта, пятое - Сегежа.', 'нет', NULL, NULL, NULL),
(470, 'Характеристика', '1941 г.', '1941 г.', 'Пиндуши', 'Пиндуши', 'Краткая характеристика работников начальствующего состава Пиндушской судоверфи', 458, 'Подлинник', 'Русский', 'Машинопись', 1, 'Соколов Александр Сергеевич', '2022-07-22 14:28:19', 'В том числе характеристика на Константина Петровича Славинского - заведующего технологической группой судоверфи. Родился в 1880 г. в г. Кронштадте. Участник русско-японской войны, в т.ч. Цусимского сражения в составе экипажа броненосец \"Орел\". С 15 мая по декабрь 1905 г. - в плену в Японии. Участник Первой Мировой войны, в 1917 г. - генерал для поручений.\r\nОсужден по статье 17-58/6 сроком на 10 лет.', 'Славинский К. П.', NULL, NULL, NULL),
(471, 'Рапорт', 'октябрь 1941 г. - май 1942 г.', '17 мая 1942 г.', 'Карело-Финская ССР', 'Карело-Финская ССР', 'Рапорт начальника эшелона лихтера № 179 Александра Павловича Павлова директору Пиндушской судоверфи Борису Григорьевичу Фролову об эвакуации имущества, служащих и их семей, перевозке грузов с зазимовавшего лихтера в г. Беломорск', 459, 'Копия', 'Русский', 'Машинопись', 1, 'Соколов Александр Сергеевич', '2022-07-22 14:45:34', 'нет', 'Павлов А. П., Фролов Б. Г.', NULL, NULL, NULL),
(472, 'Докладная записка', '1941-1942 гг.', '11 мая 1942 г.', 'Карело-Финская ССР', 'Сегежа', 'Докладная записка директора Пиндушской судоверфи Б. Г. Фролова начальнику Центрального управления деревянного судостроения Н. М. Попову о ходе эвакуации предприятия, перевозке людей и материалов на лихтерах № 179 и 182, материалах, оставшихся на верфи, достройке мотоботов типа \"Касатка\" в г. Беломорске', 460, 'Подлинник', 'Русский', 'Машинопись', 1, 'Соколов Александр Сергеевич', '2022-07-22 14:51:01', 'нет', 'Фролов Б. Г., Попов Н. М.', NULL, NULL, NULL),
(473, 'Циркуляр', '1884 г.', '15 июня 1884 г.', 'Олонецкая губерния', 'Санкт-Петербург', 'Циркуляр департамента полиции Министерства внутренних дел олонецкому губернатору по запросу французского посольства о времени и месте смерти француза Клавдия Добре', 461, 'Копия', 'Русский', 'Рукопись', 1, 'Соколов Александр Сергеевич', '2022-07-22 15:00:08', 'нет', 'Добре К.', NULL, NULL, NULL),
(474, 'Предписание', '1880 г.', '28 июня 1880 г.', 'Петрозаводский уезд', 'Петрозаводск', 'Предписание Петрозаводской уездной земской управы Шуйскому волостному правлению об оказании содействия исследованию Онежского озера под руководством командира парового буксира \"Лаг\" Петухова', 462, 'Подлинник', 'Русский', 'Рукопись', 1, 'Соколов Александр Сергеевич', '2022-07-22 15:15:44', 'нет', 'Петухов', NULL, NULL, NULL),
(475, 'Извещение', 'январь 1921 г.', 'январь 1921 г.', 'Карельская Трудовая Коммуна, Олонецкая губерния', 'Петрозаводск', 'Извещение отдела здравоохранения Карельской Трудовой Коммуны в статистический отдел Народного комиссариата здравоохранения РСФСР о прекращении ведения статистической отчетности в связи с полным отсутствием в Карелии бумаги', 463, 'Подлинник', 'Русский', 'Машинопись', 1, 'Соколов Александр Сергеевич', '2022-07-25 15:46:22', 'нет', 'нет', NULL, NULL, NULL),
(476, 'Постановление', '16 августа 1936 г.', '16 августа 1936 г.', 'Карельская АССР', 'Петрозаводск', 'Постановление Совета Народный Комиссаров Карельской АССР о реорганизации педегогических техникумов в Карелии', 464, 'Подлинник', 'Русский', 'Машинопись', 1, 'Соколов Александр Сергеевич', '2022-07-25 16:40:33', 'В г. Петрозаводске организовывались Карельский школьный педагогический техникум, Карельский дошкольный педагогический техникум, Карельский физкультурно-трудовой техникум.\r\nДиректором школьного назначался Влапдимир Васильевич Девяткин, дошкольного и физкультурно-трудового - Эмиль Вильгельмович Маркконен.\r\nДошкольный и физкультурно-трудовой находились на улице Луначарского, 2, 4 и 6 (помещения бывшего техникума имени Покровского), школьного - на шоссе 1 МАя (бывший Карело-финский педтехникум). Были сохрарены филиалы в с. Ладве, туда переводились студенты Ухтинского педтехникума.', 'Девяткин В. В., Маркконен Э. В.', NULL, NULL, NULL),
(477, 'Прошение', '4 мая 1892 г.', '4 мая 1892 г.', 'Каргополь', 'Каргополь', 'Прошение каргопольского мещанина Карла Андреевича Докучаева олонецкому губернатору об исполнении каргопольским городским обществом духовного завещания И. С. Тельнихина', 465, 'Подлинник', 'Русский', 'Рукопись', 1, 'Соколов Александр Сергеевич', '2022-07-25 17:27:54', 'нет', 'Докучаев-Басков К. А.', NULL, NULL, NULL),
(478, 'Отношение ', '19 ноября 1913 г.', '19 ноября 1913 г.', 'Олонец', 'Петрозаводск', 'Отношение директора народных училищ Олонецкой губернии заведующему Олонецким высшим начальным училищем о передаче в библиотеку брошюры и. о. инструктора по садоводству и огородничеству при Олонецком управлении земледелия и государственных имуществ В. Ф. Волейко \"Культура белокочанной капусты и брюквы\"', 466, 'Подлинник', 'Русский', 'Машинопись', 1, 'Соколов Александр Сергеевич', '2022-07-26 16:27:53', 'нет', 'Волейко В. Ф.', NULL, NULL, NULL),
(479, 'Заявление', '20 июня 1925 г.', '20 июня 1925 г.', 'Петрозаводск', 'Петрозаводск', 'Заявление агронома Анастасии Михайловны Башевой заведующему Петрозаводским педагогическим техникумом о приеме на должность преподавателя сельского хозяйства', 467, 'Подлинник', 'Русский', 'Рукопись', 1, 'Соколов Александр Сергеевич', '2022-07-26 16:36:38', 'нет', 'Башева А. М.', NULL, NULL, NULL),
(480, 'Извещение', 'июль-октябрь 1884 г.', '3 июля 1884 г.', 'Олонецкая губерния', 'Петрозаводск', 'Извещение владельца Онежско-Ладожского буксирного и Пудожско-Вознесенского пассажирского параходств Ф. Ф. Фогеля олонецкому губернатору о расписании рейсов парохода \"Сильфида\"', 468, 'Подлинник', 'Русский', 'Рукопись, типографский экземпляр', 1, 'Соколов Александр Сергеевич', '2022-07-26 16:54:33', 'нет', 'Фогель Ф. Ф.', NULL, NULL, NULL),
(481, 'Акт', '11 августа 1891 г.', '11 августа 1891 г.', 'Вознесенская пристань', 'Вознесенская пристань', 'Акт освидетельствования пароходов \"Александр\", \"Василий\" пароходства купца К. А. Чертова младшим помощником инспектора судоходства по реке Свири Рейхардт ', 469, 'Копия', 'Русский', 'Рукопись', 1, 'Соколов Александр Сергеевич', '2022-07-26 17:04:41', 'нет', 'Чертов К. А., Рейхардт', NULL, NULL, NULL),
(482, 'Обывательская книга', '1787 г.', '1787 г.', 'Петрозаводск', 'Петрозаводск', 'Запись в годовой обывательской книге об отставном коллежском копиисте Тихоне Баландине', 470, 'Копия', 'Русский', 'Рукопись', 1, 'Соколов Александр Сергеевич', '2022-07-26 17:11:11', 'Родился в Петрозаводске, 36 лет.', 'Баландин Т. В.', NULL, NULL, NULL),
(483, 'Листок по учету кадров', '1966 г.', '30 сентября 1966 г.', 'Петрозаводск', 'Петрозаводск', 'Личный листок по учету кадров художественного руководителя ансамбля \"Кантеле\" Семена Матвеевича Карпа', 471, 'Подлинник', 'Русский', 'Рукопись', 1, 'Соколов Александр Сергеевич', '2022-07-26 17:14:24', 'нет', 'Карп С. М.', NULL, NULL, NULL),
(484, 'Приказ', '1976 г.', '18 ноября 1976 г.', 'Карельская АССР', 'Петрозаводск', 'Приказ Комитета по физической культуре и спорту при Совете Министров Карельской АССР об итогах чемпионата КАССР по футболу', 472, 'Подлинник', 'Русский', 'Машинопись', 1, 'Соколов Александр Сергеевич', '2022-07-26 17:31:02', 'Первое место - ФК ПЛМК, второе место - ЦБК Кондопога, третье место - ФУ ПО \"Целлюлозмаш\".', 'нет', NULL, NULL, NULL),
(485, 'Доклад', '13 января 1917 г.', '13 января 1917 г.', 'Новоладожский уезд', 'Новоладожский уезд', 'Рапорт начальника станции Колчаново Олонецкой железной дороги Косцепецкого начальнику паровозной службы тяги о крушении эшелона с военнопленными на перегоне Юги - Колчаново', 473, 'Копия', 'Русский', 'Телеграфный бланк', 1, 'Соколов Александр Сергеевич', '2022-07-29 11:41:54', 'На 27 версте Олонецкой железной дороги поезд № 101 под управлением машиниста Шмейчса с эшелоном с военнопленными сошел с рельс, 12 вагонов попали под откос, в т.ч. 8 теплушек с людьми. Погибло трое, ранено 20 человек.', 'Шмейс, Косцепецкий', NULL, NULL, NULL),
(486, 'Приказ', '18 апреля 1937 г.', '6 апреля 1937 г.', 'Мурманский округ', 'Медвежья Гора (станция)', 'Приказ по Бкломорско-Балтийскому комбинату НКВД СССР о передаче железнодорожной ветки Кола - Мурмаши Кировской железной дороге', 474, 'Подлинник', 'Русский', 'Машинопись', 1, 'Соколов Александр Сергеевич', '2022-07-29 11:52:06', 'нет', 'нет', NULL, NULL, NULL),
(487, 'Диплом', '21 января 1959 г.', '21 января 1959 г.', 'Карельская АССР', 'Петрозаводск', 'Диплом первой степени Комитета по физической культуре и спорту при Совете Министров Карельской АССР о награждении команды Карельской АССР, занявшей первое место в соревнованиях сильнейших конькобежцев Ленинградской, Новгородской областей и КАССР', 475, 'Типографский экземпляр', 'Русский', 'Типографский экземпляр', 1, 'Соколов Александр Сергеевич', '2022-07-29 12:11:56', 'нет', 'нет', NULL, NULL, NULL),
(488, 'Представление', '1966 г.', '6 июля 1966 г.', 'Петрозаводск', 'Петрозаводск', 'Представление министра культуры Карельской АССР Л. Н. Колмовского в Президиум Верховного Совета Карельской АССР о награждении почетной грамотой президиума актрисы Государственного финского драматического театра Марты Никитичны Любовиной', 476, 'Подлинник', 'Русский', 'Машинопись', 1, 'Соколов Александр Сергеевич', '2022-07-29 12:25:04', 'нет', 'Любовина М. Н., Колмовский Л. Н.', NULL, NULL, NULL),
(489, 'Докладная записка', '16 января 1916 г.', '16 января 1916 г.', 'Архангельская губерния', 'Петроград', 'Докладная записка директора-распорядителя Русского Восточно-Азиатского пароходства по вопросу оставления пароходов \"Царь\", \"Царица\" и \"Пирей\" в собственности пароходства', 477, 'Копия', 'Русский', 'Машинопись', 1, 'Соколов Александр Сергеевич', '2022-07-29 12:55:59', 'нет', 'нет', NULL, NULL, NULL),
(490, 'Объяснительная записка', '1921 г.', '1921 г.', 'Ладва', 'Ладва', 'Объяснительная записка к смете расходов по содержанию Ладвинской художественно-промышленной школы-мастерской на 1921 г.', 478, 'Подлинник', 'Русский', 'Рукопись', 1, 'Соколов Александр Сергеевич', '2022-07-29 13:51:20', 'нет', 'нет', NULL, NULL, NULL),
(491, 'Указ', '13 мая 1797 г.', '13 мая 1797 г.', 'Пудож', 'Пудож', 'Указ Архангельского губернского правления Пудожскому городовому магистрату о ликвидации почтовой станции в городе', 479, 'Подлинник', 'Русский', 'Рукопись', 1, 'Соколов Александр Сергеевич', '2022-07-29 13:53:24', 'нет', 'нет', NULL, NULL, NULL),
(492, 'Письмо', '29 января 1928 г.', '18 января 1928 г.', 'Петрозаводск', 'Петрозаводск', 'Письмо заведующего культотделом Карельского совета профсоюзов в Союз медиков об открытии 1-ого Карельского шахматно-шашечного турнира', 480, 'Подлинник', 'Русский', 'Машинопись', 1, 'Соколов Александр Сергеевич', '2022-07-29 13:55:40', 'нет', 'нет', NULL, NULL, NULL),
(493, 'Отношение', '1898 г.', '11 августа 1898 г.', 'Санкт-Петербург', 'Санкт-Петербург', 'Отношение управляющего Балтийским судостроительным м механическим заводом К. К. Ратника приставу Суворовского участка Васильевской части г. Санкт-Петербурга об удержании из заработка мастерового Ефима Никифорова недоимки', 481, 'Подлинник', 'Русский', 'Рукопись', 1, 'Соколов Александр Сергеевич', '2022-07-29 14:05:45', 'нет', 'Ратник К. К., Никифоров Е.', NULL, NULL, NULL),
(494, 'Приказ', 'апрель 1987 г.', '8 апреля 1987 г.', 'Петрозаводск', 'Петрозаводск', 'Приказ директора завода \"Онего\" о проведении конкурса профессионального мастерства монтажников радиоаппаратуры и приборов на звание \"Мастер - золотые руки\"', 482, 'Подлинник', 'Русский', 'Машинопись', 1, 'Соколов Александр Сергеевич', '2022-07-29 14:08:52', 'нет', 'нет', NULL, NULL, NULL),
(495, 'Анкета', '1931 г.', '1931 г.', 'Автономная Карельская ССР', 'Автономная Карельская ССР', 'Анкета начальника геоботанической партии Карельского отделения Центромелиостроя Юрия (Георгия) Дмитриевича Цинзерлинга', 483, 'Подлинник', 'Русский', 'Рукопись', 1, 'Соколов Александр Сергеевич', '2022-07-29 14:11:35', 'нет', 'Цинзерлинг Ю. Д.', NULL, NULL, NULL),
(496, 'Анкета ', '30 мая 1924 г.', '30 мая 1924 г.', 'Автономная Карельская ССР', 'Автономная Карельская ССР', 'Анкета помощника лесничего Святозерского лесничества Федора Федоровича Машарова', 484, 'Подлинник', 'Русский', 'Рукопись', 1, 'Соколов Александр Сергеевич', '2022-07-29 14:13:43', 'нет', 'Машаров Ф. Ф.', NULL, NULL, NULL),
(497, 'Учетная карточка', '1937 г.', '1937 г.', 'Петрозаводск', 'Петрозаводск', 'Учетная карточка участника индивидуального соревнования по конькам в г. Петрозаводске Константина Николаевича Перфильева', 485, 'Подлинник', 'Русский', 'Рукопись', 1, 'Соколов Александр Сергеевич', '2022-07-29 14:19:18', 'К. Н. Перфильев - фотограф Онегзавода, член ДСО \"Рот-фронт\".', 'Перфильев К. Н.', NULL, NULL, NULL),
(498, 'Характеристика', '14 августа 1945 г.', '14 августа 1945 г.', 'Узбекская ССР', 'Ташкент', 'Характеристика врид начальника Управления по делам искусств при Совете Народных Комиссаров Узбекской ССР Флигельмана заслуженного артиста Узбекской ССР Леонида Андреевича Швидко', 486, 'Копия', 'Русский', 'Машинопись', 1, 'Соколов Александр Сергеевич', '2022-07-29 14:34:50', 'нет', 'Флигельман, Швидко Л. А.', NULL, NULL, NULL),
(499, 'Приказ', '1920 г.', '7 июля 1920 г.', 'Кемь', 'Архангельск', 'Приказ начальника Управления морским транспортом Белого моря и Северного Ледовитого океана о преобразовании бывших мореходных школ в Кеми и Сумском посаде в курсы и подчинении их Архангельскому райкультводу', 487, 'Подлинник', 'Русский', 'Машинопись', 1, 'Соколов Александр Сергеевич', '2022-07-29 14:38:42', 'нет', 'нет', NULL, NULL, NULL);
INSERT INTO `cards` (`id`, `doc_type`, `event_date`, `card_date`, `event_place`, `card_place`, `doc_header`, `shifr_id`, `original`, `langs`, `playback`, `state`, `compiler`, `compilation_date`, `summary`, `persons`, `deleted`, `deleted_by`, `deleted_at`) VALUES
(500, 'Распоряжение ', '1979 г.', '10 июня 1975 г.', 'Петрозаводск', 'Петрозаводск', 'Распоряжение исполкома Петрозаводского городского совета об упорядочении времени работы фонтанов в городе', 488, 'Подлинник', 'Русский', 'Машинопись', 1, 'Соколов Александр Сергеевич', '2022-07-29 14:47:11', 'В будние дни фонтаны в г. Петрозаводске работали с 17-00 до 21-00, в выходные и праздничные дни - с 12-00 по 21-00.', 'нет', NULL, NULL, NULL),
(501, 'Наградной лист', '14 февраля 1966 г.', '14 февраля 1966 г.', 'Прионежский район', 'Петрозаводск', 'Наградной лист к почетной грамоте Президиума Верховного Совета Карельской АССР на лесничего Шелтозерского лесничества Петра Алексеевича Башева', 489, 'Подлинник', 'Русский', 'Машинопись', 1, 'Соколов Александр Сергеевич', '2022-07-29 14:53:32', 'Родился в 1918 г. в поселке Косалме. Работал лесничим с 1956 г.', 'Башев П. А.', NULL, NULL, NULL),
(502, 'Список', '1929 г.', '1929 г.', 'Петрозаводск', 'Петрозаводск', 'Состав футбольной команды совторгслужащих г. Петрозаводска', 490, 'Подлинник', 'Русский', 'Рукопись', 1, 'Соколов Александр Сергеевич', '2022-07-29 14:58:00', 'В состав футбольной команды совторгслужащих г. Петрозаводска входили Н. Романов, М. Иванов, В. Богданов, Алешин, Ходотов, Маттилайнен, М. Селиверстов, М. Морозов, П. Чудинов, Федоров, Ерошкин.', 'Романов Н., Иванов М., Богданов В., Алешин, Ходотов, Маттилайнен, Селиверстов М., Морозов М., Чудинов П., Федоров, Ерошкин.', NULL, NULL, NULL),
(503, 'Приказ', '17-19 марта 1995 г.', '23 марта 1995 г.', 'Республика Карелия', 'Петрозаводск', 'Приказ Государственного комитета по физкультуре и спорту Республики Карелия об итогах первенства Карелии по волейболу', 491, 'Подлинник', 'Русский', 'Машинопись', 1, 'Соколов Александр Сергеевич', '2022-07-29 15:01:32', 'Победители среди мужчин - Петрозаводск, среди женщин Сегежа.', 'нет', NULL, NULL, NULL),
(504, 'Квалификационный лист', '18 февраля 1982 г.', '18 февраля 1982 г.', 'Карельская АССР', 'Петрозаводск', 'Квалификационный лист на тренера по боксу Леонида Григорьевича Левина', 492, 'Подлинник', 'Русский', 'Машинопись', 1, 'Соколов Александр Сергеевич', '2022-07-29 15:04:14', 'нет', 'Левин Л. Г.', NULL, NULL, NULL),
(505, 'Листок по учету кадров', '18 декабря 1969 г.', '18 декабря 1969 г.', 'Карельская АССР', 'Петрозаводск', 'Личный листок по учету кадров боксера Леонида Григорьевича Левина', 493, 'Подлинник', 'Русский', 'Рукопись', 1, 'Соколов Александр Сергеевич', '2022-07-29 15:05:54', 'нет', 'Левин Л. Г.', NULL, NULL, NULL),
(506, 'Приказ', '1957 г.', '8 апреля 1957 г.', 'Карельская АССР', 'Петрозаводск', 'Приказ Комитета по физической культуре и спорту при Совете Министров Карельской АССР об итогах первенства Карелии по хоккею с шайбой', 494, 'Подлинник', 'Русский', 'Машинопись', 1, 'Соколов Александр Сергеевич', '2022-07-29 15:07:58', 'Первое место - Динамо, второе место - ОДО, третье место - в/ч Пески.', 'нет', NULL, NULL, NULL),
(507, 'Приказ', '1950 г.', '27 февраля 1950 г.', 'Карело-Финская ССР', 'Петрозаводск', 'Приказ Комитета по делам физкультуры и спорта при Совете Министров Карело-Финской ССР об итогах розыгрыша первенства КФССР по хоккею с мячом', 495, 'Подлинник', 'Русский', 'Машинопись', 1, 'Соколов Александр Сергеевич', '2022-07-29 15:10:00', 'Первое место - ХК \"Локомотив\" (Петрозаводск), второе - ОДО (Петрозаводск), третье \"Динамо\" (Петрозаводск). Также участвовали СО \"Динамо\" (Петрозаводск), \"Спартак\" (Петрозаводск), Госуниверитет, сборные Беломорска, Сегежи и Олонецкого района.', 'нет', NULL, NULL, NULL),
(508, 'Приказ', '1955 г.', '31 марта 1955 г.', 'Карело-Финская ССР', 'Петрозаводск', 'Приказ Комитета по делам физкультуры и спорта при Совете Министров Карело-Финской ССР об итогах розыгрыша первенства КФССР по хоккею с мячом', 496, 'Подлинник', 'Русский', 'Машинопись', 1, 'Соколов Александр Сергеевич', '2022-07-29 15:17:31', 'Первое место - ХК \"Красная Звезда\" (Петрозаводск), тренер Н. П. Иванов, второе место СО \"Динамо\", третье место - Сегежский район. Также участвовали Медвежьегорский, Кондопожский, Кемский, Суоярвский районы, Надвоицы, \"Локомотив\" (Петрозаводск), \"Наука\" (Петрозаводск), \"Искра\" (Петрозаводск), Онегзавод, три команды ОДО.', 'Иванов Н. П.', NULL, NULL, NULL),
(509, 'Приказ', '1952 г.', '8 марта 1952 г.', 'Карело-Финская ССР', 'Петрозаводск', 'Приказ Комитета по делам физкультуры и спорта при Совете Министров Карело-Финской ССР об итогах розыгрыша первенства КФССР по хоккею с мячом', 497, 'Подлинник', 'Русский', 'Машинопись', 1, 'Соколов Александр Сергеевич', '2022-07-29 15:20:43', '1 место - ОДО, второе - \"Красная Звезда\", третье - \"Спартак\" (Петрозаводск), четвертое - \"Динамо\", пятое - \"Локомотив\" (Петрозаводск), шестое - Госуниверситет, седьмое - Кемский район, восьмое - Сегежский район, девятое - Кондопожский район, десятое - Пудожский район, одиннадцатое - Олонецкий район.', 'нет', NULL, NULL, NULL),
(510, 'Приказ', '1954 г.', '27 марта 1954 г.', 'Карело-Финская ССР', 'Петрозаводск', 'Приказ Комитета по делам физкультуры и спорта при Совете Министров Карело-Финской ССР об итогах розыгрыша первенства КФССР по хоккею с мячом', 498, 'Подлинник', 'Русский', 'Машинопись', 1, 'Соколов Александр Сергеевич', '2022-07-29 15:23:41', 'Первое место занял ОДО (Петрозаводск), второе - ДСО \"Красная Звезда\", третье - ДСО \"Локомотив\".\r\nТакже участвовали - в Сегежской зоне команды Сегежского, Кемского, Лоухского районов, в Кондопожской зоне - команды Кондопожского, Суоярвского, Сегозерского, Пудожского и Пряжинского районов. В финале встретились чемпион 1953 г. ОДО, сборные Кондопожского и Сегежского районов, Сортавалы ДСО \"Красная Звезда\" и \"Локомотив\".', 'нет', NULL, NULL, NULL),
(511, 'Приказ', '1953 г.', '9 марта 1953 г.', 'Карело-Финская ССР', 'Петрозаводск', 'Приказ Комитета по делам физкультуры и спорта при Совете Министров Карело-Финской ССР об итогах розыгрыша первенства КФССР по хоккею с мячом', 499, 'Подлинник', 'Русский', 'Машинопись', 1, 'Соколов Александр Сергеевич', '2022-07-29 15:27:35', 'Первое место занял ОДО (Петрозаводск), второе - ДФСО \"Спартак\" (Петрозаводск), третье - СО \"Динамо\". Также участвовали \"Локомотив\", \"Красная Звезда\", Госуниверситет, \"Искра\", Кемский, Кондопожский, Сегежский, Суоярвский районы и Сортавала.', 'нет', NULL, NULL, NULL),
(512, 'Приказ', '1951 г.', '27 февраля 1951 г.', 'Карело-Финская ССР', 'Петрозаводск', 'Приказ Комитета по делам физкультуры и спорта при Совете Министров Карело-Финской ССР об итогах розыгрыша первенства КФССР по хоккею с мячом', 500, 'Подлинник', 'Русский', 'Машинопись', 1, 'Соколов Александр Сергеевич', '2022-07-29 15:27:35', 'Первое место СО \"Локомотив\", второе - ДФСО \"Спартак\", третье - ОДО, четвертое  - Госуниверситет.', 'нет', NULL, NULL, NULL),
(513, 'Приказ', '1952', '12 февраля 1952 г.', 'Карело-Финская ССР', 'Петрозаводск', 'Приказ Комитета по делам физкультуры и спорта при Совете Министров Карело-Финской ССР об итогах розыгрыша кубка КФССР по хоккею с мячом', 501, 'Подлинник', 'Русский', 'Машинопись', 1, 'Соколов Александр Сергеевич', '2022-07-29 15:31:24', 'Первое место -ОДО, финалист кубка СО \"Динамо\". Также участвовали команды Сегежского, Кондопожского, Суоярвского, Пудожского районов, Сортавалы, \"Локомотив\" (Петрозаводск), \"Спартак\" (Петрозаводск), \"Трудовые резервы\" (Петрозаводск), Госуниверситет, Петрозаводский домостроительный комбинат.', 'нет', NULL, NULL, NULL),
(514, 'Приказ', '1973 г.', '27 марта 1973 г.', 'Карельская АССР', 'Петрозаводск', 'Приказ Комитета по физкультуре и спорту при Совете Министров Карельской АССР об итогах первенства КАССР по хоккею с мячом', 502, 'Подлинник', 'Русский', 'Машинопись', 1, 'Соколов Александр Сергеевич', '2022-07-29 15:33:42', 'ППервое место - ОТЗ, также участвовали команды Тяжбуммаша, Медвежьегорского и Питкярантского районов.', 'нет', NULL, NULL, NULL),
(515, 'Распоряжение', '1965 г.', '17 марта 1965 г.', 'Карельская АССР', 'Петрозаводск', 'Распоряжение Совета Союза спортивных обществ и организаций Карельской АССР об итогах первенства КАССР по хоккею с мячом', 503, 'Подлинник', 'Русский', 'Машинопись', 1, 'Соколов Александр Сергеевич', '2022-07-29 15:35:52', 'ППервое место - ОТЗ, второе - ХК \"Автомобилист\" (Петрозаводск), третье - АРЗ-75.', 'нет', NULL, NULL, NULL),
(516, 'Таблица', '1987 г.', '1987 г.', 'Карельская АССР', 'Петрозаводск', 'Итоговая таблица чемпионата Карелии по хоккею с мячом 1987 г.', 504, 'Подлинник', 'Русский', 'Машинопись', 1, 'Соколов Александр Сергеевич', '2022-07-29 15:38:06', 'Первое место - Петрозаводскбуммаш, второе - ОТЗ, третье - Авангард, четвертое - Буревестник (Петрозаводск), пятое - Петрозаводскстрой.', 'нет', NULL, NULL, NULL),
(517, 'Метрическая книга', '25 июля 1908 г.', '25 июля 1908 г.', 'Повенецкий уезд', 'Повенецкий уезд', 'Запись в метрической книге Челмужского прихода о рождении у обельного крестьянина д. Исаковской Андрея Алексеевича Ключарева дочери Анны', 505, 'Подлинник', 'Русский', 'Рукопись', 1, 'Соколов Александр Сергеевич', '2022-08-26 09:52:09', 'Анна Андреевна Ключарёва (1909—1975) — депутат Верховного Совета СССР.', 'Ключарева А. А.', NULL, NULL, NULL),
(518, 'Ходатайство', '1958 г.', '29 сентября 1958 Г.', 'Маньга', 'Петрозаводск', 'Ходатайство заместителя министра культуры Карельской АССР С. В. Колосенка председателю Совета Министров Карельской АССР о назначении персональной пенсии Парасковье Ефимовне Архиповой из с. Маньга, послужившей прообразом для ряда работ скульптора С. Т. Коненкова', 506, 'Подлинник', 'Русский', 'Машинопись', 1, 'Соколов Александр Сергеевич', '2022-08-26 10:01:35', 'Слепая старушка 97 лет.', 'Коненков С. Т., Колосенок С. В., Архипова П. Е.', NULL, NULL, NULL),
(519, 'Расписание', '29 ноября 1935 г.', '19 ноября 1935 г.', 'Медвежьегорский район', 'Медвежья Гора', 'Расписание движения пассажирских автобусов Беломорско-Балтийского комбината', 507, 'Подлинник', 'Русский', 'Машинопись', 1, 'Соколов Александр Сергеевич', '2022-08-26 11:02:28', 'Маршрут № 1 Гостиница - вокзал, 4 рейса с 2-00 по 18-00, проезд 30 коп., маршрут № 2 Гостинца - Управление ББК, 3 рейса с 8-30 по 18-35, через угол Арнольдовского поселка, РИК, ЗРК, театр, вокзал, проезд 30 коп., маршрут № 3 Медвежья Гора - Лумбуши - Стройплощадка, 3 рейса в день, проезд 1 руб. от начала до конца, маршрут № 4 Медвежья Гора - Повенец, 3 рейсса в день, проезд 5 рублей.', 'нет', NULL, NULL, NULL),
(520, 'Приказ', '30 июля 1935 г.', '26 августа 1935 г.', 'Сорока', 'Медвежья Гора', 'Приказ Беломорско-Балтийского комбината о премировании работников комбината, участвовавших в спасении туристов при падении автобуса в воду на пристани Сорока', 508, 'Подлинник', 'Русский', 'Машинопись', 1, 'Соколов Александр Сергеевич', '2022-08-26 12:30:22', 'Старший диспетчер пристани Сорока Михаил Филиппович Кутузов при участии мастера непарового флота Ивана Корнеевича Шамеца, судопропускника Костюк, шкипера каюка № 12 Василия Николаевича Васько, матроса пристани Сорока М. Н. Носкова спасли туристов - ударников учебы, находившихся у упавшем в воду автобусе при посадке пассажиров с парохода \"Горлица\" и направлявшихся из Ленинграда в Кировск. Кутузов извлек из воды всех 6 туристов, однако выжили лишь 4 из них.', 'Кутузов М. Ф., Шамец И. К., Костюк, Носов М. Н.', NULL, NULL, NULL),
(521, 'Приказ', '1935 г.', '25 июля 1935 г.', 'Петрозаводск', 'Медвежья Гора', 'Приказ Беломорско-Балтийского комбината о достройке в г. Петрозаводске на Онежском заводе буксиров \"Пионер\", \"Водник\", \"Чекист\", построенных верфью \"Спортсудостроитель\"', 509, 'Подлинник', 'Русский', 'Рукопись', 1, 'Соколов Александр Сергеевич', '2022-08-26 15:08:34', 'нет', 'нет', NULL, NULL, NULL),
(522, 'Доклад', '1958-1962 гг.', '28 мая 1958 г.', 'Карельская АССР', 'Петрозаводск', 'Доклад министра сельского хозяйства Карельской АССР А. И. Кравченко заместителю министра сельского хозяйства РСФСР В. В. мемнонову о работах по землеустройству оленьих пастбищ и осставлению ведомостей оленеемкости на выпас 10-15 тысяч оленей в Карельской АССР к 1962 г.', 510, 'Подлинник', 'Русский', 'Машинопись', 1, 'Соколов Александр Сергеевич', '2022-08-30 16:01:45', 'нет', 'Кравченко А. И., Мемнонов В. В.', NULL, NULL, NULL),
(523, 'Ходатайство', '1957-1958 гг.', '29 апреля 1958 г.', 'Карельская АССР', 'Петрозаводск', 'Ходатайство председателя Совета Министров Карельской АССР И. С. Беляева председателю Государственного комитета Совета Министров СССР по авиационной технике П. В. Дементьеву и начальнику Главного управления Гражданского воздушного флота П. Ф. Жигареву о строительстве пяти самолетов Як-12М в гидроварианте для нужд Карельской АССР', 511, 'Отпуск', 'Русский', 'Машинопись', 1, 'Соколов Александр Сергеевич', '2022-08-30 16:18:32', 'В Карелии имелось мало сухопутных аэродромов, а гидросамолеты Ш-2 были списаны по выработке ресурса. В 1957 г. в г. Петрозаводске были проведены испытания самолета Як-12 на поплавках, самолет показал удовлетворительное качество.', 'Беляев И. С., дементьев П. В., Жигарев П. Ф.', NULL, NULL, NULL),
(524, 'Постановление', '1931 г.', '15 августа 1931 г.', 'Петрозаводск', 'Петрозаводск', 'Постановление Совета Народных Комиссаров Автономной Карельской ССР о строительстве аэродрома в г. Петрозаводске', 512, 'Подлинник', 'Русский', 'Машинопись', 1, 'Соколов Александр Сергеевич', '2022-08-30 16:34:03', 'нет', 'нет', NULL, NULL, NULL),
(525, 'Характеристика', '1938-1982 гг.', '1982 г.', 'Беломорский район', 'Беломорск', 'Характеристика секретаря исполнительного комитета Беломорского районного совета на ветерана физкультуры и спорта Александра Филипповича Попова', 513, 'Подлинник', 'Русский', 'Машинопись', 1, 'Соколов Александр Сергеевич', '2022-08-30 16:43:32', 'Александр Филиппович Попов начал выступать за сборные Беломорского района по футболу и хоккею с мячом с 1938 г.\r\nВ 1945-1946 гг. он был членом сборной команды по футболу стрелкового корпуса в Германии. В 1946 г. участвовал в первенстве г. Сталинграда по футболу. Серебряный призер чемпионата Карело-Финской ССР по футболу. С 1951 по 1953 гг. играл за команду \"Динамо\" (Петрозаводск) в футбол и хоккей с мячом.', 'Попов А. Ф.', NULL, NULL, NULL),
(526, 'Формулярный список', '1897 г.', '1897 г.', 'Пудожский уезд', 'Пудож', 'Формулярный список о службе земского начальника 2-ого участка Пудожского уезда Виктора Александровича Путята', 514, 'Подлинник', 'Русский', 'Рукопись', 1, 'Соколов Александр Сергеевич', '2022-08-30 17:26:43', 'нет', 'Путята В. А.', NULL, NULL, NULL),
(527, 'Отношение', '1890 г.', '14 октября 1890 г.', 'Соловецкие острова', 'Соловецкие острова', 'Отношение казначея Соловецкого монастыря Иоанникия податному инспектору Кемского и Кольского уезда о покупке парохода \"Вера\" у архангельского купца Вильяма Брандта', 515, 'Подлинник', 'Русский', 'Рукопись', 1, 'Соколов Александр Сергеевич', '2022-08-30 17:29:14', 'нет', 'Иоанникий (казначей Соловецкого монастыря)', NULL, NULL, NULL),
(528, 'Квалификационный лист', '1981 г.', '10 декабря 1981 г.', 'Карельская АССР', 'Петрозаводск', 'Квалификационный лист на тренера по футболу Николая Васильевича Петрова', 516, 'Подлинник', 'Русский', 'Рукопись', 1, 'Соколов Александр Сергеевич', '2022-08-30 17:33:33', 'нет', 'Петров Н. В.', NULL, NULL, NULL),
(529, 'Приказ', '1947 г.', '2 октября 1947 г.', 'Карело-Финская ССР', 'Петрозаводск', 'Приказ Комитета по делам физкультуры и спорта при Совете Министров Карело-Финской ССР об итогах розыгрыша кубка КФССР по футболу', 517, 'Подлинник', 'Русский', 'Машинопись', 1, 'Соколов Александр Сергеевич', '2022-08-30 17:36:45', 'В кубке Карело-Финской ССР в 1947 г. участвовало 15 команд, в т.ч. Динамо-1, Динамо-2, Локомотив, ОДО из Петрозаводска, Кондопожский, Кемский, Сортавальский, Медвежьегорский, Сегежский, Питкярантский районы.', 'нет', NULL, NULL, NULL),
(530, 'Наградной лист', '1992 г.', '1992 г.', 'Республика Карелия', 'Петрозаводск', 'Наградной лист к почетному званию \"Заслуженный работник здравоохранения Республики Карелия\" на доцента Петрозаводского государственного университета Адольфа Гиршевича Островского', 518, 'Подлинник', 'Русский', 'Машинопись', 1, 'Соколов Александр Сергеевич', '2022-08-31 15:13:40', 'нет', 'Островский А. Г.', NULL, NULL, NULL),
(531, 'Рапорт', 'октябрь 1895 г.', '5 октября 1895 г.', 'Подпорожье', 'Лодейное Поле', 'Рапорт лодейнопольского уездного исправника олонецкому губернатору об освещении церкви во имя Тихвинской Божией Матери в с. Подпорожье Лодейнопольского уезда', 519, 'Подлинник', 'Русский', 'Рукопись', 1, 'Соколов Александр Сергеевич', '2022-08-31 15:18:38', 'нет', 'нет', NULL, NULL, NULL),
(532, 'Письмо', '1920 г.', '7 августа 1920 г.', 'Петрозаводск', 'Петрозаводск', 'Письмо Петрозаводского уездно-городского совета народного образования в Олонецкий губпрофсовет о недопустимости занятия помещения бывшего епархиального училища (клуба Онежской флотилии) под Центральный рабоче-коммунистический клуб в связи с открытием в нем педагогических курсов', 520, 'Подлинник', 'Русский', 'Машинопись', 1, 'Соколов Александр Сергеевич', '2022-08-31 17:03:14', 'нет', 'нет', NULL, NULL, NULL),
(533, 'Рапорт', '1865 г.', '26 мая 1865 г.', 'Петрозаводский уезд', 'Петрозаводский уезд', 'Рапорт старшины Белогорского отдельного правления А. Меркульева смотрителю Тивдийских мраморных ломок о краже части вододействующего вала старого вододействующего завода', 521, 'Подлинник', 'Русский', 'Рукопись', 1, 'Соколов Александр Сергеевич', '2022-08-31 17:24:59', 'нет', 'Меркульев А.', NULL, NULL, NULL),
(534, 'Рапорт', 'август 1872 г.', '11 августа 1872 г.', 'Петрозаводский уезд', 'Петрозаводский уезд', 'Рапорт Петропавловского волостного правления приставу 2-ого стана Петрозаводского уезда о прекращении болезни \"кровавый понос\" в д. Верхнезадней и появлении ее в д. Улитина Новинка', 522, 'Подлинник', 'Русский', 'Рукопись', 1, 'Соколов Александр Сергеевич', '2022-08-31 17:28:20', 'нет', 'нет', NULL, NULL, NULL),
(535, 'Приговор', '1844 г.', '17 декабря 1844 г.', 'Кемь', 'Кемь', 'Приговор общественного собрания граждан г. Кеми о ремонте Малого градского моста через реку Пуэту и Большого градского моста через р. Пудас', 523, 'Подлинник', 'Русский', 'Рукопись', 1, 'Соколов Александр Сергеевич', '2022-08-31 17:32:26', 'нет', 'нет', NULL, NULL, NULL),
(536, 'Прошение', '1914-1915 гг.', '2 апреля 1915 г.', 'Петрозаводск', 'Петрозаводск', 'Прошение крестьянина д. Дорофеевской Шелтозерско-Бережной волости Петрозаводского уезда Семена Антоновича Ершова Олонецкому горному правлению о приеме на работу в Александровский завод', 524, 'Подлинник', 'Русский', 'Рукопись', 1, 'Соколов Александр Сергеевич', '2022-08-31 17:35:56', '10 октября 1914 г. был ранен в сражении под Варшавой, потерял палец правой руки.', 'Ершов С. А.', NULL, NULL, NULL),
(537, 'Сообщение', '1780 г.', '8 июня 1780 г.', 'Паданская округа', 'Воицкий рудник', 'Сообщение Воицкого горного правления в Паданскую Нижнюю палату о розыске бежавших с рудника рудокопов', 525, 'Подлинник', 'Русский', 'Рукопись', 1, 'Соколов Александр Сергеевич', '2022-08-31 17:41:06', 'нет', 'нет', NULL, NULL, NULL),
(538, 'Прошение', '1883 г.', '22 мая 1883 г.', 'Шуйская волость, Петрозаводский уезд', 'Шуйская волость', 'Прошение отставного матроса 11-ой роты 3-его флотского экипажа Ефима Никитича Шишова в Петрозаводское уездное по крестьянским делам присутствие об отрывании его братом крестьянином д. Часовенской Андреем части бороды', 526, 'Подлинник', 'Русский', 'Рукопись', 1, 'Соколов Александр Сергеевич', '2022-08-31 17:44:48', 'нет', 'Шишов Е. Н., Шишов А. Н.', NULL, NULL, NULL),
(539, 'Распоряжение', '1975 г.', '18 сентября 1975 г.', 'Петрозаводск', 'Петрозаводск', 'Распоряжение исполкома Петрозаводского городского совета о перезахоронении останков первого секретаря Первомайского райкома КПСС Зотика Ивановича Клоковского с Неглинского на Сулажгорское первое кладбище', 527, 'Подлинник', 'Русский', 'Машинопись', 1, 'Соколов Александр Сергеевич', '2022-09-01 17:31:48', 'нет', 'Клоковский З. И.', NULL, NULL, NULL),
(540, 'Обращение', '1 февраля 1969 г.', '1 февраля 1969 г.', 'Петрозаводск', 'Петрозаводск', 'Обращение заслеженного артиста Карельской АССР Аркадия Владимировича Краверского в Президиум Верховного Совета Карельской АССР о выдаче почетного знака', 528, 'Подлинник', 'Русский', 'Рукопись', 1, 'Соколов Александр Сергеевич', '2022-09-01 17:35:14', 'нет', 'Краверский А. В.', NULL, NULL, NULL),
(541, 'Отношение', '16 декабря 1918 г.', '16 декабря 1918 г.', 'Петрозаводск', 'Петрозаводск', 'Отношение начальника снабжения 19-ой стрелковой дивизии в Петрозаводское казначейство о переименовании Олонецкой дивизии в 19-ую', 529, 'Подлинник', 'Русский', 'Машинопись', 1, 'Соколов Александр Сергеевич', '2022-09-01 17:37:28', 'нет', 'нет', NULL, NULL, NULL),
(542, 'Протокол', '1924 г.', '19 июля 1924 г.', 'Автономная Карельская ССР', 'Петрозаводск', 'Протокол заседания Президиума Центрального Исполнительного Комитета Автономной Карельской ССР о суде над выжанным финскими властями убийцей сотрудников местной контрольной комиссии Лаврова и Лежиева Лпкиным', 530, 'Подлинник', 'Русский', 'Машинопись', 1, 'Соколов Александр Сергеевич', '2022-09-01 17:40:33', 'нет', 'Лежиев, Лавров, Липкин', NULL, NULL, NULL),
(543, 'Личный листок', '1982 г.', '17 марта 1982 г.', 'Петрозаводск', 'Петрозаводск', 'Личный листок по учету кадров солиста Карельской государственной филармонии Виктора Сергеевича Каликина', 531, 'Подлинник', 'Русский', 'Рукопись', 1, 'Соколов Александр Сергеевич', '2022-09-02 15:19:00', 'Имеется фото.', 'Каликин В. С.', NULL, NULL, NULL),
(544, 'Личный листок', '1978 г.', '1 февраля 1978 г.', 'Карельская АССР', 'Петрозаводск', 'Личный листок по учету кадров заслуженного зоотехника Карельской АССР Семена Васильевича Зайцева', 532, 'Подлинник', 'Русский', 'Рукопись', 1, 'Соколов Александр Сергеевич', '2022-09-02 15:23:09', 'Имеется фото.', 'Зайцев С. В.', NULL, NULL, NULL),
(545, 'Приказ', '1951 г.', '22 августа 1951 г.', 'Карело-Финская ССР', 'Петрозаводск', ' Приказ комитета по делам физкультуры и спорта при Совете Министров Карело-Финской ССР об итогах розыгрыша кубка Карело-Финской ССР по футболу', 533, 'Подлинник', 'Русский', 'Машинопись', 1, 'Соколов Александр Сергеевич', '2022-09-02 15:34:24', 'Участвовали 22 команда. Обладателем кубка стала команда \"Локомотив\" (Петрозаводск), финалистом - СО \"Динамо\" (Петрозаводск), также в кубке участвовали Динамо-2 (Петрозаводск), \"Красная Звезда\" (Петрозаводск), ОДО-1, ОДО-2 (Петрозаводск), \"Буревестник\" (Петрозаводск), \"Трудовые Резервы\" (Петрозаводск), \"Спартак\" (Петрозаводск), КСК (Петрозаводск), команды Кемского, беломорского, Кондопожского, Медвежьегорского, Сегежского, Шелтозерского, Пудожского, олонецкого, Куркийокского, Сортавальского, Пикярантского районов и г. Сортавалы.', 'нет', NULL, NULL, NULL),
(546, 'Календарь', '1941 г.', '25 апреля 1941 г.', 'Карело-Финская ССР', 'Петрозаводск', 'Календарь спортивно-массовых мероприятия Комитета по делам физкультуры и спорта при Совете Министров Карело-Финской ССР на 1941 г.', 534, 'Копия', 'Русский', 'Машинопись', 1, 'Соколов Александр Сергеевич', '2022-09-06 11:15:55', 'нет', 'нет', NULL, NULL, NULL),
(547, 'Рисунок', '1940 г.', '1940 г.', 'Карело-Финская ССР', 'Петрозаводск', 'Рисунок типовой школьной спортивной площадки) стадион, кольца, турник)', 535, 'Копия', 'Русский', 'Рукопись', 1, 'Соколов Александр Сергеевич', '2022-09-06 11:18:31', 'нет', 'нет', NULL, NULL, NULL),
(548, 'Приказ', 'апрель 1941 г.', '12 апреля 1941 г.', 'Карело-Финская ССР', 'Петрозаводск', 'Приказ Петрозаводского городского комитета по делам физкультуры и спорта об итогах классификационных соревнований по лыжам', 536, 'Копия', 'Русский', 'Машинопись', 1, 'Соколов Александр Сергеевич', '2022-09-06 11:20:52', 'Награждены грамотой комитета лица, занявшие первое место по лыжам - Парамошков (Динамо), Мауну (Динамо), Крохина (Динамо).', 'Парамошков Г. Г., Мауну, Крохина', NULL, NULL, NULL),
(549, 'Приказ', '1940 г.', '20 декабря 1940 г.', 'Петрозаводск', 'Петрозаводск', 'Приказ Комитета поделам физкультуры и спорта при Совете Народных Комиссаров Карело-Финской ССР об организационном укреплении физкультурных коллективов в школах г. Петрозаводска', 537, 'Копия', 'Русский', 'Машинопись', 1, 'Соколов Александр Сергеевич', '2022-09-06 12:18:27', 'Школы закреплялись за добровольно-спортивными обществами Карелии.', 'нет', NULL, NULL, NULL),
(550, 'Отчет', '1940 г.', '1940 г.', 'Петрозаводск', 'Петрозаводск', 'Отчет детской спортивной школы при Дворце пионеров г. Петрозаводска', 538, 'Подлинник', 'Русский', 'Рукопись', 1, 'Соколов Александр Сергеевич', '2022-09-06 12:27:24', 'нет', 'нет', NULL, NULL, NULL),
(551, 'Протокол', '1864 г.', '11 ноября 1864 г.', 'Кольский уезд, Кемский уезд', 'Кольский уезд, Кемский уезд', 'Протокол Кемского уездного суда о пропавших без вести в Северном Ледовитом океане на промысле акул рыбопромышленников Кемского и Кольского уездов', 539, 'Подлинник', 'Русский', 'Рукопись', 1, 'Соколов Александр Сергеевич', '2022-09-06 12:37:54', 'нет', 'нет', NULL, NULL, NULL),
(552, 'Список ', '1920 г.', '1920 г.', 'Петрозаводск', 'Петрозаводск', 'Список лиц, избранных в санитарную тройку дома ладвинского монастыря на углу проспекта Ленина и Большой Закаменской', 540, 'Подлинник', 'Русский', 'Рукопись', 1, 'Соколов Александр Сергеевич', '2022-09-06 14:01:02', 'нет', 'нет', NULL, NULL, NULL),
(553, 'Протокол', '1800 г.', '1 августа 1800 г.', 'Петрозаводск', 'Петрозаводск', 'Протокол заседания Петрозаводского городового магистрата по делу о сгоревшей пильной мельнице Драницына на реке Неглинке в г. Петрозаводске', 541, 'Подлинник', 'Русский', 'Рукопись', 1, 'Соколов Александр Сергеевич', '2022-09-06 14:14:32', 'нет', 'Драницын', NULL, NULL, NULL),
(554, 'Протокол', '1800 г.', '19 сентября 1800 г.', 'Петрозаводск', 'Петрозаводск', 'Протокол заседания Петрозаводского городового магистрата о споре белозерского мещанина Никиты Ивановича Елнинского с Петрозаводской городской общественной думой по условиям контракта об изготовлении царских врат для новой церкви в г. Петрозаводске', 542, 'Подлинник', 'Русский', 'Рукопись', 1, 'Соколов Александр Сергеевич', '2022-09-06 14:18:10', 'нет', 'Елнинский Н. И.', NULL, NULL, NULL),
(555, 'Постановление', '1840 г.', '24 февраля 1840 г.', 'Петрозаводск', 'Петрозаводск', 'Постановление Олонецкого губернского правления о разрешении Петрозаводской городской думе вырубить деревья из лесной дачи для строительства и ремонта общественных зданий - амбаров, дома городских присутственных мест, архива', 543, 'Подлинник', 'Русский', 'Рукопись', 1, 'Соколов Александр Сергеевич', '2022-09-06 15:06:15', 'нет', 'нет', NULL, NULL, NULL),
(556, 'Ведомость', '1864 г.', '1864 г.', 'Олонецкая губерния', 'Петрозаводск', 'Ведомости о количестве старообрядческих молитвенных зданий и старообрядцев в Олонецкой губернии', 544, 'Подлинник', 'Русский', 'Рукопись', 1, 'Соколов Александр Сергеевич', '2022-09-06 15:24:15', 'нет', 'нет', NULL, NULL, NULL),
(557, 'Списки', '1866 г.', '1 ноября 1866 г.', 'Олонецкая губерния', 'Олонецкая губерния', 'Список домов старообрядцев Даниловского и Лексинского согласий', 545, 'Подлинник', 'Русский', 'Рукопись', 1, 'Соколов Александр Сергеевич', '2022-09-06 15:26:01', 'нет', 'нет', NULL, NULL, NULL),
(558, 'Указ', '7 октября 1790 г.', '7 октября 1790 г.', 'Кемский уезд', 'Петрозаводск', 'Указ Олонецкого наместнического правления о переводе Кемского нижнего земского суда из с. Вокнаволока в г. Кемь, Повенецкого нижнего суда из Паданска в г. Повенец', 546, 'Подлинник', 'Русский', 'Рукопись', 1, 'Соколов Александр Сергеевич', '2022-09-06 16:27:55', 'Указами Олонецкого наместнического правления от 18 и 24 июня 1789 г. в связи с началом русско-шведской войны Кемский нижний земский суд был переведен в Вокнаволок, а Повенецкий - в Паданск.', 'нет', NULL, NULL, NULL),
(559, 'Предложение', '1940 г.', '1940 г.', 'Петрозаводск', 'Петрозаводск', 'Предложения инспектора по физкультуре Народного комиссариата просвещения Карело-Финской ССР по итогам обследования работ физкультурного отдела и спортивной школв Дворца пионеров г. Петрозаводска', 547, 'Копия', 'Русский', 'Машинопись', 1, 'Соколов Александр Сергеевич', '2022-09-13 11:03:43', 'Завучпо физкультуре Дворца пионеров - Ланговой. Детская спортивная школа имеет отделение хоккея, лыж, фехтования и гимнастики.', 'Ланговой С. В.', NULL, NULL, NULL),
(560, 'Ходатайство', '1968 г.', '23 декабря 1968 г.', 'Петрозаводск', 'Петрозаводск', 'Ходатайство Карельского историко-краеведческого музея в Президиум Верховного Совета Карельской АССР о передаче на хранение наград видного деятеля международного женского движения Ауры Ивановны Кийскинен', 548, 'Подлинник', 'Русский', 'Машинопись', 1, 'Соколов Александр Сергеевич', '2022-09-13 11:25:50', 'нет', 'Кийскинен А. И.', NULL, NULL, NULL),
(561, 'Личный листок', '1968 г.', '23 января 1968 г.', 'Петрозаводск', 'Петрозаводск', 'Личный листок по учету кадров старшего преподавателя кафедры иностранных языков Петрозаводского государственного университета Марии Фридриховны Готман', 549, 'Подлинник', 'Русский', 'Рукопись', 1, 'Соколов Александр Сергеевич', '2022-09-13 11:39:28', 'нет', 'Готман М. Ф.', NULL, NULL, NULL),
(562, 'Личный листок', '1971 г.', '1971 г.', 'Карельская АССР', 'Карельская АССР', 'Личные листки по учету кадров заслуженных учителей профессионального технического образования РСФСР - директоров училищ Виктора Александровича Рогозина и Николая Михайловича Фепонова', 550, 'Подлинник', 'Русский', 'Рукопись', 1, 'Соколов Александр Сергеевич', '2022-09-13 11:44:59', 'Имеется фото.', 'Рогозин В. А., Фепонов Н. М.', NULL, NULL, NULL),
(563, 'Торжественное обещание', '1922 г.', '1922 г.', 'Карельская Трудовая Коммуна', 'Карельская Трудовая Коммуна', 'Торжественное обещание беженца из Финляндии в Карельскую Трудовую Коммуну о работе на благо Советской Карелии', 551, 'Типографский экземпляр', 'Русский', 'Типографский экземпляр', 1, 'Соколов Александр Сергеевич', '2022-09-13 11:54:11', 'нет', 'нет', NULL, NULL, NULL),
(564, 'Положение', '6 апреля 1921 г.', '6 апреля 1921 г.', 'Олонецкая губерния, Карельская Трудовая Коммуна', 'Петрозаводск', 'Положение, утвержденное бюро производственной пропаганды и агитации при Карельско-Олонецком совете профсоюзов об агитпароходе, работающем на реке Свири и Онежском озере', 552, 'Подлинник', 'Русский', 'Рукопись', 1, 'Соколов Александр Сергеевич', '2022-09-13 12:10:08', 'нет', 'нет', NULL, NULL, NULL),
(565, 'Протокол', '1921 г.', '1921 г.', 'Олонецкая губерния, Карельская Трудовая Коммуна', 'Петрозаводск', 'Протокол малого бюро пропаганды Карело-Олонецкого областного совета профсоюзов о плане работы агитпарохода \"Роза Люксембург\"', 553, 'Подлинник', 'Русский', 'Машинопись', 1, 'Соколов Александр Сергеевич', '2022-09-13 12:13:20', 'Использовался для продналоговой земельной кампании и помощи голодающим Поволжья. Был разработан недельный маршрут с агитацией из Петрозаводска с постановкой спектакля на праздник Ильин день в Толвуе и Шуньге, далее в Повенце, с заходом на обратном пути в Типиницы и Кузаранду.', 'нет', NULL, NULL, NULL),
(566, 'Прошение', '1916 г.', '23 сентября 1916 г.', 'Петрозаводск', 'Петрозаводск', 'Прошение члена петрозаводского кружка любителей конькобежного спорта Александра Александровича Кутузова в Петрозаводскую городскую управу о разрешении устроить по примеру прошлых лет каток в Летнем саду ', 554, 'Подлинник', 'Русский', 'Рукопись', 1, 'Соколов Александр Сергеевич', '2022-09-14 17:47:25', 'нет', 'Кутузов А. А.', NULL, NULL, NULL),
(567, 'Ходатайство', '1916 г.', '23 сентября 1916 г.', 'Петрозаводск', 'Петрозаводск', 'Ходатайство Щелкунова в Петрозаводскую городскую думу о продаже ему участка в местечке Пески между дорогой в Соломенное и Зеленой дорогой для строительства судоверфи', 555, 'Подлинник', 'Русский', 'Рукопись', 1, 'Соколов Александр Сергеевич', '2022-09-14 17:50:28', 'нет', 'Щелкунов', NULL, NULL, NULL),
(568, 'Ходатайство', '1916 г.', '27 сентября 1916 г.', 'Петрозаводск', 'Петрозаводск', 'Ходатайство Александра Константиновича Гончаревского в Петрозаводскую городскую управу о выделении участка для строительства судоверфи и обучения учащихся яхтенно-моторному судостроительному делу', 556, 'Подлинник', 'Русский', 'Рукопись', 1, 'Соколов Александр Сергеевич', '2022-09-14 17:52:35', 'А. К. Гончаревским было организовано яхтенно-моторное товарищество.', 'Гончаревский А. К.', NULL, NULL, NULL),
(569, 'Прошение', '1916 г.', '16 мая 1916 г.', 'Петрозаводск', 'Петрозаводск', 'Прошение крестьянки Александры Федоровны Денисовой в Петрозаводскую городскую управу о передаче в аренду земли около Сулажгорской речки', 557, 'Подлинник', 'Русский', 'Рукопись', 1, 'Соколов Александр Сергеевич', '2022-09-15 09:30:40', 'нет', 'Денисова А. Ф.', NULL, NULL, NULL),
(570, 'Прошение', '30 сентября 1916 г.', '30 сентября 1916 г.', 'Петрозаводск', 'Петрозаводск', 'Прошение штурмана второго рахряда Николая павловича Варзугина в Петрозаводский общественный городской банк об освобождении его от обязанностей товарища директора банка по состоянию здоровья', 558, 'Подлинник', 'Русский', 'Рукопись', 1, 'Соколов Александр Сергеевич', '2022-09-15 09:33:28', 'нет', 'Варзугин Н. П.', NULL, NULL, NULL),
(571, 'Прошение', '1916 г.', '20 апреля 1916 г.', 'Петрозаводск', 'Петрозаводск', 'Прошение петрозаводского казначея Павла Алексеевича Русакова в Петрозаводскую городскую управу об оставлении ему во владении пожни покойного брата Александра в Сальнаволоке', 559, 'Подлинник', 'Русский', 'Рукопись', 1, 'Соколов Александр Сергеевич', '2022-09-15 09:56:44', 'нет', 'Русаокв А. А., Русаков П. А.', NULL, NULL, NULL),
(572, 'Рапорт', '1845 г.', '11 июля 1845 г.', 'Петрозаводск', 'Петрозаводск', 'Рапорт управителя Александровского завода А. П. Баранцова в Олонецкое горное правление о необходимости установки надолб от вновь выстроенного места до городской конюшни', 560, 'Подлинник', 'Русский', 'Рукопись', 1, 'Соколов Александр Сергеевич', '2022-09-15 10:08:12', 'нет', 'Баранцов А. П.', NULL, NULL, NULL),
(573, 'Обращение', 'октябрь 1921 г.', '2 октября 1921 г.', 'Кемь', 'Кемь', 'Обращение Кемской уездной тройки помощи голодающим Поволжья о сборе продовольствия, денег, одежды срединаселения г. Кеми', 561, 'Типографский экземпляр', 'Русский', 'Типографский экземпляр', 1, 'Соколов Александр Сергеевич', '2022-09-15 10:17:36', 'нет', 'нет', NULL, NULL, NULL),
(574, 'Прошение', '1908 г.', '20 декабря 1908 г.', 'Паданы', 'Паданы', 'Прошение административно-ссыльного студента Санкт-Петербургского технологического института имени Николая I Эдуарда Петровича Дыклоп повенецкому уездному исправнику о выдаче пособия', 562, 'Подлинник', 'Русский', 'Рукопись', 1, 'Соколов Александр Сергеевич', '2022-09-15 10:44:16', 'Окончил Двинское реальное училище в 1903 г., с 1904 г. - студент технологического института. Выслан в Паданы.', 'Дыклоп Э. П.', NULL, NULL, NULL),
(575, 'Формулярный список', '1906-1910 гг.', '1910 г.', 'Петрозаводск', 'Петрозаводск', 'Формулярный список о службе канцелярского чиновника петрозаводского казначейства Виктора Николаевича Лузгина', 563, 'Подлинник', 'Русский', 'Рукопись', 1, 'Соколов Александр Сергеевич', '2022-09-15 16:14:31', 'нет', 'Лузгин В. Н.', NULL, NULL, NULL),
(576, 'Уведомление', '29 января 1918 г.', '19 февраля 1918 г.', 'Олонецкая губерния', 'Петрозаводск', 'Уведомление Олонецкой казенной палаты Петрозаводскому казначейству об упразднении административного отделения окружного суда, сиротских и коммерческих судей', 564, 'Подлинник', 'Русский', 'Машинопись', 1, 'Соколов Александр Сергеевич', '2022-09-15 16:16:38', 'нет', 'нет', NULL, NULL, NULL),
(577, 'Свидетельство', '1897 г.', '7 сентября 1897 г.', 'Санкт-Петербург', 'Санкт-Петербург', 'Свидетельство Управления Ириновского узкоколейного железнодорожного пути Исидору Ивановичу Цолану о службе в должности поездного машиниста', 565, 'Подлинник', 'Русский', 'Рукопись', 1, 'Соколов Александр Сергеевич', '2022-09-15 16:26:22', 'нет', 'Цолан И. И.', NULL, NULL, NULL),
(578, 'Указ', '1781 г.', '15 июля 1781 г.', 'Вытегорский уезд', 'Ногород', 'Указ Новгородского наместнического правления о претензии государственного крестьянина Петра Бонбина к английскому купцу Рексу за невыплату вознаграждения за поставленную им древесину для пильного завода на реке Усланке', 566, 'Подлинник', 'Русский', 'Рукопись', 1, 'Соколов Александр Сергеевич', '2022-09-15 16:37:04', 'нет', 'Бонбин П., Рекс Т.', NULL, NULL, NULL),
(579, 'Отчет', '1918 г.', '1918 г.', 'Петрозаводский уезд', 'Петрозаводск', 'Отчет заведующего Петрозаводским уездным отделом здравоохрарения об эпидемии испанской болезни в Петрозаводском уезде', 70, 'Подлинник', 'Русский', 'Рукопись', 1, 'Соколов Александр Сергеевич', '2022-09-15 17:05:47', 'нет', 'нет', NULL, NULL, NULL),
(580, 'Сообщение', '1819 г.', '19 декабря 1819 г.', 'Лодейное Поле', 'Санкт-Петербург', 'Сообщение управляющего исполнительной экспедицией Адмиралтейств-коллегии Ивана Пущина в Олонецкую палату уголовного суда о наложении взыскания на подрядчиков Лодейнопольской верфи', 567, 'Подлинник', 'Русский', 'Рукопись', 1, 'Соколов Александр Сергеевич', '2022-09-16 15:00:50', 'нет', 'Пущин И. П.', NULL, NULL, NULL),
(581, 'Ходатайство', '1977 г.', '1977 г.', 'Карельская АССР', 'Петрозаводск', 'Ходатайство предесеадателя правления Союза писателей Карелии Н. Г. Гиппиева в Карельский обком КПСС о представлении путевки в санаторий \"Марциальные воды\" финской писательницы Элли Стенберг', 568, 'Подлинник', 'Русский', 'Машинопись', 1, 'Соколов Александр Сергеевич', '2022-09-16 15:17:04', 'Элли Стенберг родилась в 1903 г. Участница антифашисткой борьбы. Работала учительницей в Карелии. С 1945 по 1966 гг. была депутатом финского парламента от Демократического союза народов Финляндии.', 'Гиппиев Н. Г. (Лайне Н.), Стенберг Э.', NULL, NULL, NULL),
(582, 'Указ', '21 сентября 2002 г.', '21 сентября 2002 г.', 'Республика Карелия', 'Москва', 'Указ Президента Российской Федерации Владимира Владимировича Путина о награждении фотокорреспондента ИТАР-ТАСС Семена Ароновича Майстермана Орденом Почета', 569, 'Копия', 'Русский', 'Машинопись', 1, 'Соколов Александр Сергеевич', '2022-09-16 15:32:08', 'нет', 'Путин В. В., Майстерман С. А.', NULL, NULL, NULL),
(583, 'Диплом', '1974 г.', '1974 г.', 'Карельская АССР', 'Петрозаводск', 'Диплом лауреата государственной премии Карельской АССР за балет \"Кижская легенда\" народному артисту РСФСР Гельмеру-Райнеру Синисало и заслуженному деятелю искусств РСФСР Игорю Валентиновичу Смирнову', 570, 'Подлинник', 'Русский', 'Типографский экземпляр', 1, 'Соколов Александр', '2022-10-12 16:19:47', 'нет', 'Синисало Г.-Р. Н., Смирнов И. В.', NULL, NULL, NULL),
(584, 'Список', '1831 г.', '1831 г.', 'Петрозаводск', 'Петрозаводск', 'Список лиц, получающих пособие от Олонецкого епархивального попечительства о бедных духовного звания', 571, 'Подлинник', 'Русский', 'Рукопись', 1, 'Соколов Александр', '2022-10-12 17:24:50', 'нет', 'нет', NULL, NULL, NULL),
(585, 'Приказ', '1936 г.', '25 сентября 1936 г.', 'Петрозаводск', 'Петрозаводск', 'Приказ по тресту \"Карелавто\" о борьбе за трудовую дисциплину в связи с катастрофой на переезде Петрозаводск-Пряжа', 572, 'Копия', 'Русский', 'Машинопись', 1, 'Соколов Александр', '2022-10-14 15:07:30', 'В нось с 11 на 12 сентября 1936 г. с пассажирской машиной Петрозаводской автобазы ГАЗ-АА № 369 под управлением шофера Пекшуева произошла катастрофа на тракте Петрозаводск-Пряжа, столкновение с товарным поездом. Из-за Пекшуева, решившего проскочить, 3 человека погибло, 5 тяжело ранено, машина сгорела.', 'Пекшуев', NULL, NULL, NULL),
(586, 'Протокол', '2 августа 1997 г.', '2 августа 1997 г.', 'Петрозаводск', 'Петрозаводск', 'Протокол судьи матча на кубок России в зоне Северо-Запад В. Л. Петтая между юношескими командами \"Балтика\" (Калиниград) и \"Зенит (Санкт-Петербург) в г. Петрозаводске', 573, 'Копия', 'Русский', 'Рукопись', 1, 'Соколов Александр', '2022-10-14 15:18:20', 'нет', 'Петтай В. Л.', NULL, NULL, NULL),
(588, 'test', 'test', 'test', 'test', 'test', 'test', 575, 'test222', 'tes', 'test', 1, 'Соколов Александр', '2022-10-28 23:15:33', 'тест2 test 123', NULL, 1, NULL, NULL),
(589, 'test2', 'test', 'test', 'test', 'test', 'test2', 576, 'test33333333333', 'test', 'test', 0, 'Соколов Александр', '2022-10-28 23:45:24', 'qwrety', NULL, NULL, NULL, NULL),
(590, 'test', 'test', 'test', 'test', 'test', 'test', 577, 'test33333333333', 'tes', 'test', 0, 'Соколов Александр', '2022-10-28 23:49:05', 'r6ty', NULL, 1, NULL, NULL),
(591, 'test', 'test', 'test', 'test', 'test', 'test', 577, 'test33333333333', 'tes', 'test', 0, 'Соколов Александр', '2022-10-28 23:49:05', 'r6ty', NULL, 1, NULL, NULL),
(592, 'test', 'test2', 'test3', 'test4', 'test5', 'test6', 578, 'test', 'test', 'test', 0, 'Соколов Александр', '2022-10-28 23:52:27', 'qwerty', NULL, 1, NULL, NULL),
(593, 'test', 'test2', 'test3', 'test4', 'test5', 'test6', 578, 'test', 'test', 'test', 0, 'Соколов Александр', '2022-10-28 23:52:27', 'qwerty', NULL, 1, NULL, NULL),
(594, 'test', 'test2', 'test3', 'test4', 'test5', 'test6', 578, 'test', 'test', 'test', 0, 'Соколов Александр', '2022-10-28 23:52:27', 'qwerty', NULL, 1, NULL, NULL),
(595, 'test', 'test2', 'test3', 'test4', 'test5', 'test6', 578, 'test', 'test', 'test', 0, 'Соколов Александр', '2022-10-28 23:52:27', 'qwerty', NULL, 1, NULL, NULL),
(596, 'test', 'test2', 'test3', 'test4', 'test5', 'test6', 578, 'test', 'test', 'test', 0, 'Соколов Александр', '2022-10-28 23:54:25', 'qwerty', NULL, 1, NULL, NULL),
(597, 'test', 'test2', 'test3', 'test4', 'test5', 'test6', 578, 'test', 'test', 'test', 0, 'Соколов Александр', '2022-10-28 23:54:25', 'qwerty', NULL, 1, NULL, NULL),
(598, 'test', 'test2', 'test3', 'test4', 'test5', 'test6', 578, 'test', 'test', 'test', 0, 'Соколов Александр', '2022-10-28 23:56:37', 'qwerty', NULL, 1, NULL, NULL),
(599, 'test', 'test2', 'test3', 'test4', 'test5', 'test6', 578, 'test', 'test', 'test', 0, 'Соколов Александр', '2022-10-28 23:56:37', 'qwerty', NULL, 1, NULL, NULL),
(600, 'test', 'test2', 'test3', 'test4', 'test5', 'test6', 578, 'test', 'test', 'test', 0, 'Соколов Александр', '2022-10-28 23:56:51', 'qwerty', NULL, 1, NULL, NULL),
(601, 'test', 'test', 'test', 'test', 'test5', 'test6', 579, 'test', 'test', 'test', 1, 'Соколов Александр', '2022-10-28 23:59:43', '123465789', NULL, NULL, NULL, NULL),
(602, 'test', 'test', 'test', 'test', 'test5', 'test6', 579, 'test', 'test', 'test', 1, 'Соколов Александр', '2022-10-29 00:00:44', '123465789', NULL, NULL, NULL, NULL),
(603, 'test', 'test', 'test', 'test', 'test5', 'test6', 579, 'test', 'test', 'test', 1, 'Соколов Александр', '2022-10-29 00:00:44', '123465789', NULL, 1, NULL, NULL),
(604, 'test', 'test', 'test', 'test', 'test5', 'test6', 579, 'test', 'test', 'test', 1, 'Соколов Александр', '2022-10-29 00:20:04', '123465789', NULL, 0, NULL, NULL),
(605, 't', 't', 't', 't', 't', 't', 580, 't', 't', 't', 1, 'Соколов Александр', '2022-11-03 23:25:54', 'test 2', NULL, 1, NULL, NULL),
(606, 'test', 'test2', 'test3', 'test', 'test5', 'test2', 581, 'test', 'tes', 'test', 1, 'Соколов Александр', '2022-11-04 19:49:14', 'test', NULL, NULL, NULL, NULL);

-- --------------------------------------------------------

--
-- Структура таблицы `cards_persons`
--

CREATE TABLE `cards_persons` (
  `id` int NOT NULL,
  `card` int NOT NULL,
  `person` int NOT NULL,
  `created_at` datetime NOT NULL DEFAULT CURRENT_TIMESTAMP
) ENGINE=InnoDB DEFAULT CHARSET=utf8mb4 COLLATE=utf8mb4_unicode_ci;

--
-- Дамп данных таблицы `cards_persons`
--

INSERT INTO `cards_persons` (`id`, `card`, `person`, `created_at`) VALUES
(1, 28, 379, '2022-10-22 21:52:36'),
(2, 29, 372, '2022-10-22 21:52:36'),
(3, 30, 95, '2022-10-22 21:52:36'),
(4, 31, 262, '2022-10-22 21:52:36'),
(5, 32, 348, '2022-10-22 21:52:36'),
(6, 33, 262, '2022-10-22 21:52:36'),
(7, 34, 79, '2022-10-22 21:52:36'),
(8, 35, 345, '2022-10-22 21:52:36'),
(9, 36, 380, '2022-10-22 21:52:36'),
(10, 36, 252, '2022-10-22 21:52:36'),
(11, 37, 262, '2022-10-22 21:52:36'),
(12, 38, 311, '2022-10-22 21:52:36'),
(13, 39, 262, '2022-10-22 21:52:36'),
(14, 40, 262, '2022-10-22 21:52:36'),
(15, 41, 262, '2022-10-22 21:52:36'),
(16, 42, 127, '2022-10-22 21:52:36'),
(17, 43, 262, '2022-10-22 21:52:36'),
(18, 44, 262, '2022-10-22 21:52:36'),
(19, 45, 57, '2022-10-22 21:52:36'),
(20, 46, 262, '2022-10-22 21:52:36'),
(21, 47, 262, '2022-10-22 21:52:36'),
(22, 48, 262, '2022-10-22 21:52:36'),
(23, 49, 337, '2022-10-22 21:52:36'),
(24, 50, 262, '2022-10-22 21:52:36'),
(25, 51, 283, '2022-10-22 21:52:36'),
(26, 52, 416, '2022-10-22 21:52:36'),
(27, 53, 373, '2022-10-22 21:52:36'),
(28, 54, 262, '2022-10-22 21:52:36'),
(29, 55, 91, '2022-10-22 21:52:36'),
(30, 56, 268, '2022-10-22 21:52:36'),
(31, 57, 281, '2022-10-22 21:52:36'),
(32, 58, 436, '2022-10-22 21:52:36'),
(33, 59, 262, '2022-10-22 21:52:36'),
(34, 60, 262, '2022-10-22 21:52:36'),
(35, 61, 262, '2022-10-22 21:52:36'),
(36, 62, 53, '2022-10-22 21:52:36'),
(37, 63, 262, '2022-10-22 21:52:36'),
(38, 64, 168, '2022-10-22 21:52:36'),
(39, 65, 338, '2022-10-22 21:52:36'),
(40, 66, 351, '2022-10-22 21:52:36'),
(41, 66, 122, '2022-10-22 21:52:36'),
(42, 66, 22, '2022-10-22 21:52:36'),
(43, 66, 427, '2022-10-22 21:52:36'),
(44, 66, 332, '2022-10-22 21:52:36'),
(45, 66, 370, '2022-10-22 21:52:36'),
(46, 67, 169, '2022-10-22 21:52:36'),
(47, 68, 447, '2022-10-22 21:52:36'),
(48, 69, 4, '2022-10-22 21:52:36'),
(49, 70, 262, '2022-10-22 21:52:36'),
(50, 72, 214, '2022-10-22 21:52:36'),
(51, 72, 59, '2022-10-22 21:52:36'),
(52, 73, 262, '2022-10-22 21:52:36'),
(53, 74, 262, '2022-10-22 21:52:36'),
(54, 75, 340, '2022-10-22 21:52:36'),
(55, 76, 303, '2022-10-22 21:52:36'),
(56, 76, 381, '2022-10-22 21:52:36'),
(57, 76, 103, '2022-10-22 21:52:36'),
(58, 77, 271, '2022-10-22 21:52:36'),
(59, 77, 437, '2022-10-22 21:52:36'),
(60, 78, 262, '2022-10-22 21:52:36'),
(61, 79, 104, '2022-10-22 21:52:36'),
(62, 80, 262, '2022-10-22 21:52:36'),
(63, 81, 114, '2022-10-22 21:52:36'),
(64, 82, 343, '2022-10-22 21:52:36'),
(65, 82, 224, '2022-10-22 21:52:36'),
(66, 83, 262, '2022-10-22 21:52:36'),
(67, 84, 54, '2022-10-22 21:52:36'),
(68, 85, 86, '2022-10-22 21:52:36'),
(69, 86, 124, '2022-10-22 21:52:36'),
(70, 87, 99, '2022-10-22 21:52:36'),
(71, 87, 13, '2022-10-22 21:52:36'),
(72, 87, 385, '2022-10-22 21:52:36'),
(73, 88, 346, '2022-10-22 21:52:36'),
(74, 89, 419, '2022-10-22 21:52:36'),
(75, 90, 323, '2022-10-22 21:52:36'),
(76, 91, 262, '2022-10-22 21:52:36'),
(77, 92, 262, '2022-10-22 21:52:36'),
(78, 93, 253, '2022-10-22 21:52:36'),
(79, 94, 202, '2022-10-22 21:52:36'),
(80, 95, 202, '2022-10-22 21:52:36'),
(81, 96, 58, '2022-10-22 21:52:36'),
(82, 97, 262, '2022-10-22 21:52:36'),
(83, 98, 262, '2022-10-22 21:52:36'),
(84, 99, 262, '2022-10-22 21:52:36'),
(85, 100, 10, '2022-10-22 21:52:36'),
(86, 101, 52, '2022-10-22 21:52:36'),
(87, 102, 262, '2022-10-22 21:52:36'),
(88, 103, 262, '2022-10-22 21:52:36'),
(89, 104, 262, '2022-10-22 21:52:36'),
(90, 105, 229, '2022-10-22 21:52:36'),
(91, 106, 115, '2022-10-22 21:52:36'),
(92, 106, 12, '2022-10-22 21:52:36'),
(93, 107, 269, '2022-10-22 21:52:36'),
(94, 108, 262, '2022-10-22 21:52:36'),
(95, 109, 409, '2022-10-22 21:52:36'),
(96, 110, 262, '2022-10-22 21:52:36'),
(97, 111, 395, '2022-10-22 21:52:36'),
(98, 112, 198, '2022-10-22 21:52:36'),
(99, 113, 216, '2022-10-22 21:52:36'),
(100, 114, 315, '2022-10-22 21:52:36'),
(101, 114, 314, '2022-10-22 21:52:36'),
(102, 115, 315, '2022-10-22 21:52:36'),
(103, 116, 307, '2022-10-22 21:52:36'),
(104, 117, 262, '2022-10-22 21:52:36'),
(105, 118, 262, '2022-10-22 21:52:36'),
(106, 119, 67, '2022-10-22 21:52:36'),
(107, 120, 227, '2022-10-22 21:52:36'),
(108, 121, 123, '2022-10-22 21:52:36'),
(109, 121, 66, '2022-10-22 21:52:36'),
(110, 122, 157, '2022-10-22 21:52:36'),
(111, 123, 286, '2022-10-22 21:52:36'),
(112, 124, 286, '2022-10-22 21:52:36'),
(113, 125, 117, '2022-10-22 21:52:36'),
(114, 126, 83, '2022-10-22 21:52:36'),
(115, 127, 194, '2022-10-22 21:52:36'),
(116, 128, 196, '2022-10-22 21:52:36'),
(117, 129, 262, '2022-10-22 21:52:36'),
(118, 130, 262, '2022-10-22 21:52:36'),
(119, 131, 233, '2022-10-22 21:52:36'),
(120, 131, 170, '2022-10-22 21:52:36'),
(121, 131, 275, '2022-10-22 21:52:36'),
(122, 132, 262, '2022-10-22 21:52:36'),
(123, 133, 262, '2022-10-22 21:52:36'),
(124, 134, 262, '2022-10-22 21:52:36'),
(125, 135, 409, '2022-10-22 21:52:36'),
(126, 136, 136, '2022-10-22 21:52:36'),
(127, 137, 254, '2022-10-22 21:52:36'),
(128, 138, 299, '2022-10-22 21:52:36'),
(129, 138, 300, '2022-10-22 21:52:36'),
(130, 139, 262, '2022-10-22 21:52:36'),
(131, 140, 377, '2022-10-22 21:52:36'),
(132, 141, 262, '2022-10-22 21:52:36'),
(133, 142, 430, '2022-10-22 21:52:36'),
(134, 143, 392, '2022-10-22 21:52:36'),
(135, 143, 408, '2022-10-22 21:52:36'),
(136, 144, 366, '2022-10-22 21:52:36'),
(137, 145, 262, '2022-10-22 21:52:36'),
(138, 146, 301, '2022-10-22 21:52:36'),
(139, 146, 347, '2022-10-22 21:52:36'),
(140, 147, 262, '2022-10-22 21:52:36'),
(141, 148, 110, '2022-10-22 21:52:36'),
(142, 148, 240, '2022-10-22 21:52:36'),
(143, 148, 175, '2022-10-22 21:52:36'),
(144, 148, 65, '2022-10-22 21:52:36'),
(145, 149, 262, '2022-10-22 21:52:36'),
(146, 150, 262, '2022-10-22 21:52:36'),
(147, 151, 262, '2022-10-22 21:52:36'),
(148, 152, 262, '2022-10-22 21:52:36'),
(149, 153, 292, '2022-10-22 21:52:36'),
(150, 154, 292, '2022-10-22 21:52:36'),
(151, 155, 262, '2022-10-22 21:52:36'),
(152, 156, 262, '2022-10-22 21:52:36'),
(153, 157, 292, '2022-10-22 21:52:36'),
(154, 158, 292, '2022-10-22 21:52:36'),
(155, 159, 262, '2022-10-22 21:52:36'),
(156, 160, 262, '2022-10-22 21:52:36'),
(157, 161, 262, '2022-10-22 21:52:36'),
(158, 162, 262, '2022-10-22 21:52:36'),
(159, 163, 353, '2022-10-22 21:52:36'),
(160, 163, 402, '2022-10-22 21:52:36'),
(161, 164, 450, '2022-10-22 21:52:36'),
(162, 165, 8, '2022-10-22 21:52:36'),
(163, 166, 8, '2022-10-22 21:52:36'),
(164, 167, 378, '2022-10-22 21:52:36'),
(165, 167, 440, '2022-10-22 21:52:36'),
(166, 168, 231, '2022-10-22 21:52:36'),
(167, 169, 262, '2022-10-22 21:52:36'),
(168, 170, 45, '2022-10-22 21:52:36'),
(169, 171, 262, '2022-10-22 21:52:36'),
(170, 172, 208, '2022-10-22 21:52:36'),
(171, 172, 239, '2022-10-22 21:52:36'),
(172, 173, 21, '2022-10-22 21:52:36'),
(173, 174, 76, '2022-10-22 21:52:36'),
(174, 175, 382, '2022-10-22 21:52:36'),
(175, 176, 440, '2022-10-22 21:52:36'),
(176, 177, 260, '2022-10-22 21:52:36'),
(177, 178, 385, '2022-10-22 21:52:36'),
(178, 178, 303, '2022-10-22 21:52:36'),
(179, 179, 262, '2022-10-22 21:52:36'),
(180, 180, 262, '2022-10-22 21:52:36'),
(181, 181, 410, '2022-10-22 21:52:36'),
(182, 182, 262, '2022-10-22 21:52:36'),
(183, 183, 262, '2022-10-22 21:52:36'),
(184, 184, 262, '2022-10-22 21:52:36'),
(185, 185, 262, '2022-10-22 21:52:36'),
(186, 186, 262, '2022-10-22 21:52:36'),
(187, 187, 262, '2022-10-22 21:52:36'),
(188, 188, 262, '2022-10-22 21:52:36'),
(189, 189, 6, '2022-10-22 21:52:36'),
(190, 190, 452, '2022-10-22 21:52:36'),
(191, 191, 48, '2022-10-22 21:52:36'),
(192, 191, 444, '2022-10-22 21:52:36'),
(193, 192, 262, '2022-10-22 21:52:36'),
(194, 193, 262, '2022-10-22 21:52:36'),
(195, 194, 356, '2022-10-22 21:52:36'),
(196, 195, 262, '2022-10-22 21:52:36'),
(197, 196, 262, '2022-10-22 21:52:36'),
(198, 197, 134, '2022-10-22 21:52:36'),
(199, 197, 153, '2022-10-22 21:52:36'),
(200, 198, 451, '2022-10-22 21:52:36'),
(201, 198, 97, '2022-10-22 21:52:36'),
(202, 199, 62, '2022-10-22 21:52:36'),
(203, 200, 262, '2022-10-22 21:52:36'),
(204, 201, 262, '2022-10-22 21:52:36'),
(205, 202, 249, '2022-10-22 21:52:36'),
(206, 203, 149, '2022-10-22 21:52:36'),
(207, 204, 280, '2022-10-22 21:52:37'),
(208, 205, 26, '2022-10-22 21:52:37'),
(209, 205, 11, '2022-10-22 21:52:37'),
(210, 206, 262, '2022-10-22 21:52:37'),
(211, 207, 174, '2022-10-22 21:52:37'),
(212, 208, 262, '2022-10-22 21:52:37'),
(213, 209, 60, '2022-10-22 21:52:37'),
(214, 210, 387, '2022-10-22 21:52:37'),
(215, 210, 258, '2022-10-22 21:52:37'),
(216, 211, 420, '2022-10-22 21:52:37'),
(217, 212, 49, '2022-10-22 21:52:37'),
(218, 213, 200, '2022-10-22 21:52:37'),
(219, 214, 80, '2022-10-22 21:52:37'),
(220, 215, 361, '2022-10-22 21:52:37'),
(221, 216, 418, '2022-10-22 21:52:37'),
(222, 217, 262, '2022-10-22 21:52:37'),
(223, 218, 107, '2022-10-22 21:52:37'),
(224, 219, 80, '2022-10-22 21:52:37'),
(225, 220, 262, '2022-10-22 21:52:37'),
(226, 221, 262, '2022-10-22 21:52:37'),
(227, 222, 414, '2022-10-22 21:52:37'),
(228, 222, 389, '2022-10-22 21:52:37'),
(229, 223, 262, '2022-10-22 21:52:37'),
(230, 224, 230, '2022-10-22 21:52:37'),
(231, 225, 126, '2022-10-22 21:52:37'),
(232, 226, 262, '2022-10-22 21:52:37'),
(233, 227, 432, '2022-10-22 21:52:37'),
(234, 227, 397, '2022-10-22 21:52:37'),
(235, 228, 262, '2022-10-22 21:52:37'),
(236, 229, 297, '2022-10-22 21:52:37'),
(237, 229, 138, '2022-10-22 21:52:37'),
(238, 230, 152, '2022-10-22 21:52:37'),
(239, 231, 422, '2022-10-22 21:52:37'),
(240, 232, 262, '2022-10-22 21:52:37'),
(241, 234, 128, '2022-10-22 21:52:37'),
(242, 235, 262, '2022-10-22 21:52:37'),
(243, 236, 262, '2022-10-22 21:52:37'),
(244, 237, 262, '2022-10-22 21:52:37'),
(245, 238, 262, '2022-10-22 21:52:37'),
(246, 239, 129, '2022-10-22 21:52:37'),
(247, 240, 262, '2022-10-22 21:52:37'),
(248, 241, 77, '2022-10-22 21:52:37'),
(249, 241, 256, '2022-10-22 21:52:37'),
(250, 242, 262, '2022-10-22 21:52:37'),
(251, 243, 262, '2022-10-22 21:52:37'),
(252, 244, 135, '2022-10-22 21:52:37'),
(254, 246, 262, '2022-10-22 21:52:37'),
(255, 247, 262, '2022-10-22 21:52:37'),
(256, 248, 198, '2022-10-22 21:52:37'),
(257, 249, 363, '2022-10-22 21:52:37'),
(258, 250, 262, '2022-10-22 21:52:37'),
(259, 251, 232, '2022-10-22 21:52:37'),
(260, 251, 9, '2022-10-22 21:52:37'),
(261, 252, 39, '2022-10-22 21:52:37'),
(262, 253, 39, '2022-10-22 21:52:37'),
(263, 254, 42, '2022-10-22 21:52:37'),
(264, 255, 406, '2022-10-22 21:52:37'),
(265, 256, 128, '2022-10-22 21:52:37'),
(266, 257, 210, '2022-10-22 21:52:37'),
(267, 258, 162, '2022-10-22 21:52:37'),
(268, 259, 262, '2022-10-22 21:52:37'),
(269, 260, 262, '2022-10-22 21:52:37'),
(270, 261, 367, '2022-10-22 21:52:37'),
(271, 262, 452, '2022-10-22 21:52:37'),
(272, 263, 47, '2022-10-22 21:52:37'),
(273, 263, 46, '2022-10-22 21:52:37'),
(274, 263, 320, '2022-10-22 21:52:37'),
(275, 263, 400, '2022-10-22 21:52:37'),
(276, 263, 294, '2022-10-22 21:52:37'),
(277, 264, 411, '2022-10-22 21:52:37'),
(278, 264, 16, '2022-10-22 21:52:37'),
(279, 264, 336, '2022-10-22 21:52:37'),
(280, 265, 287, '2022-10-22 21:52:37'),
(281, 265, 355, '2022-10-22 21:52:37'),
(282, 266, 35, '2022-10-22 21:52:37'),
(283, 266, 312, '2022-10-22 21:52:37'),
(284, 267, 190, '2022-10-22 21:52:37'),
(285, 268, 270, '2022-10-22 21:52:37'),
(286, 268, 236, '2022-10-22 21:52:37'),
(287, 268, 98, '2022-10-22 21:52:37'),
(288, 268, 226, '2022-10-22 21:52:37'),
(289, 268, 191, '2022-10-22 21:52:37'),
(290, 269, 262, '2022-10-22 21:52:37'),
(291, 270, 262, '2022-10-22 21:52:37'),
(292, 271, 262, '2022-10-22 21:52:37'),
(293, 272, 262, '2022-10-22 21:52:37'),
(294, 273, 143, '2022-10-22 21:52:37'),
(295, 274, 262, '2022-10-22 21:52:37'),
(296, 275, 63, '2022-10-22 21:52:37'),
(297, 276, 262, '2022-10-22 21:52:37'),
(298, 277, 277, '2022-10-22 21:52:37'),
(299, 277, 93, '2022-10-22 21:52:37'),
(300, 278, 262, '2022-10-22 21:52:37'),
(301, 279, 262, '2022-10-22 21:52:37'),
(302, 280, 313, '2022-10-22 21:52:37'),
(303, 281, 265, '2022-10-22 21:52:37'),
(304, 282, 82, '2022-10-22 21:52:37'),
(305, 282, 113, '2022-10-22 21:52:37'),
(306, 282, 154, '2022-10-22 21:52:37'),
(307, 283, 255, '2022-10-22 21:52:37'),
(308, 283, 183, '2022-10-22 21:52:37'),
(309, 284, 434, '2022-10-22 21:52:37'),
(310, 284, 433, '2022-10-22 21:52:37'),
(311, 285, 262, '2022-10-22 21:52:37'),
(312, 286, 405, '2022-10-22 21:52:37'),
(313, 287, 298, '2022-10-22 21:52:37'),
(314, 288, 262, '2022-10-22 21:52:37'),
(315, 289, 165, '2022-10-22 21:52:37'),
(316, 289, 221, '2022-10-22 21:52:37'),
(317, 289, 364, '2022-10-22 21:52:37'),
(318, 289, 90, '2022-10-22 21:52:37'),
(319, 289, 2, '2022-10-22 21:52:37'),
(320, 290, 262, '2022-10-22 21:52:37'),
(321, 291, 262, '2022-10-22 21:52:37'),
(322, 292, 215, '2022-10-22 21:52:37'),
(323, 293, 262, '2022-10-22 21:52:37'),
(324, 294, 247, '2022-10-22 21:52:37'),
(325, 295, 373, '2022-10-22 21:52:37'),
(326, 296, 262, '2022-10-22 21:52:37'),
(327, 297, 262, '2022-10-22 21:52:37'),
(328, 298, 100, '2022-10-22 21:52:37'),
(329, 298, 199, '2022-10-22 21:52:37'),
(330, 299, 262, '2022-10-22 21:52:37'),
(331, 300, 262, '2022-10-22 21:52:37'),
(332, 301, 73, '2022-10-22 21:52:37'),
(333, 302, 33, '2022-10-22 21:52:37'),
(334, 303, 277, '2022-10-22 21:52:37'),
(335, 304, 3, '2022-10-22 21:52:37'),
(336, 305, 262, '2022-10-22 21:52:37'),
(337, 306, 262, '2022-10-22 21:52:37'),
(338, 307, 262, '2022-10-22 21:52:37'),
(339, 308, 262, '2022-10-22 21:52:37'),
(340, 309, 309, '2022-10-22 21:52:37'),
(341, 310, 40, '2022-10-22 21:52:37'),
(342, 310, 446, '2022-10-22 21:52:37'),
(343, 310, 339, '2022-10-22 21:52:37'),
(344, 310, 41, '2022-10-22 21:52:37'),
(345, 310, 375, '2022-10-22 21:52:37'),
(346, 310, 37, '2022-10-22 21:52:37'),
(347, 310, 160, '2022-10-22 21:52:37'),
(348, 310, 17, '2022-10-22 21:52:37'),
(349, 310, 329, '2022-10-22 21:52:37'),
(350, 310, 394, '2022-10-22 21:52:37'),
(351, 310, 166, '2022-10-22 21:52:37'),
(352, 310, 435, '2022-10-22 21:52:37'),
(353, 311, 262, '2022-10-22 21:52:37'),
(354, 312, 201, '2022-10-22 21:52:37'),
(355, 312, 431, '2022-10-22 21:52:37'),
(356, 312, 333, '2022-10-22 21:52:37'),
(357, 312, 163, '2022-10-22 21:52:37'),
(358, 312, 290, '2022-10-22 21:52:37'),
(359, 312, 325, '2022-10-22 21:52:37'),
(360, 312, 304, '2022-10-22 21:52:37'),
(361, 312, 357, '2022-10-22 21:52:37'),
(362, 313, 201, '2022-10-22 21:52:37'),
(363, 314, 262, '2022-10-22 21:52:37'),
(364, 315, 279, '2022-10-22 21:52:37'),
(365, 316, 262, '2022-10-22 21:52:37'),
(366, 317, 96, '2022-10-22 21:52:37'),
(367, 318, 96, '2022-10-22 21:52:37'),
(368, 319, 43, '2022-10-22 21:52:37'),
(369, 319, 407, '2022-10-22 21:52:37'),
(370, 320, 344, '2022-10-22 21:52:37'),
(371, 321, 322, '2022-10-22 21:52:37'),
(372, 322, 118, '2022-10-22 21:52:37'),
(373, 323, 262, '2022-10-22 21:52:37'),
(374, 324, 262, '2022-10-22 21:52:37'),
(375, 325, 189, '2022-10-22 21:52:37'),
(376, 326, 176, '2022-10-22 21:52:37'),
(377, 327, 262, '2022-10-22 21:52:37'),
(378, 328, 181, '2022-10-22 21:52:37'),
(379, 328, 386, '2022-10-22 21:52:37'),
(380, 329, 383, '2022-10-22 21:52:37'),
(381, 329, 285, '2022-10-22 21:52:37'),
(382, 330, 132, '2022-10-22 21:52:37'),
(383, 331, 245, '2022-10-22 21:52:37'),
(384, 332, 262, '2022-10-22 21:52:37'),
(385, 333, 345, '2022-10-22 21:52:37'),
(386, 334, 235, '2022-10-22 21:52:37'),
(387, 335, 262, '2022-10-22 21:52:37'),
(388, 336, 262, '2022-10-22 21:52:37'),
(389, 337, 262, '2022-10-22 21:52:37'),
(390, 338, 262, '2022-10-22 21:52:37'),
(391, 339, 262, '2022-10-22 21:52:37'),
(392, 340, 150, '2022-10-22 21:52:37'),
(393, 340, 360, '2022-10-22 21:52:37'),
(394, 340, 398, '2022-10-22 21:52:37'),
(395, 341, 262, '2022-10-22 21:52:37'),
(396, 342, 262, '2022-10-22 21:52:37'),
(397, 343, 264, '2022-10-22 21:52:37'),
(398, 343, 310, '2022-10-22 21:52:37'),
(399, 344, 81, '2022-10-22 21:52:37'),
(400, 345, 92, '2022-10-22 21:52:37'),
(401, 346, 442, '2022-10-22 21:52:37'),
(402, 347, 262, '2022-10-22 21:52:37'),
(403, 348, 38, '2022-10-22 21:52:37'),
(404, 349, 274, '2022-10-22 21:52:37'),
(405, 349, 111, '2022-10-22 21:52:37'),
(407, 351, 262, '2022-10-22 21:52:37'),
(408, 352, 262, '2022-10-22 21:52:37'),
(409, 353, 262, '2022-10-22 21:52:37'),
(410, 354, 131, '2022-10-22 21:52:37'),
(411, 355, 312, '2022-10-22 21:52:37'),
(412, 355, 149, '2022-10-22 21:52:37'),
(413, 356, 201, '2022-10-22 21:52:37'),
(414, 357, 262, '2022-10-22 21:52:37'),
(415, 358, 233, '2022-10-22 21:52:37'),
(416, 358, 170, '2022-10-22 21:52:37'),
(417, 358, 275, '2022-10-22 21:52:37'),
(418, 359, 262, '2022-10-22 21:52:37'),
(419, 360, 262, '2022-10-22 21:52:37'),
(420, 361, 261, '2022-10-22 21:52:37'),
(421, 362, 250, '2022-10-22 21:52:37'),
(422, 363, 150, '2022-10-22 21:52:37'),
(423, 363, 93, '2022-10-22 21:52:37'),
(424, 363, 69, '2022-10-22 21:52:37'),
(425, 364, 443, '2022-10-22 21:52:37'),
(426, 364, 18, '2022-10-22 21:52:37'),
(427, 365, 262, '2022-10-22 21:52:37'),
(428, 366, 295, '2022-10-22 21:52:37'),
(429, 367, 369, '2022-10-22 21:52:37'),
(430, 367, 78, '2022-10-22 21:52:37'),
(431, 367, 29, '2022-10-22 21:52:37'),
(432, 368, 349, '2022-10-22 21:52:37'),
(433, 368, 139, '2022-10-22 21:52:37'),
(434, 369, 182, '2022-10-22 21:52:37'),
(435, 369, 417, '2022-10-22 21:52:37'),
(436, 369, 197, '2022-10-22 21:52:37'),
(437, 369, 179, '2022-10-22 21:52:37'),
(438, 369, 368, '2022-10-22 21:52:37'),
(439, 369, 282, '2022-10-22 21:52:37'),
(440, 370, 209, '2022-10-22 21:52:37'),
(441, 371, 234, '2022-10-22 21:52:37'),
(442, 371, 5, '2022-10-22 21:52:37'),
(443, 372, 17, '2022-10-22 21:52:37'),
(444, 372, 173, '2022-10-22 21:52:37'),
(445, 373, 385, '2022-10-22 21:52:37'),
(446, 374, 36, '2022-10-22 21:52:37'),
(447, 375, 262, '2022-10-22 21:52:37'),
(448, 376, 262, '2022-10-22 21:52:37'),
(449, 377, 68, '2022-10-22 21:52:37'),
(450, 377, 272, '2022-10-22 21:52:37'),
(451, 378, 217, '2022-10-22 21:52:37'),
(452, 379, 25, '2022-10-22 21:52:37'),
(453, 379, 426, '2022-10-22 21:52:37'),
(454, 380, 316, '2022-10-22 21:52:37'),
(455, 381, 32, '2022-10-22 21:52:37'),
(456, 381, 58, '2022-10-22 21:52:37'),
(457, 381, 374, '2022-10-22 21:52:37'),
(458, 383, 223, '2022-10-22 21:52:37'),
(459, 383, 94, '2022-10-22 21:52:37'),
(460, 384, 358, '2022-10-22 21:52:37'),
(461, 385, 101, '2022-10-22 21:52:37'),
(462, 386, 403, '2022-10-22 21:52:37'),
(463, 386, 145, '2022-10-22 21:52:37'),
(464, 386, 87, '2022-10-22 21:52:37'),
(465, 387, 28, '2022-10-22 21:52:37'),
(466, 387, 159, '2022-10-22 21:52:37'),
(467, 388, 222, '2022-10-22 21:52:37'),
(468, 389, 85, '2022-10-22 21:52:37'),
(469, 390, 211, '2022-10-22 21:52:37'),
(470, 391, 192, '2022-10-22 21:52:37'),
(471, 392, 296, '2022-10-22 21:52:37'),
(472, 393, 262, '2022-10-22 21:52:37'),
(473, 394, 23, '2022-10-22 21:52:37'),
(474, 395, 23, '2022-10-22 21:52:37'),
(475, 396, 262, '2022-10-22 21:52:37'),
(476, 397, 277, '2022-10-22 21:52:37'),
(477, 398, 161, '2022-10-22 21:52:37'),
(478, 399, 302, '2022-10-22 21:52:37'),
(479, 400, 262, '2022-10-22 21:52:37'),
(480, 401, 205, '2022-10-22 21:52:37'),
(481, 402, 205, '2022-10-22 21:52:37'),
(482, 402, 415, '2022-10-22 21:52:37'),
(483, 403, 195, '2022-10-22 21:52:37'),
(484, 403, 137, '2022-10-22 21:52:37'),
(485, 404, 133, '2022-10-22 21:52:37'),
(486, 404, 151, '2022-10-22 21:52:37'),
(487, 405, 262, '2022-10-22 21:52:37'),
(488, 406, 51, '2022-10-22 21:52:37'),
(489, 406, 211, '2022-10-22 21:52:37'),
(490, 407, 156, '2022-10-22 21:52:37'),
(491, 408, 75, '2022-10-22 21:52:37'),
(492, 408, 72, '2022-10-22 21:52:37'),
(493, 408, 449, '2022-10-22 21:52:37'),
(494, 408, 259, '2022-10-22 21:52:37'),
(495, 409, 371, '2022-10-22 21:52:37'),
(496, 410, 423, '2022-10-22 21:52:37'),
(497, 411, 262, '2022-10-22 21:52:37'),
(498, 412, 262, '2022-10-22 21:52:37'),
(499, 413, 228, '2022-10-22 21:52:37'),
(500, 414, 262, '2022-10-22 21:52:37'),
(501, 415, 262, '2022-10-22 21:52:37'),
(502, 416, 262, '2022-10-22 21:52:37'),
(503, 417, 71, '2022-10-22 21:52:37'),
(504, 418, 262, '2022-10-22 21:52:37'),
(505, 419, 262, '2022-10-22 21:52:37'),
(506, 420, 244, '2022-10-22 21:52:37'),
(507, 421, 39, '2022-10-22 21:52:37'),
(508, 422, 15, '2022-10-22 21:52:37'),
(509, 423, 15, '2022-10-22 21:52:37'),
(510, 424, 262, '2022-10-22 21:52:37'),
(511, 425, 61, '2022-10-22 21:52:37'),
(512, 426, 140, '2022-10-22 21:52:37'),
(513, 427, 147, '2022-10-22 21:52:37'),
(514, 428, 262, '2022-10-22 21:52:37'),
(515, 429, 401, '2022-10-22 21:52:37'),
(516, 430, 251, '2022-10-22 21:52:37'),
(517, 431, 396, '2022-10-22 21:52:37'),
(518, 432, 262, '2022-10-22 21:52:37'),
(519, 433, 262, '2022-10-22 21:52:37'),
(520, 434, 308, '2022-10-22 21:52:37'),
(521, 435, 341, '2022-10-22 21:52:37'),
(522, 435, 14, '2022-10-22 21:52:37'),
(523, 436, 262, '2022-10-22 21:52:37'),
(524, 437, 262, '2022-10-22 21:52:37'),
(525, 438, 362, '2022-10-22 21:52:37'),
(526, 438, 327, '2022-10-22 21:52:37'),
(527, 439, 164, '2022-10-22 21:52:37'),
(528, 440, 237, '2022-10-22 21:52:37'),
(529, 441, 262, '2022-10-22 21:52:37'),
(530, 442, 276, '2022-10-22 21:52:37'),
(531, 443, 384, '2022-10-22 21:52:37'),
(532, 444, 376, '2022-10-22 21:52:37'),
(533, 445, 262, '2022-10-22 21:52:37'),
(534, 446, 74, '2022-10-22 21:52:37'),
(535, 447, 262, '2022-10-22 21:52:37'),
(536, 448, 64, '2022-10-22 21:52:37'),
(537, 449, 359, '2022-10-22 21:52:37'),
(538, 449, 146, '2022-10-22 21:52:37'),
(539, 450, 448, '2022-10-22 21:52:37'),
(540, 451, 262, '2022-10-22 21:52:37'),
(541, 452, 262, '2022-10-22 21:52:37'),
(542, 453, 262, '2022-10-22 21:52:37'),
(543, 454, 262, '2022-10-22 21:52:37'),
(544, 455, 20, '2022-10-22 21:52:37'),
(545, 455, 311, '2022-10-22 21:52:37'),
(546, 456, 184, '2022-10-22 21:52:37'),
(547, 457, 262, '2022-10-22 21:52:37'),
(548, 458, 262, '2022-10-22 21:52:37'),
(549, 459, 262, '2022-10-22 21:52:37'),
(550, 460, 267, '2022-10-22 21:52:37'),
(551, 461, 262, '2022-10-22 21:52:37'),
(552, 462, 429, '2022-10-22 21:52:37'),
(553, 463, 219, '2022-10-22 21:52:37'),
(554, 463, 425, '2022-10-22 21:52:37'),
(555, 464, 144, '2022-10-22 21:52:37'),
(556, 465, 330, '2022-10-22 21:52:37'),
(557, 466, 262, '2022-10-22 21:52:37'),
(558, 467, 262, '2022-10-22 21:52:37'),
(559, 468, 55, '2022-10-22 21:52:37'),
(560, 469, 262, '2022-10-22 21:52:37'),
(561, 470, 352, '2022-10-22 21:52:37'),
(562, 471, 278, '2022-10-22 21:52:37'),
(563, 471, 399, '2022-10-22 21:52:37'),
(564, 472, 399, '2022-10-22 21:52:37'),
(565, 472, 306, '2022-10-22 21:52:37'),
(566, 473, 108, '2022-10-22 21:52:37'),
(567, 474, 293, '2022-10-22 21:52:37'),
(568, 475, 262, '2022-10-22 21:52:37'),
(569, 476, 102, '2022-10-22 21:52:37'),
(570, 476, 238, '2022-10-22 21:52:37'),
(571, 477, 109, '2022-10-22 21:52:37'),
(572, 478, 67, '2022-10-22 21:52:37'),
(573, 479, 31, '2022-10-22 21:52:37'),
(574, 480, 393, '2022-10-22 21:52:37'),
(575, 481, 418, '2022-10-22 21:52:37'),
(576, 481, 324, '2022-10-22 21:52:37'),
(577, 482, 24, '2022-10-22 21:52:37'),
(578, 483, 158, '2022-10-22 21:52:37'),
(579, 484, 262, '2022-10-22 21:52:37'),
(580, 485, 441, '2022-10-22 21:52:37'),
(581, 485, 186, '2022-10-22 21:52:37'),
(582, 486, 262, '2022-10-22 21:52:37'),
(583, 487, 262, '2022-10-22 21:52:37'),
(584, 488, 225, '2022-10-22 21:52:37'),
(585, 488, 177, '2022-10-22 21:52:37'),
(586, 489, 262, '2022-10-22 21:52:37'),
(587, 490, 262, '2022-10-22 21:52:37'),
(588, 491, 262, '2022-10-22 21:52:37'),
(589, 492, 262, '2022-10-22 21:52:37'),
(590, 493, 321, '2022-10-22 21:52:37'),
(591, 493, 263, '2022-10-22 21:52:37'),
(592, 494, 262, '2022-10-22 21:52:37'),
(593, 495, 412, '2022-10-22 21:52:37'),
(594, 496, 243, '2022-10-22 21:52:37'),
(595, 497, 289, '2022-10-22 21:52:37'),
(596, 498, 391, '2022-10-22 21:52:37'),
(597, 498, 428, '2022-10-22 21:52:37'),
(598, 499, 262, '2022-10-22 21:52:37'),
(599, 500, 262, '2022-10-22 21:52:37'),
(600, 501, 30, '2022-10-22 21:52:37'),
(601, 502, 331, '2022-10-22 21:52:37'),
(602, 502, 141, '2022-10-22 21:52:37'),
(603, 502, 44, '2022-10-22 21:52:37'),
(604, 502, 7, '2022-10-22 21:52:37'),
(605, 502, 404, '2022-10-22 21:52:37'),
(606, 502, 241, '2022-10-22 21:52:37'),
(607, 502, 342, '2022-10-22 21:52:37'),
(608, 502, 257, '2022-10-22 21:52:37'),
(609, 502, 421, '2022-10-22 21:52:37'),
(610, 502, 388, '2022-10-22 21:52:37'),
(611, 502, 120, '2022-10-22 21:52:37'),
(612, 503, 262, '2022-10-22 21:52:37'),
(613, 504, 212, '2022-10-22 21:52:37'),
(614, 505, 212, '2022-10-22 21:52:37'),
(615, 506, 262, '2022-10-22 21:52:37'),
(616, 507, 262, '2022-10-22 21:52:37'),
(617, 508, 142, '2022-10-22 21:52:37'),
(618, 509, 262, '2022-10-22 21:52:37'),
(619, 510, 262, '2022-10-22 21:52:37'),
(620, 511, 262, '2022-10-22 21:52:37'),
(621, 512, 262, '2022-10-22 21:52:37'),
(622, 513, 262, '2022-10-22 21:52:37'),
(623, 514, 262, '2022-10-22 21:52:37'),
(624, 515, 262, '2022-10-22 21:52:37'),
(625, 516, 262, '2022-10-22 21:52:37'),
(626, 517, 172, '2022-10-22 21:52:37'),
(627, 518, 180, '2022-10-22 21:52:37'),
(628, 518, 178, '2022-10-22 21:52:37'),
(629, 518, 19, '2022-10-22 21:52:37'),
(630, 519, 262, '2022-10-22 21:52:37'),
(631, 520, 204, '2022-10-22 21:52:37'),
(632, 520, 424, '2022-10-22 21:52:37'),
(633, 520, 185, '2022-10-22 21:52:37'),
(634, 520, 266, '2022-10-22 21:52:37'),
(635, 521, 262, '2022-10-22 21:52:37'),
(636, 522, 188, '2022-10-22 21:52:37'),
(637, 522, 246, '2022-10-22 21:52:37'),
(638, 523, 34, '2022-10-22 21:52:37'),
(639, 523, 105, '2022-10-22 21:52:37'),
(640, 523, 125, '2022-10-22 21:52:37'),
(641, 524, 262, '2022-10-22 21:52:37'),
(642, 525, 305, '2022-10-22 21:52:37'),
(643, 526, 318, '2022-10-22 21:52:37'),
(644, 527, 148, '2022-10-22 21:52:37'),
(645, 528, 291, '2022-10-22 21:52:37'),
(646, 529, 262, '2022-10-22 21:52:37'),
(647, 530, 273, '2022-10-22 21:52:37'),
(648, 531, 262, '2022-10-22 21:52:37'),
(649, 532, 262, '2022-10-22 21:52:37'),
(650, 533, 248, '2022-10-22 21:52:37'),
(651, 534, 262, '2022-10-22 21:52:37'),
(652, 535, 262, '2022-10-22 21:52:37'),
(653, 536, 121, '2022-10-22 21:52:37'),
(654, 537, 262, '2022-10-22 21:52:37'),
(655, 538, 439, '2022-10-22 21:52:37'),
(656, 538, 438, '2022-10-22 21:52:37'),
(657, 539, 171, '2022-10-22 21:52:37'),
(658, 540, 187, '2022-10-22 21:52:37'),
(659, 541, 262, '2022-10-22 21:52:37'),
(660, 542, 213, '2022-10-22 21:52:37'),
(661, 542, 206, '2022-10-22 21:52:37'),
(662, 542, 218, '2022-10-22 21:52:37'),
(663, 543, 155, '2022-10-22 21:52:37'),
(664, 544, 130, '2022-10-22 21:52:37'),
(665, 545, 262, '2022-10-22 21:52:37'),
(666, 546, 262, '2022-10-22 21:52:37'),
(667, 547, 262, '2022-10-22 21:52:37'),
(668, 548, 284, '2022-10-22 21:52:37'),
(669, 548, 242, '2022-10-22 21:52:37'),
(670, 548, 193, '2022-10-22 21:52:37'),
(671, 549, 262, '2022-10-22 21:52:37'),
(672, 550, 262, '2022-10-22 21:52:37'),
(673, 551, 262, '2022-10-22 21:52:37'),
(674, 552, 262, '2022-10-22 21:52:37'),
(675, 553, 112, '2022-10-22 21:52:37'),
(676, 554, 119, '2022-10-22 21:52:37'),
(677, 555, 262, '2022-10-22 21:52:37'),
(678, 556, 262, '2022-10-22 21:52:37'),
(679, 557, 262, '2022-10-22 21:52:37'),
(680, 558, 262, '2022-10-22 21:52:37'),
(681, 559, 207, '2022-10-22 21:52:37'),
(682, 560, 167, '2022-10-22 21:52:37'),
(683, 561, 89, '2022-10-22 21:52:37'),
(684, 562, 328, '2022-10-22 21:52:37'),
(685, 562, 390, '2022-10-22 21:52:37'),
(686, 563, 262, '2022-10-22 21:52:37'),
(687, 564, 262, '2022-10-22 21:52:37'),
(688, 565, 262, '2022-10-22 21:52:37'),
(689, 566, 203, '2022-10-22 21:52:37'),
(690, 567, 445, '2022-10-22 21:52:37'),
(691, 568, 88, '2022-10-22 21:52:37'),
(692, 569, 106, '2022-10-22 21:52:37'),
(693, 570, 56, '2022-10-22 21:52:37'),
(694, 571, 335, '2022-10-22 21:52:37'),
(695, 571, 334, '2022-10-22 21:52:37'),
(696, 572, 27, '2022-10-22 21:52:37'),
(697, 573, 262, '2022-10-22 21:52:37'),
(698, 574, 116, '2022-10-22 21:52:37'),
(699, 575, 220, '2022-10-22 21:52:37'),
(700, 576, 262, '2022-10-22 21:52:37'),
(701, 577, 413, '2022-10-22 21:52:37'),
(702, 578, 50, '2022-10-22 21:52:37'),
(703, 578, 326, '2022-10-22 21:52:37'),
(704, 579, 262, '2022-10-22 21:52:37'),
(705, 580, 319, '2022-10-22 21:52:37'),
(706, 581, 84, '2022-10-22 21:52:37'),
(707, 581, 365, '2022-10-22 21:52:37'),
(708, 582, 317, '2022-10-22 21:52:37'),
(709, 582, 228, '2022-10-22 21:52:37'),
(710, 583, 350, '2022-10-22 21:52:37'),
(711, 583, 354, '2022-10-22 21:52:37'),
(713, 585, 288, '2022-10-22 21:52:37'),
(714, 586, 292, '2022-10-22 21:52:37'),
(718, 350, 262, '2022-10-28 22:29:36'),
(744, 350, 262, '2022-11-03 00:23:07'),
(745, 604, 459, '2022-11-03 00:45:32'),
(759, 605, 1, '2022-11-04 19:01:13'),
(760, 606, 453, '2022-11-04 19:50:00'),
(764, 245, 1, '2023-01-24 21:43:45');

-- --------------------------------------------------------

--
-- Структура таблицы `delo`
--

CREATE TABLE `delo` (
  `id` int NOT NULL,
  `fond_id` int NOT NULL,
  `opis_id` int NOT NULL,
  `name` text CHARACTER SET utf8mb4 COLLATE utf8mb4_unicode_ci NOT NULL,
  `title` text CHARACTER SET utf8mb4 COLLATE utf8mb4_unicode_ci NOT NULL,
  `dates` text CHARACTER SET utf8mb4 COLLATE utf8mb4_unicode_ci,
  `path` text CHARACTER SET utf8mb4 COLLATE utf8mb4_unicode_ci
) ENGINE=InnoDB DEFAULT CHARSET=utf8mb4 COLLATE=utf8mb4_unicode_ci;

--
-- Дамп данных таблицы `delo`
--

INSERT INTO `delo` (`id`, `fond_id`, `opis_id`, `name`, `title`, `dates`, `path`) VALUES
(12, 25, 15, '63/525', 'Название дела в описи фонда', NULL, 'd.63_525'),
(13, 25, 15, '63/525', 'Название дела в описи фонда', NULL, 'd.63_525'),
(14, 25, 15, '123/933', 'Название дела в описи фонда', NULL, 'd.123_933'),
(15, 26, 16, '165/1782', 'Название дела в описи фонда', NULL, 'd.165_1782'),
(16, 27, 17, '165/1782', 'Название дела в описи фонда', NULL, NULL),
(17, 28, 18, '12/24', 'Название дела в описи фонда', NULL, 'd.12_24'),
(18, 25, 15, '97/775', 'Название дела в описи фонда', NULL, 'd.97_775'),
(19, 29, 19, '113/1273', 'Название дела в описи фонда', NULL, 'd.113_1273'),
(20, 30, 20, '1а/2', 'Название дела в описи фонда', NULL, 'd.1a_2'),
(21, 31, 21, '89/12', 'Название дела в описи фонда', NULL, 'd.89_12'),
(22, 32, 22, '5/33', 'Название дела в описи фонда', NULL, 'd.5_33'),
(23, 33, 23, '1308/5601', 'Название дела в описи фонда', NULL, 'd.1308_5601'),
(24, 25, 15, '51/429', 'Название дела в описи фонда', NULL, 'd.51_429'),
(25, 34, 24, '65/350а', 'Название дела в описи фонда', NULL, 'd.65_350a'),
(26, 35, 25, '72/713', 'Название дела в описи фонда', NULL, 'd.72_713'),
(27, 36, 26, '26/257', 'Название дела в описи фонда', NULL, 'd.26_257'),
(28, 37, 27, '1/6', 'Название дела в описи фонда', NULL, 'd.1_6'),
(29, 28, 28, '12/24', 'Название дела в описи фонда', NULL, 'd.12_24'),
(30, 38, 29, '13/157', 'Название дела в описи фонда', NULL, 'd.13_157'),
(31, 39, 30, '9/53', 'Название дела в описи фонда', NULL, 'd.9_53'),
(32, 40, 31, '3/31', 'Название дела в описи фонда', NULL, 'd.3_31'),
(33, 41, 32, '1/4', 'Название дела в описи фонда', NULL, 'd.1_4'),
(34, 29, 19, '33/446', 'Название дела в описи фонда', NULL, 'd.33_446'),
(35, 33, 33, '10/29', 'Название дела в описи фонда', NULL, 'd.10_29'),
(36, 42, 34, '18/11', 'Название дела в описи фонда', NULL, 'd.18_11'),
(37, 43, 35, '65/350а', 'Название дела в описи фонда', NULL, 'd.65_350a'),
(38, 44, 36, '68/1429', 'Название дела в описи фонда', NULL, 'd.68_1429'),
(39, 45, 37, '79/673', 'Название дела в описи фонда', NULL, 'd.79_673'),
(40, 46, 38, '23/201', 'Название дела в описи фонда', NULL, 'd.23_201'),
(41, 35, 39, '5/27', 'Название дела в описи фонда', NULL, 'd.5_27'),
(42, 31, 40, '1/15', 'Название дела в описи фонда', NULL, 'd.1_15'),
(43, 29, 19, '33/444', 'Название дела в описи фонда', NULL, 'd.33_444'),
(44, 47, 41, '36/398', 'Название дела в описи фонда', NULL, 'd.36_398'),
(45, 25, 14, '84/690', 'Название дела в описи фонда', NULL, 'd.84_690'),
(46, 46, 42, '39/323', 'Название дела в описи фонда', NULL, 'd.39_323'),
(47, 48, 43, '15/134', 'Название дела в описи фонда', NULL, 'd.15_134'),
(48, 49, 44, '6/59', 'Название дела в описи фонда', NULL, 'd.6_59'),
(49, 25, 45, '124/1189', 'Название дела в описи фонда', NULL, 'd.124_1189'),
(50, 25, 45, '2289', 'Название дела в описи фонда', NULL, 'd.2289'),
(51, 44, 36, '39/467', 'Название дела в описи фонда', NULL, 'd.39_467'),
(52, 34, 24, '70/389', 'Название дела в описи фонда', NULL, 'd.70_389'),
(53, 50, 46, '8/127', 'Название дела в описи фонда', NULL, 'd.8_127'),
(54, 51, 47, '14/119', 'Название дела в описи фонда', NULL, 'd.14_119'),
(55, 52, 48, '10/131', 'Название дела в описи фонда', NULL, 'd.10_131'),
(56, 53, 49, '77/738', 'Название дела в описи фонда', NULL, 'd.77_738'),
(57, 54, 50, '12/58', 'Название дела в описи фонда', NULL, 'd.12_58'),
(58, 25, 14, '51/429', 'Название дела в описи фонда', NULL, 'd.51_429'),
(59, 55, 51, 'тест', 'Название дела в описи фонда', NULL, 'd.test'),
(60, 53, 49, '121/1406', 'Название дела в описи фонда', NULL, 'd.121_1406'),
(61, 56, 52, '3/44', 'Название дела в описи фонда', NULL, 'd.3_44'),
(62, 57, 53, '5/77', 'Название дела в описи фонда', NULL, 'd.5_77'),
(63, 33, 54, '29/231', 'Название дела в описи фонда', NULL, 'd.29_231'),
(64, 26, 16, '159/1725', 'Название дела в описи фонда', NULL, 'd.159_1725'),
(65, 31, 55, '21/2', 'Название дела в описи фонда', NULL, 'd.21_2'),
(66, 49, 44, '153/1234', 'Название дела в описи фонда', NULL, 'd.153_1234'),
(67, 58, 56, '41/395', 'Название дела в описи фонда', NULL, 'd.41_395'),
(68, 59, 57, '27/201', 'Название дела в описи фонда', NULL, 'd.27_201'),
(69, 35, 25, '54/585', 'Название дела в описи фонда', NULL, 'd.54_585'),
(70, 60, 58, '6/41', 'Название дела в описи фонда', NULL, 'd.6_41'),
(71, 61, 59, '8/61', 'Название дела в описи фонда', NULL, 'd.8_61'),
(72, 44, 60, '40/57', 'Название дела в описи фонда', NULL, 'd.40_57'),
(73, 62, 61, '12/442', 'Название дела в описи фонда', NULL, 'd.12_442'),
(74, 33, 54, '15/132', 'Название дела в описи фонда', NULL, 'd.15_132'),
(75, 30, 62, '1/4', 'Название дела в описи фонда', NULL, 'd.1_4'),
(76, 31, 55, '31/4', 'Название дела в описи фонда', NULL, 'd.31_4'),
(77, 31, 55, '31/3', 'Название дела в описи фонда', NULL, 'd.31_3'),
(78, 63, 63, '7/90', 'Название дела в описи фонда', NULL, 'd.7_90'),
(79, 49, 44, '208/1501', 'Название дела в описи фонда', NULL, 'd.208_1501'),
(80, 64, 64, '1/1', 'Название дела в описи фонда', NULL, 'd.1_1'),
(81, 65, 65, '18/85', 'Название дела в описи фонда', NULL, 'd.18_85'),
(82, 64, 64, '2/12', 'Название дела в описи фонда', NULL, 'd.2_12'),
(83, 35, 66, '5/75', 'Название дела в описи фонда', NULL, 'd.5_75'),
(84, 66, 67, '111/1438', 'Название дела в описи фонда', NULL, 'd.111_1438'),
(85, 44, 36, '71/1472', 'Название дела в описи фонда', NULL, 'd.71_1472'),
(86, 67, 68, '5/31', 'Название дела в описи фонда', NULL, 'd.5_31'),
(87, 68, 69, '1/4а', 'Название дела в описи фонда', NULL, 'd.1_4a'),
(88, 69, 70, '15/22', 'Название дела в описи фонда', NULL, 'd.15_22'),
(89, 47, 71, '8/198', 'Название дела в описи фонда', NULL, 'd.8_198'),
(90, 70, 72, '37/182', 'Название дела в описи фонда', NULL, 'd.37_182'),
(91, 71, 73, '1/3', 'Название дела в описи фонда', NULL, 'd.1_3'),
(92, 30, 62, '530', 'Название дела в описи фонда', NULL, 'd.530'),
(93, 25, 14, '8/58', 'Название дела в описи фонда', NULL, 'd.8_58'),
(94, 72, 74, '13/116', 'Название дела в описи фонда', NULL, 'd.13_116'),
(95, 62, 61, '13/463', 'Название дела в описи фонда', NULL, 'd.13_463'),
(96, 35, 75, '1/5', 'Название дела в описи фонда', NULL, 'd.1_5'),
(97, 73, 76, '9/112', 'Название дела в описи фонда', NULL, 'd.9_112'),
(98, 74, 77, '294', 'Название дела в описи фонда', NULL, 'd.294'),
(99, 75, 78, '41/332', 'Название дела в описи фонда', NULL, 'd.41_332'),
(100, 35, 25, '33/352', 'Название дела в описи фонда', NULL, 'd.33_352'),
(101, 73, 76, '27/274', 'Название дела в описи фонда', NULL, 'd.27_274'),
(102, 33, 54, '78/723', 'Название дела в описи фонда', NULL, 'd.78_723'),
(103, 76, 79, '81/1261', 'Название дела в описи фонда', NULL, 'd.81_1261'),
(104, 77, 80, '19/231', 'Название дела в описи фонда', NULL, 'd.19_231'),
(105, 77, 80, '9/106', 'Название дела в описи фонда', NULL, 'd.9_106'),
(106, 77, 80, '10/126', 'Название дела в описи фонда', NULL, 'd.10_126'),
(107, 78, 81, '1/6', 'Название дела в описи фонда', NULL, 'd.1_6'),
(108, 77, 80, '5/50', 'Название дела в описи фонда', NULL, 'd.5_50'),
(109, 77, 80, '10/125', 'Название дела в описи фонда', NULL, 'd.10_125'),
(110, 77, 80, '7/85', 'Название дела в описи фонда', NULL, 'd.7_85'),
(111, 79, 82, '1/1а', 'Название дела в описи фонда', NULL, 'd.1_1a'),
(112, 77, 83, '11/103', 'Название дела в описи фонда', NULL, 'd.11_103'),
(113, 35, 25, '107/1133', 'Название дела в описи фонда', NULL, 'd.107_1133'),
(114, 80, 84, '130/1823', 'Название дела в описи фонда', NULL, 'd.130_1823'),
(115, 35, 66, '2/35', 'Название дела в описи фонда', NULL, 'd.2_35'),
(116, 33, 33, '8/23', 'Название дела в описи фонда', NULL, 'd.8_23'),
(117, 35, 85, '7/69', 'Название дела в описи фонда', NULL, 'd.7_69'),
(118, 81, 86, '6/417', 'Название дела в описи фонда', NULL, 'd.6_417'),
(119, 31, 55, '6/6', 'Название дела в описи фонда', NULL, 'd.6_6'),
(120, 31, 87, '28/1', 'Название дела в описи фонда', NULL, 'd.28_1'),
(121, 44, 60, '14/17', 'Название дела в описи фонда', NULL, 'd.14_17'),
(122, 46, 38, '80/870', 'Название дела в описи фонда', NULL, 'd.80_870'),
(123, 82, 88, '17/50', 'Название дела в описи фонда', NULL, 'd.17_50'),
(124, 40, 31, '2/22а', 'Название дела в описи фонда', NULL, 'd.2_22a'),
(125, 77, 80, '8/102', 'Название дела в описи фонда', NULL, 'd.8_102'),
(126, 31, 21, '89/8', 'Название дела в описи фонда', NULL, 'd.89_8'),
(127, 35, 25, '110/1156', 'Название дела в описи фонда', NULL, 'd.110_1156'),
(128, 26, 16, '12/108', 'Название дела в описи фонда', NULL, 'd.12_108'),
(129, 83, 89, '11/96', 'Название дела в описи фонда', NULL, 'd.11_96'),
(130, 35, 25, '18/205', 'Название дела в описи фонда', NULL, 'd.18_205'),
(131, 35, 25, '24/267', 'Название дела в описи фонда', NULL, 'd.24_267'),
(132, 35, 25, '13/145', 'Название дела в описи фонда', NULL, 'd.13_145'),
(133, 35, 25, '107/1135', 'Название дела в описи фонда', NULL, 'd.107_1135'),
(134, 35, 66, '11/194', 'Название дела в описи фонда', NULL, 'd.11_194'),
(135, 35, 85, '2/16', 'Название дела в описи фонда', NULL, 'd.2_16'),
(136, 35, 85, '1/5', 'Название дела в описи фонда', NULL, 'd.1_5'),
(137, 35, 25, '101/1078', 'Название дела в описи фонда', NULL, 'd.101_1078'),
(138, 35, 25, '18/204', 'Название дела в описи фонда', NULL, 'd.18_204'),
(139, 84, 90, '241', 'Название дела в описи фонда', NULL, 'd.241'),
(140, 49, 91, '4/16', 'Название дела в описи фонда', NULL, 'd.4_16'),
(141, 84, 90, '162/718', 'Название дела в описи фонда', NULL, 'd.162_718'),
(142, 35, 25, '92/976', 'Название дела в описи фонда', NULL, 'd.92_976'),
(143, 85, 92, '11/10', 'Название дела в описи фонда', NULL, 'd.11_10'),
(144, 35, 25, '16/172', 'Название дела в описи фонда', NULL, 'd.16_172'),
(145, 26, 16, '148/1607', 'Название дела в описи фонда', NULL, 'd.148_1607'),
(146, 86, 93, '3/43', 'Название дела в описи фонда', NULL, 'd.3_43'),
(147, 44, 94, '73/10', 'Название дела в описи фонда', NULL, 'd.73_10'),
(148, 35, 25, '79/775', 'Название дела в описи фонда', NULL, 'd.79_775'),
(149, 31, 55, '49/4', 'Название дела в описи фонда', NULL, 'd.49_4'),
(150, 30, 62, '1/9', 'Название дела в описи фонда', NULL, 'd.1_9'),
(151, 87, 95, '3/42', 'Название дела в описи фонда', NULL, 'd.3_42'),
(152, 31, 96, '3/22', 'Название дела в описи фонда', NULL, 'd.3_22'),
(153, 31, 55, '47/4', 'Название дела в описи фонда', NULL, 'd.47_4'),
(154, 33, 33, '3/10', 'Название дела в описи фонда', NULL, 'd.3_10'),
(155, 31, 97, '107/89', 'Название дела в описи фонда', NULL, 'd.107_89'),
(156, 33, 23, '352/1732', 'Название дела в описи фонда', NULL, 'd.352_1732'),
(157, 33, 23, '193/1022а', 'Название дела в описи фонда', NULL, 'd.193_1022a'),
(158, 31, 55, '27/4', 'Название дела в описи фонда', NULL, 'd.27_4'),
(159, 35, 66, '9/163', 'Название дела в описи фонда', NULL, 'd.9_163'),
(160, 88, 98, '1/4д', 'Название дела в описи фонда', NULL, 'd.1_4d'),
(161, 42, 34, '29/22', 'Название дела в описи фонда', NULL, 'd.29_22'),
(162, 35, 75, '7/45', 'Название дела в описи фонда', NULL, 'd.7_45'),
(163, 89, 99, '1/1', 'Название дела в описи фонда', NULL, 'd.1_1'),
(164, 26, 16, '125/1303', 'Название дела в описи фонда', NULL, 'd.125_1303'),
(165, 25, 14, '54/452', 'Название дела в описи фонда', NULL, 'd.54_452'),
(166, 46, 100, '6/21', 'Название дела в описи фонда', NULL, 'd.6_21'),
(167, 46, 101, '2/14', 'Название дела в описи фонда', NULL, 'd.2_14'),
(168, 31, 102, '19/1', 'Название дела в описи фонда', NULL, 'd.19_1'),
(169, 90, 103, '1/1', 'Название дела в описи фонда', NULL, 'd.1_1'),
(170, 44, 36, '64/1282', 'Название дела в описи фонда', NULL, 'd.64_1282'),
(171, 31, 87, '32/31', 'Название дела в описи фонда', NULL, 'd.32_31'),
(172, 64, 64, '1/7', 'Название дела в описи фонда', NULL, 'd.1_7'),
(173, 38, 29, '9/98', 'Название дела в описи фонда', NULL, 'd.9_98'),
(174, 25, 14, '85/695', 'Название дела в описи фонда', NULL, 'd.85_695'),
(175, 91, 104, '1/20', 'Название дела в описи фонда', NULL, 'd.1_20'),
(176, 91, 104, '14/291', 'Название дела в описи фонда', NULL, 'd.14_291'),
(177, 31, 55, '45/4', 'Название дела в описи фонда', NULL, 'd.45_4'),
(178, 25, 45, '2513', 'Название дела в описи фонда', NULL, 'd.2513'),
(179, 44, 105, '6/104', 'Название дела в описи фонда', NULL, 'd.6_104'),
(180, 92, 106, '9/106', 'Название дела в описи фонда', NULL, 'd.9_106'),
(181, 93, 107, '92/1539', 'Название дела в описи фонда', NULL, 'd.92_1539'),
(182, 94, 108, '7/6', 'Название дела в описи фонда', NULL, 'd.7_6'),
(183, 95, 109, '1/11', 'Название дела в описи фонда', NULL, 'd.1_11'),
(184, 96, 110, '21/294', 'Название дела в описи фонда', NULL, 'd.21_294'),
(185, 30, 111, '3/12', 'Название дела в описи фонда', NULL, 'd.3_12'),
(186, 97, 112, '1/1', 'Название дела в описи фонда', NULL, 'd.1_1'),
(187, 75, 78, '78/673', 'Название дела в описи фонда', NULL, 'd.78_673'),
(188, 83, 113, '5/3', 'Название дела в описи фонда', NULL, 'd.5_3'),
(189, 53, 49, '144/1786', 'Название дела в описи фонда', NULL, 'd.144_1786'),
(190, 53, 49, '92/922', 'Название дела в описи фонда', NULL, 'd.92_922'),
(191, 25, 45, '162/1431', 'Название дела в описи фонда', NULL, 'd.162_1431'),
(192, 25, 45, '13/127', 'Название дела в описи фонда', NULL, 'd.13_127'),
(193, 44, 36, '17/1573', 'Название дела в описи фонда', NULL, 'd.17_1573'),
(194, 35, 39, '10/54', 'Название дела в описи фонда', NULL, 'd.10_54'),
(195, 33, 114, '1/8', 'Название дела в описи фонда', NULL, 'd.1_8'),
(196, 35, 25, '1/3', 'Название дела в описи фонда', NULL, 'd.1_3'),
(197, 35, 75, '9/68', 'Название дела в описи фонда', NULL, 'd.9_68'),
(198, 98, 115, '60/476', 'Название дела в описи фонда', NULL, 'd.60_476'),
(199, 65, 116, '1/1', 'Название дела в описи фонда', NULL, 'd.1_1'),
(200, 99, 117, '25/324', 'Название дела в описи фонда', NULL, 'd.25_324'),
(201, 100, 118, '1/1', 'Название дела в описи фонда', NULL, 'd.1_1'),
(202, 101, 119, '1/4', 'Название дела в описи фонда', NULL, 'd.1_4'),
(203, 25, 14, '20/158', 'Название дела в описи фонда', NULL, 'd.20_158'),
(204, 33, 54, '32/247', 'Название дела в описи фонда', NULL, 'd.32_247'),
(205, 82, 120, '27/39', 'Название дела в описи фонда', NULL, 'd.27_39'),
(206, 102, 121, '94', 'Название дела в описи фонда', NULL, 'd.94'),
(207, 103, 122, '4/68', 'Название дела в описи фонда', NULL, 'd.4_68'),
(208, 65, 123, '67/498', 'Название дела в описи фонда', NULL, 'd.67_498'),
(209, 44, 60, '79/9', 'Название дела в описи фонда', NULL, 'd.79_9'),
(210, 31, 124, '76/35', 'Название дела в описи фонда', NULL, 'd.76_35'),
(211, 31, 125, '3/19', 'Название дела в описи фонда', NULL, 'd.3_19'),
(212, 104, 126, '1/40', 'Название дела в описи фонда', NULL, 'd.1_40'),
(213, 105, 127, '1/1', 'Название дела в описи фонда', NULL, 'd.1_1'),
(214, 33, 23, '358/1762', 'Название дела в описи фонда', NULL, 'd.358_1762'),
(215, 106, 128, '1/8', 'Название дела в описи фонда', NULL, 'd.1_8'),
(216, 44, 94, '75/43', 'Название дела в описи фонда', NULL, 'd.75_43'),
(217, 77, 83, '7/71', 'Название дела в описи фонда', NULL, 'd.7_71'),
(218, 35, 39, '8/41', 'Название дела в описи фонда', NULL, 'd.8_41'),
(219, 35, 39, '2/12', 'Название дела в описи фонда', NULL, 'd.2_12'),
(220, 31, 124, '78/32', 'Название дела в описи фонда', NULL, 'd.78_32'),
(221, 107, 129, '2/16', 'Название дела в описи фонда', NULL, 'd.2_16'),
(222, 44, 60, '69/81', 'Название дела в описи фонда', NULL, 'd.69_81'),
(223, 35, 39, '4/19', 'Название дела в описи фонда', NULL, 'd.4_19'),
(224, 108, 130, '28/415', 'Название дела в описи фонда', NULL, 'd.28_415'),
(225, 65, 131, '25/202', 'Название дела в описи фонда', NULL, 'd.25_202'),
(226, 35, 85, '2/17', 'Название дела в описи фонда', NULL, 'd.2_17'),
(227, 109, 132, '10/42', 'Название дела в описи фонда', NULL, 'd.10_42'),
(228, 44, 133, '201', 'Название дела в описи фонда', NULL, 'd.201'),
(229, 31, 134, '153', 'Название дела в описи фонда', NULL, 'd.153'),
(230, 33, 54, '29/234', 'Название дела в описи фонда', NULL, 'd.29_234'),
(231, 31, 97, '117/44', 'Название дела в описи фонда', NULL, 'd.117_44'),
(232, 31, 55, '33/5', 'Название дела в описи фонда', NULL, 'd.33_5'),
(233, 76, 79, '11/97', 'Название дела в описи фонда', NULL, 'd.11_97'),
(234, 31, 55, '42/50', 'Название дела в описи фонда', NULL, 'd.42_50'),
(235, 31, 97, '58/25', 'Название дела в описи фонда', NULL, 'd.58_25'),
(236, 31, 135, '24/797', 'Название дела в описи фонда', NULL, 'd.24_797'),
(237, 31, 97, '95/12', 'Название дела в описи фонда', NULL, 'd.95_12'),
(238, 110, 136, '19/192', 'Название дела в описи фонда', NULL, 'd.19_192'),
(239, 42, 34, '19/3', 'Название дела в описи фонда', NULL, 'd.19_3'),
(240, 31, 97, '95/2', 'Название дела в описи фонда', NULL, 'd.95_2'),
(241, 111, 137, '69/555', 'Название дела в описи фонда', NULL, 'd.69_555'),
(242, 31, 97, '65/38', 'Название дела в описи фонда', NULL, 'd.65_38'),
(243, 31, 97, '33/40', 'Название дела в описи фонда', NULL, 'd.33_40'),
(244, 112, 138, '23/431', 'Название дела в описи фонда', NULL, 'd.23_431'),
(245, 113, 139, '1/8', 'Название дела в описи фонда', NULL, 'd.1_8'),
(246, 31, 97, '44/75', 'Название дела в описи фонда', NULL, 'd.44_75'),
(247, 67, 140, '2/22', 'Название дела в описи фонда', NULL, 'd.2_22'),
(248, 31, 141, '5/83', 'Название дела в описи фонда', NULL, 'd.5_83'),
(249, 114, 142, '41/687', 'Название дела в описи фонда', NULL, 'd.41_687'),
(250, 65, 123, '53/380', 'Название дела в описи фонда', NULL, 'd.53_380'),
(251, 31, 143, '1/3', 'Название дела в описи фонда', NULL, 'd.1_3'),
(252, 86, 93, '1/4', 'Название дела в описи фонда', NULL, 'd.1_4'),
(253, 115, 144, '63/645а', 'Название дела в описи фонда', NULL, 'd.63_645a'),
(254, 116, 145, '46/847', 'Название дела в описи фонда', NULL, 'd.46_847'),
(255, 116, 145, '5/62', 'Название дела в описи фонда', NULL, 'd.5_62'),
(256, 117, 146, '51/566', 'Название дела в описи фонда', NULL, 'd.51_566'),
(257, 44, 147, '335', 'Название дела в описи фонда', NULL, 'd.335'),
(258, 76, 148, '14/241', 'Название дела в описи фонда', NULL, 'd.14_241'),
(259, 31, 55, '29/4', 'Название дела в описи фонда', NULL, 'd.29_4'),
(260, 109, 149, '15/207', 'Название дела в описи фонда', NULL, 'd.15_207'),
(261, 31, 55, '20/49', 'Название дела в описи фонда', NULL, 'd.20_49'),
(262, 31, 55, '8/4', 'Название дела в описи фонда', NULL, 'd.8_4'),
(263, 42, 34, '25/3', 'Название дела в описи фонда', NULL, 'd.25_3'),
(264, 42, 34, '27/18', 'Название дела в описи фонда', NULL, 'd.27_18'),
(265, 31, 55, '35/4', 'Название дела в описи фонда', NULL, 'd.35_4'),
(266, 31, 21, '64/5', 'Название дела в описи фонда', NULL, 'd.64_5'),
(267, 118, 150, '3/21', 'Название дела в описи фонда', NULL, 'd.3_21'),
(268, 42, 34, '9/22', 'Название дела в описи фонда', NULL, 'd.9_22'),
(269, 119, 151, '2/25', 'Название дела в описи фонда', NULL, 'd.2_25'),
(270, 30, 152, '33/453', 'Название дела в описи фонда', NULL, 'd.33_453'),
(271, 120, 153, '1/3', 'Название дела в описи фонда', NULL, 'd.1_3'),
(272, 65, 131, '10/172', 'Название дела в описи фонда', NULL, 'd.10_172'),
(273, 84, 90, '11', 'Название дела в описи фонда', NULL, 'd.11'),
(274, 121, 154, '38/172', 'Название дела в описи фонда', NULL, 'd.38_172'),
(275, 122, 155, '5/70а', 'Название дела в описи фонда', NULL, 'd.5_70a'),
(276, 90, 156, '14/83', 'Название дела в описи фонда', NULL, 'd.14_83'),
(277, 123, 157, '1/2', 'Название дела в описи фонда', NULL, 'd.1_2'),
(278, 124, 158, '14/218', 'Название дела в описи фонда', NULL, 'd.14_218'),
(279, 33, 114, '5/56', 'Название дела в описи фонда', NULL, 'd.5_56'),
(280, 125, 159, '1/6', 'Название дела в описи фонда', NULL, 'd.1_6'),
(281, 126, 160, '10/165', 'Название дела в описи фонда', NULL, 'd.10_165'),
(282, 42, 34, '22/9', 'Название дела в описи фонда', NULL, 'd.22_9'),
(283, 118, 161, '88/1488', 'Название дела в описи фонда', NULL, 'd.88_1488'),
(284, 30, 162, '5/70', 'Название дела в описи фонда', NULL, 'd.5_70'),
(285, 127, 163, '2/11', 'Название дела в описи фонда', NULL, 'd.2_11'),
(286, 26, 16, '157/1711', 'Название дела в описи фонда', NULL, 'd.157_1711'),
(287, 65, 164, '11/99', 'Название дела в описи фонда', NULL, 'd.11_99'),
(288, 60, 58, '74/744', 'Название дела в описи фонда', NULL, 'd.74_744'),
(289, 30, 165, '95/946', 'Название дела в описи фонда', NULL, 'd.95_946'),
(290, 31, 166, '4/180', 'Название дела в описи фонда', NULL, 'd.4_180'),
(291, 35, 39, '8/43', 'Название дела в описи фонда', NULL, 'd.8_43'),
(292, 35, 167, '3/31', 'Название дела в описи фонда', NULL, 'd.3_31'),
(293, 128, 168, '67/531', 'Название дела в описи фонда', NULL, 'd.67_531'),
(294, 44, 36, '78/1613', 'Название дела в описи фонда', NULL, 'd.78_1613'),
(295, 65, 123, '37/272', 'Название дела в описи фонда', NULL, 'd.37_272'),
(296, 42, 34, '23/7', 'Название дела в описи фонда', NULL, 'd.23_7'),
(297, 129, 169, '2/12', 'Название дела в описи фонда', NULL, 'd.2_12'),
(298, 105, 170, '9/103', 'Название дела в описи фонда', NULL, 'd.9_103'),
(299, 31, 166, '3/141', 'Название дела в описи фонда', NULL, 'd.3_141'),
(300, 31, 97, '44/60', 'Название дела в описи фонда', NULL, 'd.44_60'),
(301, 46, 171, '24/286', 'Название дела в описи фонда', NULL, 'd.24_286'),
(302, 46, 172, '68/731', 'Название дела в описи фонда', NULL, 'd.68_731'),
(303, 31, 55, '23/3', 'Название дела в описи фонда', NULL, 'd.23_3'),
(304, 130, 173, '1/2', 'Название дела в описи фонда', NULL, 'd.1_2'),
(305, 25, 14, '25/197', 'Название дела в описи фонда', NULL, 'd.25_197'),
(306, 44, 174, '15/49', 'Название дела в описи фонда', NULL, 'd.15_49'),
(307, 31, 141, '27/752', 'Название дела в описи фонда', NULL, 'd.27_752'),
(308, 30, 62, '1/6', 'Название дела в описи фонда', NULL, 'd.1_6'),
(309, 31, 87, '29/16', 'Название дела в описи фонда', NULL, 'd.29_16'),
(310, 30, 62, '8', 'Название дела в описи фонда', NULL, 'd.8'),
(311, 30, 62, '1/11', 'Название дела в описи фонда', NULL, 'd.1_11'),
(312, 31, 124, '67/46', 'Название дела в описи фонда', NULL, 'd.67_46'),
(313, 30, 62, '1/12', 'Название дела в описи фонда', NULL, 'd.1_12'),
(314, 131, 175, '1/17', 'Название дела в описи фонда', NULL, 'd.1_17'),
(315, 132, 176, '1/8', 'Название дела в описи фонда', NULL, 'd.1_8'),
(316, 44, 36, '77/1603', 'Название дела в описи фонда', NULL, 'd.77_1603'),
(317, 44, 36, '78/1616', 'Название дела в описи фонда', NULL, 'd.78_1616'),
(318, 102, 121, '93', 'Название дела в описи фонда', NULL, 'd.93'),
(319, 35, 25, '33/349', 'Название дела в описи фонда', NULL, 'd.33_349'),
(320, 35, 25, '62/638', 'Название дела в описи фонда', NULL, 'd.62_638'),
(321, 25, 14, '63/530', 'Название дела в описи фонда', NULL, 'd.63_530'),
(322, 112, 138, '8/94', 'Название дела в описи фонда', NULL, 'd.8_94'),
(323, 133, 177, '5/17', 'Название дела в описи фонда', NULL, 'd.5_17'),
(324, 30, 178, '21/306', 'Название дела в описи фонда', NULL, 'd.21_306'),
(325, 25, 14, '127/959', 'Название дела в описи фонда', NULL, 'd.127_959'),
(326, 39, 30, '1/2', 'Название дела в описи фонда', NULL, 'd.1_2'),
(327, 134, 179, '1/9', 'Название дела в описи фонда', NULL, 'd.1_9'),
(328, 33, 180, '12/86', 'Название дела в описи фонда', NULL, 'd.12_86'),
(329, 135, 181, '12/86', 'Название дела в описи фонда', NULL, 'd.12_86'),
(330, 74, 182, '56/3', 'Название дела в описи фонда', NULL, 'd.56_3'),
(331, 74, 182, '56/10', 'Название дела в описи фонда', NULL, 'd.56_10'),
(332, 66, 67, '116/1503', 'Название дела в описи фонда', NULL, 'd.116_1503'),
(333, 136, 183, '1/3', 'Название дела в описи фонда', NULL, 'd.1_3'),
(334, 44, 60, '49/89', 'Название дела в описи фонда', NULL, 'd.49_89'),
(335, 33, 184, '38/1777', 'Название дела в описи фонда', NULL, 'd.38_1777'),
(336, 108, 130, '22/333', 'Название дела в описи фонда', NULL, 'd.22_333'),
(337, 51, 47, '25/196', 'Название дела в описи фонда', NULL, 'd.25_196'),
(338, 35, 66, '1/11', 'Название дела в описи фонда', NULL, 'd.1_11'),
(339, 65, 164, '8/70', 'Название дела в описи фонда', NULL, 'd.8_70'),
(340, 137, 185, '4/75', 'Название дела в описи фонда', NULL, 'd.4_75'),
(341, 77, 80, '2/22', 'Название дела в описи фонда', NULL, 'd.2_22'),
(342, 35, 186, '6/34', 'Название дела в описи фонда', NULL, 'd.6_34'),
(343, 138, 187, '65', 'Название дела в описи фонда', NULL, 'd.65'),
(344, 46, 172, '56/592', 'Название дела в описи фонда', NULL, 'd.56_592'),
(345, 31, 188, '2/2', 'Название дела в описи фонда', NULL, 'd.2_2'),
(346, 118, 161, '58/915', 'Название дела в описи фонда', NULL, 'd.58_915'),
(347, 54, 189, '53/448', 'Название дела в описи фонда', NULL, 'd.53_448'),
(348, 93, 107, '91/1511', 'Название дела в описи фонда', NULL, 'd.91_1511'),
(349, 38, 29, '9/106', 'Название дела в описи фонда', NULL, 'd.9_106'),
(350, 139, 190, '4/37', 'Название дела в описи фонда', NULL, 'd.4_37'),
(351, 47, 41, '24/287', 'Название дела в описи фонда', NULL, 'd.24_287'),
(352, 140, 191, '11/91', 'Название дела в описи фонда', NULL, 'd.11_91'),
(353, 61, 59, '33/294', 'Название дела в описи фонда', NULL, 'd.33_294'),
(354, 35, 167, '1/7', 'Название дела в описи фонда', NULL, 'd.1_7'),
(355, 31, 21, '69/11', 'Название дела в описи фонда', NULL, 'd.69_11'),
(356, 67, 140, '5/34', 'Название дела в описи фонда', NULL, 'd.5_34'),
(357, 44, 133, '2992', 'Название дела в описи фонда', NULL, 'd.2992'),
(358, 141, 192, '1/6', 'Название дела в описи фонда', NULL, 'd.1_6'),
(359, 44, 60, '6/12', 'Название дела в описи фонда', NULL, 'd.6_12'),
(360, 44, 193, '6/104', 'Название дела в описи фонда', NULL, 'd.6_104'),
(361, 44, 193, '3/74', 'Название дела в описи фонда', NULL, 'd.3_74'),
(362, 44, 36, '32/195', 'Название дела в описи фонда', NULL, 'd.32_195'),
(363, 77, 80, '9/105', 'Название дела в описи фонда', NULL, 'd.9_105'),
(364, 42, 34, '77/2', 'Название дела в описи фонда', NULL, 'd.77_2'),
(365, 137, 185, '8/172', 'Название дела в описи фонда', NULL, 'd.8_172'),
(366, 86, 93, '19/229', 'Название дела в описи фонда', NULL, 'd.19_229'),
(367, 111, 137, '1/11', 'Название дела в описи фонда', NULL, 'd.1_11'),
(368, 112, 138, '11/195', 'Название дела в описи фонда', NULL, 'd.11_195'),
(369, 118, 194, '6/27', 'Название дела в описи фонда', NULL, 'd.6_27'),
(370, 65, 123, '107/812', 'Название дела в описи фонда', NULL, 'd.107_812'),
(371, 44, 36, '62/1235', 'Название дела в описи фонда', NULL, 'd.62_1235'),
(372, 140, 191, '15/100', 'Название дела в описи фонда', NULL, 'd.15_100'),
(373, 35, 39, '4/22', 'Название дела в описи фонда', NULL, 'd.4_22'),
(374, 60, 58, '71/670', 'Название дела в описи фонда', NULL, 'd.71_670'),
(375, 30, 195, '56/13', 'Название дела в описи фонда', NULL, 'd.56_13'),
(376, 116, 145, '47/857', 'Название дела в описи фонда', NULL, 'd.47_857'),
(377, 142, 196, '93/54', 'Название дела в описи фонда', NULL, 'd.93_54'),
(378, 143, 197, '2/12', 'Название дела в описи фонда', NULL, 'd.2_12'),
(379, 109, 132, '15/21', 'Название дела в описи фонда', NULL, 'd.15_21'),
(380, 144, 198, '36/414', 'Название дела в описи фонда', NULL, 'd.36_414'),
(381, 144, 199, '1/27', 'Название дела в описи фонда', NULL, 'd.1_27'),
(382, 35, 25, '5/74', 'Название дела в описи фонда', NULL, 'd.5_74'),
(383, 145, 200, '1/1', 'Название дела в описи фонда', NULL, 'd.1_1'),
(384, 145, 201, '1/1', 'Название дела в описи фонда', NULL, 'd.1_1'),
(385, 31, 124, '67/47', 'Название дела в описи фонда', NULL, 'd.67_47'),
(386, 42, 34, '12/1', 'Название дела в описи фонда', NULL, 'd.12_1'),
(387, 99, 117, '1/18а', 'Название дела в описи фонда', NULL, 'd.1_18a'),
(388, 31, 97, '90/5', 'Название дела в описи фонда', NULL, 'd.90_5'),
(389, 146, 202, '1/7', 'Название дела в описи фонда', NULL, 'd.1_7'),
(390, 31, 55, '23/4', 'Название дела в описи фонда', NULL, 'd.23_4'),
(391, 44, 60, '35/22', 'Название дела в описи фонда', NULL, 'd.35_22'),
(392, 30, 203, '4/16', 'Название дела в описи фонда', NULL, 'd.4_16'),
(393, 25, 14, '111/851', 'Название дела в описи фонда', NULL, 'd.111_851'),
(394, 35, 25, '21/232', 'Название дела в описи фонда', NULL, 'd.21_232'),
(395, 147, 204, '1/1', 'Название дела в описи фонда', NULL, 'd.1_1'),
(396, 148, 205, '5/21', 'Название дела в описи фонда', NULL, 'd.5_21'),
(397, 35, 186, '1/1', 'Название дела в описи фонда', NULL, 'd.1_1'),
(398, 25, 14, '97/773', 'Название дела в описи фонда', NULL, 'd.97_773'),
(399, 111, 137, '125/988', 'Название дела в описи фонда', NULL, 'd.125_988'),
(400, 149, 206, '13/49', 'Название дела в описи фонда', NULL, 'd.13_49'),
(401, 150, 207, '19/22', 'Название дела в описи фонда', NULL, 'd.19_22'),
(402, 112, 138, '21/358', 'Название дела в описи фонда', NULL, 'd.21_358'),
(403, 151, 208, '27/3', 'Название дела в описи фонда', NULL, 'd.27_3'),
(404, 152, 209, '964', 'Название дела в описи фонда', NULL, 'd.964'),
(405, 153, 210, '21/1200', 'Название дела в описи фонда', NULL, 'd.21_1200'),
(406, 153, 210, '14/591', 'Название дела в описи фонда', NULL, 'd.14_591'),
(407, 35, 66, '3/49', 'Название дела в описи фонда', NULL, 'd.3_49'),
(408, 81, 211, '6/439', 'Название дела в описи фонда', NULL, 'd.6_439'),
(409, 136, 183, '1/1', 'Название дела в описи фонда', NULL, 'd.1_1'),
(410, 25, 14, '97/776', 'Название дела в описи фонда', NULL, 'd.97_776'),
(411, 25, 14, '143/1095', 'Название дела в описи фонда', NULL, 'd.143_1095'),
(412, 35, 75, '14/106', 'Название дела в описи фонда', NULL, 'd.14_106'),
(413, 35, 39, '7/38', 'Название дела в описи фонда', NULL, 'd.7_38'),
(414, 35, 39, '13/66', 'Название дела в описи фонда', NULL, 'd.13_66'),
(415, 35, 75, '6/43', 'Название дела в описи фонда', NULL, 'd.6_43'),
(416, 35, 39, '17/89', 'Название дела в описи фонда', NULL, 'd.17_89'),
(417, 35, 39, '11/55', 'Название дела в описи фонда', NULL, 'd.11_55'),
(418, 108, 130, '8/282', 'Название дела в описи фонда', NULL, 'd.8_282'),
(419, 35, 25, '86/876', 'Название дела в описи фонда', NULL, 'd.86_876'),
(420, 74, 212, '160', 'Название дела в описи фонда', NULL, 'd.160'),
(421, 33, 23, '40/238', 'Название дела в описи фонда', NULL, 'd.40_238'),
(422, 148, 205, '1/3', 'Название дела в описи фонда', NULL, 'd.1_3'),
(423, 148, 205, '1/2', 'Название дела в описи фонда', NULL, 'd.1_2'),
(424, 33, 23, '52/315', 'Название дела в описи фонда', NULL, 'd.52_315'),
(425, 33, 23, '51/309', 'Название дела в описи фонда', NULL, 'd.51_309'),
(426, 35, 25, '59/617', 'Название дела в описи фонда', NULL, 'd.59_617'),
(427, 154, 213, '5/42а', 'Название дела в описи фонда', NULL, 'd.5_42a'),
(428, 155, 214, '6/55', 'Название дела в описи фонда', NULL, 'd.6_55'),
(429, 25, 45, '2509', 'Название дела в описи фонда', NULL, 'd.2509'),
(430, 149, 206, '2/45', 'Название дела в описи фонда', NULL, 'd.2_45'),
(431, 95, 109, '27', 'Название дела в описи фонда', NULL, 'd.27'),
(432, 156, 215, '2/14', 'Название дела в описи фонда', NULL, 'd.2_14'),
(433, 47, 71, '37/658', 'Название дела в описи фонда', NULL, 'd.37_658'),
(434, 114, 142, '95/1293', 'Название дела в описи фонда', NULL, 'd.95_1293'),
(435, 157, 216, '7/123', 'Название дела в описи фонда', NULL, 'd.7_123'),
(436, 158, 217, '2/1', 'Название дела в описи фонда', NULL, 'd.2_1'),
(437, 59, 57, '32/237', 'Название дела в описи фонда', NULL, 'd.32_237'),
(438, 25, 14, '135/1030', 'Название дела в описи фонда', NULL, 'd.135_1030'),
(439, 159, 218, '19/157', 'Название дела в описи фонда', NULL, 'd.19_157'),
(440, 25, 219, '4/40', 'Название дела в описи фонда', NULL, 'd.4_40'),
(441, 25, 45, '124/1198', 'Название дела в описи фонда', NULL, 'd.124_1198'),
(442, 25, 45, '69/739', 'Название дела в описи фонда', NULL, 'd.69_739'),
(443, 75, 220, '7/66', 'Название дела в описи фонда', NULL, 'd.7_66'),
(444, 53, 49, '67/634', 'Название дела в описи фонда', NULL, 'd.67_634'),
(445, 56, 52, '5/73', 'Название дела в описи фонда', NULL, 'd.5_73'),
(446, 160, 221, '1/8', 'Название дела в описи фонда', NULL, 'd.1_8'),
(447, 44, 133, '648', 'Название дела в описи фонда', NULL, 'd.648'),
(448, 31, 55, '2/4', 'Название дела в описи фонда', NULL, 'd.2_4'),
(449, 161, 222, '4/228', 'Название дела в описи фонда', NULL, 'd.4_228'),
(450, 25, 14, '135/1031', 'Название дела в описи фонда', NULL, 'd.135_1031'),
(451, 25, 14, '123/933', 'Название дела в описи фонда', NULL, 'd.123_933'),
(452, 25, 45, '6/55', 'Название дела в описи фонда', NULL, 'd.6_55'),
(453, 162, 223, '2/31', 'Название дела в описи фонда', NULL, 'd.2_31'),
(454, 98, 115, '51/409', 'Название дела в описи фонда', NULL, 'd.51_409'),
(455, 46, 38, '24/213', 'Название дела в описи фонда', NULL, 'd.24_213'),
(456, 44, 36, '80/1721', 'Название дела в описи фонда', NULL, 'd.80_1721'),
(457, 159, 224, '51/22', 'Название дела в описи фонда', NULL, 'd.51_22'),
(458, 86, 93, '10/217', 'Название дела в описи фонда', NULL, 'd.10_217'),
(459, 50, 46, '26/347', 'Название дела в описи фонда', NULL, 'd.26_347'),
(460, 32, 22, '39/663', 'Название дела в описи фонда', NULL, 'd.39_663'),
(461, 163, 225, '22/378', 'Название дела в описи фонда', NULL, 'd.22_378'),
(462, 164, 226, '20/108', 'Название дела в описи фонда', NULL, 'd.20_108'),
(463, 33, 23, '2467', 'Название дела в описи фонда', NULL, 'd.2467'),
(464, 116, 145, '1/11', 'Название дела в описи фонда', NULL, 'd.1_11'),
(465, 78, 81, '1/12', 'Название дела в описи фонда', NULL, 'd.1_12'),
(466, 35, 25, '115/1202', 'Название дела в описи фонда', NULL, 'd.115_1202'),
(467, 165, 227, 'test', 'Название дела в описи фонда', NULL, NULL),
(468, 166, 228, 'test2', 'Название дела в описи фонда', NULL, NULL),
(469, 167, 229, 'test2', 'Название дела в описи фонда', NULL, NULL),
(470, 166, 230, 'test', 'Название дела в описи фонда', NULL, NULL),
(471, 168, 231, 'test2', 'Название дела в описи фонда', NULL, NULL),
(472, 168, 231, 'test', 'Название дела в описи фонда', NULL, NULL),
(473, 169, 232, 't', 'Название дела в описи фонда', NULL, NULL),
(474, 167, 233, 'test', 'Название дела в описи фонда', NULL, NULL);

-- --------------------------------------------------------

--
-- Структура таблицы `doc_types`
--

CREATE TABLE `doc_types` (
  `id` int NOT NULL,
  `name` text CHARACTER SET utf8mb4 COLLATE utf8mb4_unicode_ci NOT NULL
) ENGINE=InnoDB DEFAULT CHARSET=utf8mb4 COLLATE=utf8mb4_unicode_ci;

--
-- Дамп данных таблицы `doc_types`
--

INSERT INTO `doc_types` (`id`, `name`) VALUES
(1, 'Документ на бумажной основе'),
(2, 'НТД'),
(3, 'Фотодокумент');

-- --------------------------------------------------------

--
-- Структура таблицы `finders`
--

CREATE TABLE `finders` (
  `id` int NOT NULL,
  `fondId` int NOT NULL,
  `opisId` int NOT NULL,
  `deloId` int NOT NULL,
  `prim` text CHARACTER SET utf8mb4 COLLATE utf8mb4_unicode_ci NOT NULL
) ENGINE=InnoDB DEFAULT CHARSET=utf8mb4 COLLATE=utf8mb4_unicode_ci;

-- --------------------------------------------------------

--
-- Структура таблицы `fonds`
--

CREATE TABLE `fonds` (
  `id` int NOT NULL,
  `name` text CHARACTER SET utf8mb4 COLLATE utf8mb4_unicode_ci NOT NULL,
  `title` text CHARACTER SET utf8mb4 COLLATE utf8mb4_unicode_ci NOT NULL,
  `dates` text CHARACTER SET utf8mb4 COLLATE utf8mb4_unicode_ci,
  `path` text CHARACTER SET utf8mb4 COLLATE utf8mb4_unicode_ci
) ENGINE=InnoDB DEFAULT CHARSET=utf8mb4 COLLATE=utf8mb4_unicode_ci;

--
-- Дамп данных таблицы `fonds`
--

INSERT INTO `fonds` (`id`, `name`, `title`, `dates`, `path`) VALUES
(25, 'Р-689', 'Название фонда', NULL, 'r.000689'),
(26, '9', 'Название фонда', NULL, 'f.000009'),
(27, '9', 'Название фонда', NULL, 'f.000009'),
(28, 'П-6234', 'Название фонда', NULL, 'p.006234'),
(29, 'Р-721', 'Название фонда', NULL, 'r.000721'),
(30, '4', 'Название фонда', NULL, 'f.000004'),
(31, '1', 'Название фонда', NULL, 'f.000001'),
(32, '656', 'Название фонда', NULL, 'f.000656'),
(33, 'Р-690', 'Название фонда', NULL, 'r.000690'),
(34, 'Р-785', 'Название фонда', NULL, 'r.000785'),
(35, 'Р-860', 'Название фонда', NULL, 'r.000860'),
(36, '282', 'Название фонда', NULL, 'f.000282'),
(37, 'Р-562', 'Название фонда', NULL, 'r.000562'),
(38, 'П-6253', 'Название фонда', NULL, 'p.006253'),
(39, 'Р-1576', 'Название фонда', NULL, 'r.001576'),
(40, 'Р-878', 'Название фонда', NULL, 'r.000878'),
(41, 'Р-580', 'Название фонда', NULL, 'r.000580'),
(42, '107', 'Название фонда', NULL, 'f.000107'),
(43, 'Р-781', 'Название фонда', NULL, 'r.000781'),
(44, '2', 'Название фонда', NULL, 'f.000002'),
(45, 'Р-3127', 'Название фонда', NULL, 'r.003127'),
(46, '37', 'Название фонда', NULL, 'f.000037'),
(47, '262', 'Название фонда', NULL, 'f.000262'),
(48, 'п-6214', 'Название фонда', NULL, 'p.006214'),
(49, 'Р-460', 'Название фонда', NULL, 'r.000460'),
(50, '584', 'Название фонда', NULL, 'f.000584'),
(51, 'П-6359', 'Название фонда', NULL, 'p.006359'),
(52, 'Р-3296', 'Название фонда', NULL, 'r.003296'),
(53, '200', 'Название фонда', NULL, 'f.000200'),
(54, '655', 'Название фонда', NULL, 'f.000655'),
(55, 'тест', 'Название фонда', NULL, 'f.00test'),
(56, 'Р-553', 'Название фонда', NULL, 'r.000553'),
(57, 'Р-176', 'Название фонда', NULL, 'r.000176'),
(58, '265', 'Название фонда', NULL, 'f.000265'),
(59, 'Р-1799', 'Название фонда', NULL, 'r.001799'),
(60, '58', 'Название фонда', NULL, 'f.000058'),
(61, 'Р-1215', 'Название фонда', NULL, 'r.001215'),
(62, '194', 'Название фонда', NULL, 'f.000194'),
(63, 'Р-551', 'Название фонда', NULL, 'r.000551'),
(64, 'Р-211', 'Название фонда', NULL, 'r.000211'),
(65, 'Р-1394', 'Название фонда', NULL, 'r.001394'),
(66, 'Р-30', 'Название фонда', NULL, 'r.000030'),
(67, '645', 'Название фонда', NULL, 'f.000645'),
(68, '604', 'Название фонда', NULL, 'f.000604'),
(69, '3', 'Название фонда', NULL, 'f.000003'),
(70, '647', 'Название фонда', NULL, 'f.000647'),
(71, 'Р-581', 'Название фонда', NULL, 'r.000581'),
(72, 'Р-2796', 'Название фонда', NULL, 'r.002796'),
(73, 'Р-122', 'Название фонда', NULL, 'r.000122'),
(74, '25', 'Название фонда', NULL, 'f.000025'),
(75, 'Р-1192', 'Название фонда', NULL, 'r.001192'),
(76, '17', 'Название фонда', NULL, 'f.000017'),
(77, 'Р-630', 'Название фонда', NULL, 'r.000630'),
(78, 'Р-1514', 'Название фонда', NULL, 'r.001514'),
(79, 'Р-393', 'Название фонда', NULL, 'r.000393'),
(80, '22', 'Название фонда', NULL, 'f.000022'),
(81, 'Р-2150', 'Название фонда', NULL, 'r.002150'),
(82, 'П-6259', 'Название фонда', NULL, 'p.006259'),
(83, 'П-6192', 'Название фонда', NULL, 'p.006192'),
(84, 'Р-3738', 'Название фонда', NULL, 'r.003738'),
(85, '79', 'Название фонда', NULL, 'f.000079'),
(86, 'Р-1533', 'Название фонда', NULL, 'r.001533'),
(87, 'Р-443', 'Название фонда', NULL, 'r.000443'),
(88, '798', 'Название фонда', NULL, 'f.000798'),
(89, 'Р-2715', 'Название фонда', NULL, 'r.002715'),
(90, 'Р-28', 'Название фонда', NULL, 'r.000028'),
(91, 'Р-673', 'Название фонда', NULL, 'r.000673'),
(92, 'Р-108', 'Название фонда', NULL, 'r.000108'),
(93, '324', 'Название фонда', NULL, 'f.000324'),
(94, '31', 'Название фонда', NULL, 'f.000031'),
(95, '558', 'Название фонда', NULL, 'f.000558'),
(96, 'Р-109', 'Название фонда', NULL, 'r.000109'),
(97, 'Р-374', 'Название фонда', NULL, 'r.000374'),
(98, '62', 'Название фонда', NULL, 'f.000062'),
(99, 'Р-554', 'Название фонда', NULL, 'r.000554'),
(100, 'Р-660', 'Название фонда', NULL, 'r.000660'),
(101, 'Р-404', 'Название фонда', NULL, 'r.000404'),
(102, 'Р-116', 'Название фонда', NULL, 'r.000116'),
(103, 'Р-2784', 'Название фонда', NULL, 'r.002784'),
(104, 'Р-925', 'Название фонда', NULL, 'r.000925'),
(105, 'Р-549', 'Название фонда', NULL, 'r.000549'),
(106, 'П-6216', 'Название фонда', NULL, 'p.006216'),
(107, '453', 'Название фонда', NULL, 'f.000453'),
(108, 'Р-2561', 'Название фонда', NULL, 'r.002561'),
(109, '325', 'Название фонда', NULL, 'f.000325'),
(110, '585', 'Название фонда', NULL, 'f.000585'),
(111, '320', 'Название фонда', NULL, 'f.000320'),
(112, 'П-6223', 'Название фонда', NULL, 'p.006223'),
(113, '643', 'Название фонда', NULL, 'f.000643'),
(114, '38', 'Название фонда', NULL, 'f.000038'),
(115, '251', 'Название фонда', NULL, 'f.000251'),
(116, '176', 'Название фонда', NULL, 'f.000176'),
(117, '78', 'Название фонда', NULL, 'f.000078'),
(118, '13', 'Название фонда', NULL, 'f.000013'),
(119, 'Р-655', 'Название фонда', NULL, 'r.000655'),
(120, 'Р-631', 'Название фонда', NULL, 'r.000631'),
(121, '655й', 'Название фонда', NULL, 'f.00655i'),
(122, 'Р-2', 'Название фонда', NULL, 'r.000002'),
(123, '794', 'Название фонда', NULL, 'f.000794'),
(124, '30', 'Название фонда', NULL, 'f.000030'),
(125, 'Р-718', 'Название фонда', NULL, 'r.000718'),
(126, '71', 'Название фонда', NULL, 'f.000071'),
(127, 'Р-214', 'Название фонда', NULL, 'r.000214'),
(128, 'Р-306', 'Название фонда', NULL, 'r.000306'),
(129, 'Р-1405', 'Название фонда', NULL, 'r.001405'),
(130, 'Р-1577', 'Название фонда', NULL, 'r.001577'),
(131, '119', 'Название фонда', NULL, 'f.000119'),
(132, 'Р-315', 'Название фонда', NULL, 'r.000315'),
(133, '15', 'Название фонда', NULL, 'f.000015'),
(134, 'Р-1541', 'Название фонда', NULL, 'r.001541'),
(135, 'Р-680', 'Название фонда', NULL, 'r.000680'),
(136, 'Р-1257', 'Название фонда', NULL, 'r.001257'),
(137, 'Р-1553', 'Название фонда', NULL, 'r.001553'),
(138, 'Р-641', 'Название фонда', NULL, 'r.000641'),
(139, 'П-6243', 'Название фонда', NULL, 'p.006243'),
(140, 'Р-3051', 'Название фонда', NULL, 'r.003051'),
(141, '424', 'Название фонда', NULL, 'f.000424'),
(142, '10', 'Название фонда', NULL, 'f.000010'),
(143, '183', 'Название фонда', NULL, 'f.000183'),
(144, 'П-5536', 'Название фонда', NULL, 'p.005536'),
(145, 'Р-1480', 'Название фонда', NULL, 'r.001480'),
(146, '242', 'Название фонда', NULL, 'f.000242'),
(147, 'Р-528', 'Название фонда', NULL, 'r.000528'),
(148, 'Р-865', 'Название фонда', NULL, 'r.000865'),
(149, 'Р-458', 'Название фонда', NULL, 'r.000458'),
(150, '648', 'Название фонда', NULL, 'f.000648'),
(151, '1-7', 'Название фонда', NULL, '1.000007'),
(152, 'Р-3547', 'Название фонда', NULL, 'r.003547'),
(153, 'Р-698', 'Название фонда', NULL, 'r.000698'),
(154, '302', 'Название фонда', NULL, 'f.000302'),
(155, '304', 'Название фонда', NULL, 'f.000304'),
(156, '122', 'Название фонда', NULL, 'f.000122'),
(157, '650', 'Название фонда', NULL, 'f.000650'),
(158, '125', 'Название фонда', NULL, 'f.000125'),
(159, '73', 'Название фонда', NULL, 'f.000073'),
(160, '63', 'Название фонда', NULL, 'f.000063'),
(161, '253', 'Название фонда', NULL, 'f.000253'),
(162, 'Р-418', 'Название фонда', NULL, 'r.000418'),
(163, 'Р-2923', 'Название фонда', NULL, 'r.002923'),
(164, 'Р-3759', 'Название фонда', NULL, 'r.003759'),
(166, 'test2', 'Название фонда', NULL, NULL),
(167, 'test', 'Название фонда', NULL, NULL),
(168, 'test3', 'Название фонда', NULL, NULL),
(169, 't', 'Название фонда', NULL, NULL);

-- --------------------------------------------------------

--
-- Структура таблицы `opisi`
--

CREATE TABLE `opisi` (
  `id` int NOT NULL,
  `fond_id` int NOT NULL,
  `name` text CHARACTER SET utf8mb4 COLLATE utf8mb4_unicode_ci NOT NULL,
  `title` text CHARACTER SET utf8mb4 COLLATE utf8mb4_unicode_ci NOT NULL,
  `date` text CHARACTER SET utf8mb4 COLLATE utf8mb4_unicode_ci,
  `path` text CHARACTER SET utf8mb4 COLLATE utf8mb4_unicode_ci
) ENGINE=InnoDB DEFAULT CHARSET=utf8mb4 COLLATE=utf8mb4_unicode_ci;

--
-- Дамп данных таблицы `opisi`
--

INSERT INTO `opisi` (`id`, `fond_id`, `name`, `title`, `date`, `path`) VALUES
(14, 25, '17', 'Название описи фонда', NULL, 'op.17'),
(15, 25, '17', 'Название описи фонда', NULL, 'op.17'),
(16, 26, '1', 'Название описи фонда', NULL, 'op.1'),
(17, 26, '1', 'Название описи фонда', NULL, NULL),
(18, 28, '2', 'Название описи фонда', NULL, 'op.2'),
(19, 29, '1', 'Название описи фонда', NULL, 'op.1'),
(20, 30, '51', 'Название описи фонда', NULL, 'op.51'),
(21, 31, '11', 'Название описи фонда', NULL, 'op.11'),
(22, 32, '1', 'Название описи фонда', NULL, 'op.1'),
(23, 33, '11', 'Название описи фонда', NULL, 'op.11'),
(24, 34, '1', 'Название описи фонда', NULL, 'op.1'),
(25, 35, '6', 'Название описи фонда', NULL, 'op.6'),
(26, 36, '1', 'Название описи фонда', NULL, 'op.1'),
(27, 37, '1', 'Название описи фонда', NULL, 'op.1'),
(28, 28, '2', 'Название описи фонда', NULL, 'op.2'),
(29, 38, '2', 'Название описи фонда', NULL, 'op.2'),
(30, 39, '1', 'Название описи фонда', NULL, 'op.1'),
(31, 40, '1', 'Название описи фонда', NULL, 'op.1'),
(32, 41, '2', 'Название описи фонда', NULL, 'op.2'),
(33, 33, '6', 'Название описи фонда', NULL, 'op.6'),
(34, 42, '1', 'Название описи фонда', NULL, 'op.1'),
(35, 43, '1', 'Название описи фонда', NULL, 'op.1'),
(36, 44, '17', 'Название описи фонда', NULL, 'op.17'),
(37, 45, '2', 'Название описи фонда', NULL, 'op.2'),
(38, 46, '13', 'Название описи фонда', NULL, 'op.13'),
(39, 35, '3', 'Название описи фонда', NULL, 'op.3'),
(40, 31, '70', 'Название описи фонда', NULL, 'op.70'),
(41, 47, '5', 'Название описи фонда', NULL, 'op.5'),
(42, 46, '53', 'Название описи фонда', NULL, 'op.53'),
(43, 48, '1', 'Название описи фонда', NULL, 'op.1'),
(44, 49, '1', 'Название описи фонда', NULL, 'op.1'),
(45, 25, '20', 'Название описи фонда', NULL, 'op.20'),
(46, 50, '3', 'Название описи фонда', NULL, 'op.3'),
(47, 51, '1', 'Название описи фонда', NULL, 'op.1'),
(48, 52, '2', 'Название описи фонда', NULL, 'op.2'),
(49, 53, '1', 'Название описи фонда', NULL, 'op.1'),
(50, 54, '4', 'Название описи фонда', NULL, 'op.4'),
(51, 55, 'тест', 'Название описи фонда', NULL, 'op.test'),
(52, 56, '1', 'Название описи фонда', NULL, 'op.1'),
(53, 57, '1', 'Название описи фонда', NULL, 'op.1'),
(54, 33, '3', 'Название описи фонда', NULL, 'op.3'),
(55, 31, '17', 'Название описи фонда', NULL, 'op.17'),
(56, 58, '1', 'Название описи фонда', NULL, 'op.1'),
(57, 59, '8', 'Название описи фонда', NULL, 'op.8'),
(58, 60, '1', 'Название описи фонда', NULL, 'op.1'),
(59, 61, '1', 'Название описи фонда', NULL, 'op.1'),
(60, 44, '50', 'Название описи фонда', NULL, 'op.50'),
(61, 62, '1', 'Название описи фонда', NULL, 'op.1'),
(62, 30, '52', 'Название описи фонда', NULL, 'op.52'),
(63, 63, '1', 'Название описи фонда', NULL, 'op.1'),
(64, 64, '1', 'Название описи фонда', NULL, 'op.1'),
(65, 65, '5', 'Название описи фонда', NULL, 'op.5'),
(66, 35, '1', 'Название описи фонда', NULL, 'op.1'),
(67, 66, '1', 'Название описи фонда', NULL, 'op.1'),
(68, 67, '1', 'Название описи фонда', NULL, 'op.1'),
(69, 68, '1', 'Название описи фонда', NULL, 'op.1'),
(70, 69, '6', 'Название описи фонда', NULL, 'op.6'),
(71, 47, '1', 'Название описи фонда', NULL, 'op.1'),
(72, 70, '1', 'Название описи фонда', NULL, 'op.1'),
(73, 71, '4', 'Название описи фонда', NULL, 'op.4'),
(74, 72, '1', 'Название описи фонда', NULL, 'op.1'),
(75, 35, '4', 'Название описи фонда', NULL, 'op.4'),
(76, 73, '1', 'Название описи фонда', NULL, 'op.1'),
(77, 74, '22', 'Название описи фонда', NULL, 'op.22'),
(78, 75, '3', 'Название описи фонда', NULL, 'op.3'),
(79, 76, '1', 'Название описи фонда', NULL, 'op.1'),
(80, 77, '2', 'Название описи фонда', NULL, 'op.2'),
(81, 78, '2', 'Название описи фонда', NULL, 'op.2'),
(82, 79, '2', 'Название описи фонда', NULL, 'op.2'),
(83, 77, '1', 'Название описи фонда', NULL, 'op.1'),
(84, 80, '1', 'Название описи фонда', NULL, 'op.1'),
(85, 35, '7', 'Название описи фонда', NULL, 'op.7'),
(86, 81, '1', 'Название описи фонда', NULL, 'op.1'),
(87, 31, '36', 'Название описи фонда', NULL, 'op.36'),
(88, 82, '5', 'Название описи фонда', NULL, 'op.5'),
(89, 83, '9', 'Название описи фонда', NULL, 'op.9'),
(90, 84, '1', 'Название описи фонда', NULL, 'op.1'),
(91, 49, '10', 'Название описи фонда', NULL, 'op.10'),
(92, 85, '1', 'Название описи фонда', NULL, 'op.1'),
(93, 86, '4', 'Название описи фонда', NULL, 'op.4'),
(94, 44, '57', 'Название описи фонда', NULL, 'op.57'),
(95, 87, '1', 'Название описи фонда', NULL, 'op.1'),
(96, 31, '39', 'Название описи фонда', NULL, 'op.39'),
(97, 31, '1', 'Название описи фонда', NULL, 'op.1'),
(98, 88, '1', 'Название описи фонда', NULL, 'op.1'),
(99, 89, '7', 'Название описи фонда', NULL, 'op.7'),
(100, 46, '35', 'Название описи фонда', NULL, 'op.35'),
(101, 46, '26', 'Название описи фонда', NULL, 'op.26'),
(102, 31, '37', 'Название описи фонда', NULL, 'op.37'),
(103, 90, '2', 'Название описи фонда', NULL, 'op.2'),
(104, 91, '6', 'Название описи фонда', NULL, 'op.6'),
(105, 44, '41', 'Название описи фонда', NULL, 'op.41'),
(106, 92, '1', 'Название описи фонда', NULL, 'op.1'),
(107, 93, '3', 'Название описи фонда', NULL, 'op.3'),
(108, 94, '3', 'Название описи фонда', NULL, 'op.3'),
(109, 95, '1', 'Название описи фонда', NULL, 'op.1'),
(110, 96, '1', 'Название описи фонда', NULL, 'op.1'),
(111, 30, '45', 'Название описи фонда', NULL, 'op.45'),
(112, 97, '1', 'Название описи фонда', NULL, 'op.1'),
(113, 83, '6', 'Название описи фонда', NULL, 'op.6'),
(114, 33, '12', 'Название описи фонда', NULL, 'op.12'),
(115, 98, '1', 'Название описи фонда', NULL, 'op.1'),
(116, 65, '1', 'Название описи фонда', NULL, 'op.1'),
(117, 99, '1', 'Название описи фонда', NULL, 'op.1'),
(118, 100, '5', 'Название описи фонда', NULL, 'op.5'),
(119, 101, '1', 'Название описи фонда', NULL, 'op.1'),
(120, 82, '6', 'Название описи фонда', NULL, 'op.6'),
(121, 102, '1', 'Название описи фонда', NULL, 'op.1'),
(122, 103, '1', 'Название описи фонда', NULL, 'op.1'),
(123, 65, '3', 'Название описи фонда', NULL, 'op.3'),
(124, 31, '10', 'Название описи фонда', NULL, 'op.10'),
(125, 31, '48', 'Название описи фонда', NULL, 'op.48'),
(126, 104, '2', 'Название описи фонда', NULL, 'op.2'),
(127, 105, '4', 'Название описи фонда', NULL, 'op.4'),
(128, 106, '1', 'Название описи фонда', NULL, 'op.1'),
(129, 107, '1', 'Название описи фонда', NULL, 'op.1'),
(130, 108, '1', 'Название описи фонда', NULL, 'op.1'),
(131, 65, '8', 'Название описи фонда', NULL, 'op.8'),
(132, 109, '1', 'Название описи фонда', NULL, 'op.1'),
(133, 44, '68', 'Название описи фонда', NULL, 'op.68'),
(134, 31, '9', 'Название описи фонда', NULL, 'op.9'),
(135, 31, '5', 'Название описи фонда', NULL, 'op.5'),
(136, 110, '3', 'Название описи фонда', NULL, 'op.3'),
(137, 111, '3', 'Название описи фонда', NULL, 'op.3'),
(138, 112, '2', 'Название описи фонда', NULL, 'op.2'),
(139, 113, '1', 'Название описи фонда', NULL, 'op.1'),
(140, 67, '2', 'Название описи фонда', NULL, 'op.2'),
(141, 31, '46', 'Название описи фонда', NULL, 'op.46'),
(142, 114, '2', 'Название описи фонда', NULL, 'op.2'),
(143, 31, '8', 'Название описи фонда', NULL, 'op.8'),
(144, 115, '1', 'Название описи фонда', NULL, 'op.1'),
(145, 116, '1', 'Название описи фонда', NULL, 'op.1'),
(146, 117, '1', 'Название описи фонда', NULL, 'op.1'),
(147, 44, '8', 'Название описи фонда', NULL, 'op.8'),
(148, 76, '2', 'Название описи фонда', NULL, 'op.2'),
(149, 109, '2', 'Название описи фонда', NULL, 'op.2'),
(150, 118, '8', 'Название описи фонда', NULL, 'op.8'),
(151, 119, '1', 'Название описи фонда', NULL, 'op.1'),
(152, 30, '9', 'Название описи фонда', NULL, 'op.9'),
(153, 120, '1', 'Название описи фонда', NULL, 'op.1'),
(154, 121, '4', 'Название описи фонда', NULL, 'op.4'),
(155, 122, '1', 'Название описи фонда', NULL, 'op.1'),
(156, 90, '1', 'Название описи фонда', NULL, 'op.1'),
(157, 123, '1', 'Название описи фонда', NULL, 'op.1'),
(158, 124, '2', 'Название описи фонда', NULL, 'op.2'),
(159, 125, '1', 'Название описи фонда', NULL, 'op.1'),
(160, 126, '1', 'Название описи фонда', NULL, 'op.1'),
(161, 118, '4', 'Название описи фонда', NULL, 'op.4'),
(162, 30, '60', 'Название описи фонда', NULL, 'op.60'),
(163, 127, '2', 'Название описи фонда', NULL, 'op.2'),
(164, 65, '7', 'Название описи фонда', NULL, 'op.7'),
(165, 30, '44', 'Название описи фонда', NULL, 'op.44'),
(166, 31, '3', 'Название описи фонда', NULL, 'op.3'),
(167, 35, '2', 'Название описи фонда', NULL, 'op.2'),
(168, 128, '1', 'Название описи фонда', NULL, 'op.1'),
(169, 129, '1', 'Название описи фонда', NULL, 'op.1'),
(170, 105, '1', 'Название описи фонда', NULL, 'op.1'),
(171, 46, '45', 'Название описи фонда', NULL, 'op.45'),
(172, 46, '27', 'Название описи фонда', NULL, 'op.27'),
(173, 130, '1', 'Название описи фонда', NULL, 'op.1'),
(174, 44, '35', 'Название описи фонда', NULL, 'op.35'),
(175, 131, '1', 'Название описи фонда', NULL, 'op.1'),
(176, 132, '1', 'Название описи фонда', NULL, 'op.1'),
(177, 133, '1', 'Название описи фонда', NULL, 'op.1'),
(178, 30, '35', 'Название описи фонда', NULL, 'op.35'),
(179, 134, '1', 'Название описи фонда', NULL, 'op.1'),
(180, 33, '10', 'Название описи фонда', NULL, 'op.10'),
(181, 135, '10', 'Название описи фонда', NULL, 'op.10'),
(182, 74, '12', 'Название описи фонда', NULL, 'op.12'),
(183, 136, '2', 'Название описи фонда', NULL, 'op.2'),
(184, 33, '13', 'Название описи фонда', NULL, 'op.13'),
(185, 137, '4', 'Название описи фонда', NULL, 'op.4'),
(186, 35, '5', 'Название описи фонда', NULL, 'op.5'),
(187, 138, '1', 'Название описи фонда', NULL, 'op.1'),
(188, 31, '47', 'Название описи фонда', NULL, 'op.47'),
(189, 54, '1', 'Название описи фонда', NULL, 'op.1'),
(190, 139, '2', 'Название описи фонда', NULL, 'op.2'),
(191, 140, '1', 'Название описи фонда', NULL, 'op.1'),
(192, 141, '1', 'Название описи фонда', NULL, 'op.1'),
(193, 44, '47', 'Название описи фонда', NULL, 'op.47'),
(194, 118, '9', 'Название описи фонда', NULL, 'op.9'),
(195, 30, '39', 'Название описи фонда', NULL, 'op.39'),
(196, 142, '1', 'Название описи фонда', NULL, 'op.1'),
(197, 143, '2', 'Название описи фонда', NULL, 'op.2'),
(198, 144, '3', 'Название описи фонда', NULL, 'op.3'),
(199, 144, '5', 'Название описи фонда', NULL, 'op.5'),
(200, 145, '3', 'Название описи фонда', NULL, 'op.3'),
(201, 145, '2', 'Название описи фонда', NULL, 'op.2'),
(202, 146, '1', 'Название описи фонда', NULL, 'op.1'),
(203, 30, '36', 'Название описи фонда', NULL, 'op.36'),
(204, 147, '5', 'Название описи фонда', NULL, 'op.5'),
(205, 148, '2', 'Название описи фонда', NULL, 'op.2'),
(206, 149, '2', 'Название описи фонда', NULL, 'op.2'),
(207, 150, '1', 'Название описи фонда', NULL, 'op.1'),
(208, 151, '1', 'Название описи фонда', NULL, 'op.1'),
(209, 152, '1', 'Название описи фонда', NULL, 'op.1'),
(210, 153, '7', 'Название описи фонда', NULL, 'op.7'),
(211, 81, '4', 'Название описи фонда', NULL, 'op.4'),
(212, 74, '25', 'Название описи фонда', NULL, 'op.25'),
(213, 154, '2', 'Название описи фонда', NULL, 'op.2'),
(214, 155, '1', 'Название описи фонда', NULL, 'op.1'),
(215, 156, '3', 'Название описи фонда', NULL, 'op.3'),
(216, 157, '1', 'Название описи фонда', NULL, 'op.1'),
(217, 158, '1', 'Название описи фонда', NULL, 'op.1'),
(218, 159, '2', 'Название описи фонда', NULL, 'op.2'),
(219, 25, '1', 'Название описи фонда', NULL, 'op.1'),
(220, 75, '2', 'Название описи фонда', NULL, 'op.2'),
(221, 160, '1', 'Название описи фонда', NULL, 'op.1'),
(222, 161, '1', 'Название описи фонда', NULL, 'op.1'),
(223, 162, '1', 'Название описи фонда', NULL, 'op.1'),
(224, 159, '1', 'Название описи фонда', NULL, 'op.1'),
(225, 163, '2', 'Название описи фонда', NULL, 'op.2'),
(226, 164, '1', 'Название описи фонда', NULL, 'op.1'),
(227, 165, 'test', 'Название описи фонда', NULL, NULL),
(228, 166, 'test2', 'Название описи фонда', NULL, NULL),
(229, 167, 'test2', 'Название описи фонда', NULL, NULL),
(230, 166, 'test', 'Название описи фонда', NULL, NULL),
(231, 168, 'test', 'Название описи фонда', NULL, NULL),
(232, 169, 't', 'Название описи фонда', NULL, NULL),
(233, 167, 'test', 'Название описи фонда', NULL, NULL);

-- --------------------------------------------------------

--
-- Структура таблицы `persons`
--

CREATE TABLE `persons` (
  `id` int NOT NULL,
  `name` varchar(256) CHARACTER SET utf8mb4 COLLATE utf8mb4_0900_ai_ci NOT NULL,
  `title` text CHARACTER SET utf8mb4 COLLATE utf8mb4_0900_ai_ci,
  `author` int DEFAULT NULL,
  `created_at` datetime DEFAULT CURRENT_TIMESTAMP,
  `updated_at` datetime DEFAULT NULL,
  `deleted_at` datetime DEFAULT NULL
) ENGINE=InnoDB DEFAULT CHARSET=utf8mb4 COLLATE=utf8mb4_unicode_ci;

--
-- Дамп данных таблицы `persons`
--

INSERT INTO `persons` (`id`, `name`, `title`, `author`, `created_at`, `updated_at`, `deleted_at`) VALUES
(1, 'Абросимов П. П.', NULL, NULL, '2022-10-22 17:58:35', NULL, NULL),
(2, 'Авзотис Г.', NULL, NULL, '2022-10-22 17:58:35', NULL, NULL),
(3, 'Аглицкий Г. А.', NULL, NULL, '2022-10-22 17:58:35', NULL, NULL),
(4, 'Агню Д.', NULL, NULL, '2022-10-22 17:58:35', NULL, NULL),
(5, 'Адамович С. М.', NULL, NULL, '2022-10-22 17:58:35', NULL, NULL),
(6, 'Александров', NULL, NULL, '2022-10-22 17:58:35', NULL, NULL),
(7, 'Алешин', NULL, NULL, '2022-10-22 17:58:35', NULL, NULL),
(8, 'Алешина А. Б.', NULL, NULL, '2022-10-22 17:58:35', NULL, NULL),
(9, 'Альперович Б. С.', NULL, NULL, '2022-10-22 17:58:35', NULL, NULL),
(10, 'Альшванг А. А.', NULL, NULL, '2022-10-22 17:58:35', NULL, NULL),
(11, 'Андреев Н.', NULL, NULL, '2022-10-22 17:58:35', NULL, NULL),
(12, 'Андреев С.', NULL, NULL, '2022-10-22 17:58:35', NULL, NULL),
(13, 'Андреева Н.', NULL, NULL, '2022-10-22 17:58:35', NULL, NULL),
(14, 'Андрианов Н. Н.', NULL, NULL, '2022-10-22 17:58:35', NULL, NULL),
(15, 'Антоновский', NULL, NULL, '2022-10-22 17:58:35', NULL, NULL),
(16, 'Аргатов И. И.', NULL, NULL, '2022-10-22 17:58:35', NULL, NULL),
(17, 'Аркадий (Федоров)', NULL, NULL, '2022-10-22 17:58:35', NULL, NULL),
(18, 'Арсеньев Ю. К.', NULL, NULL, '2022-10-22 17:58:35', NULL, NULL),
(19, 'Архипова П. Е.', NULL, NULL, '2022-10-22 17:58:35', NULL, NULL),
(20, 'Афанасьев А. А.', NULL, NULL, '2022-10-22 17:58:35', NULL, NULL),
(21, 'Базегский П. И.', NULL, NULL, '2022-10-22 17:58:35', NULL, NULL),
(22, 'Байков Ф.', NULL, NULL, '2022-10-22 17:58:35', NULL, NULL),
(23, 'Бакланов Ю. П.', NULL, NULL, '2022-10-22 17:58:35', NULL, NULL),
(24, 'Баландин Т. В.', NULL, NULL, '2022-10-22 17:58:35', NULL, NULL),
(25, 'Баралл П.', NULL, NULL, '2022-10-22 17:58:35', NULL, NULL),
(26, 'Баранов Д. О.', NULL, NULL, '2022-10-22 17:58:35', NULL, NULL),
(27, 'Баранцов А. П.', NULL, NULL, '2022-10-22 17:58:35', NULL, NULL),
(28, 'Барбашин В. Б.', NULL, NULL, '2022-10-22 17:58:35', NULL, NULL),
(29, 'Басинский', NULL, NULL, '2022-10-22 17:58:35', NULL, NULL),
(30, 'Башев П. А.', NULL, NULL, '2022-10-22 17:58:35', NULL, NULL),
(31, 'Башева А. М.', NULL, NULL, '2022-10-22 17:58:35', NULL, NULL),
(32, 'Белиловский К. А.', NULL, NULL, '2022-10-22 17:58:35', NULL, NULL),
(33, 'Беляев А. П.', NULL, NULL, '2022-10-22 17:58:35', NULL, NULL),
(34, 'Беляев И. С.', NULL, NULL, '2022-10-22 17:58:35', NULL, NULL),
(35, 'Беляков С. М.', NULL, NULL, '2022-10-22 17:58:35', NULL, NULL),
(36, 'Бенкендорф А. Х.', NULL, NULL, '2022-10-22 17:58:35', NULL, NULL),
(37, 'Березин', NULL, NULL, '2022-10-22 17:58:35', NULL, NULL),
(38, 'Бесов', NULL, NULL, '2022-10-22 17:58:35', NULL, NULL),
(39, 'Беспальчев А. Ф.', NULL, NULL, '2022-10-22 17:58:35', NULL, NULL),
(40, 'Благородченков', NULL, NULL, '2022-10-22 17:58:35', NULL, NULL),
(41, 'Блау', NULL, NULL, '2022-10-22 17:58:35', NULL, NULL),
(42, 'Блок А. А.', NULL, NULL, '2022-10-22 17:58:35', NULL, NULL),
(43, 'Бобринский А. А.', NULL, NULL, '2022-10-22 17:58:35', NULL, NULL),
(44, 'Богданов В.', NULL, NULL, '2022-10-22 17:58:35', NULL, NULL),
(45, 'Богданов В. Н.', NULL, NULL, '2022-10-22 17:58:35', NULL, NULL),
(46, 'Богданов М.', NULL, NULL, '2022-10-22 17:58:35', NULL, NULL),
(47, 'Богданов П.', NULL, NULL, '2022-10-22 17:58:35', NULL, NULL),
(48, 'Болотников И. М.', NULL, NULL, '2022-10-22 17:58:35', NULL, NULL),
(49, 'Большаков И. П.', NULL, NULL, '2022-10-22 17:58:35', NULL, NULL),
(50, 'Бонбин П.', NULL, NULL, '2022-10-22 17:58:35', NULL, NULL),
(51, 'Бржеский В. Ч.', NULL, NULL, '2022-10-22 17:58:35', NULL, NULL),
(52, 'Бронштейн А. Л.', NULL, NULL, '2022-10-22 17:58:35', NULL, NULL),
(53, 'Вавилов Г. А.', NULL, NULL, '2022-10-22 17:58:35', NULL, NULL),
(54, 'Вагнер', NULL, NULL, '2022-10-22 17:58:35', NULL, NULL),
(55, 'Валентик И. Я.', NULL, NULL, '2022-10-22 17:58:35', NULL, NULL),
(56, 'Варзугин Н. П.', NULL, NULL, '2022-10-22 17:58:35', NULL, NULL),
(57, 'Вашингтон Д.', NULL, NULL, '2022-10-22 17:58:35', NULL, NULL),
(58, 'Введенский А. И.', NULL, NULL, '2022-10-22 17:58:35', NULL, NULL),
(59, 'Венберг М.', NULL, NULL, '2022-10-22 17:58:35', NULL, NULL),
(60, 'Венустов В.', NULL, NULL, '2022-10-22 17:58:35', NULL, NULL),
(61, 'Вержбицкий', NULL, NULL, '2022-10-22 17:58:35', NULL, NULL),
(62, 'Вилларский', NULL, NULL, '2022-10-22 17:58:35', NULL, NULL),
(63, 'Вильчевский Э.', NULL, NULL, '2022-10-22 17:58:35', NULL, NULL),
(64, 'Владимир Александрович (великий князь)', NULL, NULL, '2022-10-22 17:58:35', NULL, NULL),
(65, 'Власов С.', NULL, NULL, '2022-10-22 17:58:35', NULL, NULL),
(66, 'Воздвиженский В.', NULL, NULL, '2022-10-22 17:58:35', NULL, NULL),
(67, 'Волейко В. Ф.', NULL, NULL, '2022-10-22 17:58:35', NULL, NULL),
(68, 'Волков', NULL, NULL, '2022-10-22 17:58:35', NULL, NULL),
(69, 'Володзко Г. Ю.', NULL, NULL, '2022-10-22 17:58:35', NULL, NULL),
(70, 'Воронов В. Ф.', NULL, NULL, '2022-10-22 17:58:35', NULL, NULL),
(71, 'Воронов Ф. В.', NULL, NULL, '2022-10-22 17:58:35', NULL, NULL),
(72, 'Воскресенский А.', NULL, NULL, '2022-10-22 17:58:35', NULL, NULL),
(73, 'Воскресенский В.', NULL, NULL, '2022-10-22 17:58:35', NULL, NULL),
(74, 'Воскресенский П. А.', NULL, NULL, '2022-10-22 17:58:35', NULL, NULL),
(75, 'Вяземский С. А.', NULL, NULL, '2022-10-22 17:58:35', NULL, NULL),
(76, 'Гаврилов П. И.', NULL, NULL, '2022-10-22 17:58:35', NULL, NULL),
(77, 'Гайдебуров П. П.', NULL, NULL, '2022-10-22 17:58:35', NULL, NULL),
(78, 'Галченко', NULL, NULL, '2022-10-22 17:58:35', NULL, NULL),
(79, 'Гарш А. Ф.', NULL, NULL, '2022-10-22 17:58:35', NULL, NULL),
(80, 'Гарязин А. Л.', NULL, NULL, '2022-10-22 17:58:35', NULL, NULL),
(81, 'Герасим (Ионин)', NULL, NULL, '2022-10-22 17:58:35', NULL, NULL),
(82, 'Герцев А. И.', NULL, NULL, '2022-10-22 17:58:35', NULL, NULL),
(83, 'Гершанович Д. Г.', NULL, NULL, '2022-10-22 17:58:35', NULL, NULL),
(84, 'Гиппиев Н. Г. (Лайне Н.)', NULL, NULL, '2022-10-22 17:58:35', NULL, NULL),
(85, 'Глиноецкий Г. П.', NULL, NULL, '2022-10-22 17:58:35', NULL, NULL),
(86, 'Глушковский Ю. В.', NULL, NULL, '2022-10-22 17:58:35', NULL, NULL),
(87, 'Голубева Г.', NULL, NULL, '2022-10-22 17:58:35', NULL, NULL),
(88, 'Гончаревский А. К.', NULL, NULL, '2022-10-22 17:58:35', NULL, NULL),
(89, 'Готман М. Ф.', NULL, NULL, '2022-10-22 17:58:35', NULL, NULL),
(90, 'Грамицарис А.', NULL, NULL, '2022-10-22 17:58:35', NULL, NULL),
(91, 'Граммати Е. Е.', NULL, NULL, '2022-10-22 17:58:35', NULL, NULL),
(92, 'Грибанов В. В.', NULL, NULL, '2022-10-22 17:58:35', NULL, NULL),
(93, 'Григорьев Г. Г.', NULL, NULL, '2022-10-22 17:58:35', NULL, NULL),
(94, 'Григорьева Е. С.', NULL, NULL, '2022-10-22 17:58:35', NULL, NULL),
(95, 'Громов И. Ф.', NULL, NULL, '2022-10-22 17:58:35', NULL, NULL),
(96, 'Громов П.', NULL, NULL, '2022-10-22 17:58:35', NULL, NULL),
(97, 'Гручин М. И.', NULL, NULL, '2022-10-22 17:58:35', NULL, NULL),
(98, 'Гюнтер К. К.', NULL, NULL, '2022-10-22 17:58:35', NULL, NULL),
(99, 'Данилов Т.', NULL, NULL, '2022-10-22 17:58:35', NULL, NULL),
(100, 'Дашков А. В.', NULL, NULL, '2022-10-22 17:58:35', NULL, NULL),
(101, 'Дворжицкий К. А.', NULL, NULL, '2022-10-22 17:58:35', NULL, NULL),
(102, 'Девяткин В. В.', NULL, NULL, '2022-10-22 17:58:35', NULL, NULL),
(103, 'Дейхман Я. П.', NULL, NULL, '2022-10-22 17:58:35', NULL, NULL),
(104, 'Де-Ливрон А. А.', NULL, NULL, '2022-10-22 17:58:35', NULL, NULL),
(105, 'Дементьев П. В.', NULL, NULL, '2022-10-22 17:58:35', NULL, NULL),
(106, 'Денисова А. Ф.', NULL, NULL, '2022-10-22 17:58:35', NULL, NULL),
(107, 'Дингельштедт Ф.', NULL, NULL, '2022-10-22 17:58:35', NULL, NULL),
(108, 'Добре К.', NULL, NULL, '2022-10-22 17:58:35', NULL, NULL),
(109, 'Докучаев-Басков К. А.', NULL, NULL, '2022-10-22 17:58:35', NULL, NULL),
(110, 'Долгов И.', NULL, NULL, '2022-10-22 17:58:35', NULL, NULL),
(111, 'Дорофеев Я.', NULL, NULL, '2022-10-22 17:58:35', NULL, NULL),
(112, 'Драницын', NULL, NULL, '2022-10-22 17:58:35', NULL, NULL),
(113, 'Друзин М. М.', NULL, NULL, '2022-10-22 17:58:35', NULL, NULL),
(114, 'Дуденков В. Д.', NULL, NULL, '2022-10-22 17:58:35', NULL, NULL),
(115, 'Дункен', NULL, NULL, '2022-10-22 17:58:35', NULL, NULL),
(116, 'Дыклоп Э. П.', NULL, NULL, '2022-10-22 17:58:35', NULL, NULL),
(117, 'Дюливье Е. Н.', NULL, NULL, '2022-10-22 17:58:35', NULL, NULL),
(118, 'Егоров Г. Ф.', NULL, NULL, '2022-10-22 17:58:35', NULL, NULL),
(119, 'Елнинский Н. И.', NULL, NULL, '2022-10-22 17:58:35', NULL, NULL),
(120, 'Ерошкин.', NULL, NULL, '2022-10-22 17:58:35', NULL, NULL),
(121, 'Ершов С. А.', NULL, NULL, '2022-10-22 17:58:35', NULL, NULL),
(122, 'Ефимов А. М.', NULL, NULL, '2022-10-22 17:58:35', NULL, NULL),
(123, 'Ефимов С. В.', NULL, NULL, '2022-10-22 17:58:35', NULL, NULL),
(124, 'Жеребцов', NULL, NULL, '2022-10-22 17:58:35', NULL, NULL),
(125, 'Жигарев П. Ф.', NULL, NULL, '2022-10-22 17:58:35', NULL, NULL),
(126, 'Жилинская Е. К.', NULL, NULL, '2022-10-22 17:58:35', NULL, NULL),
(127, 'Заводовский М. Н.', NULL, NULL, '2022-10-22 17:58:35', NULL, NULL),
(128, 'Загонский Е. К.', NULL, NULL, '2022-10-22 17:58:35', NULL, NULL),
(129, 'Зайцев В. М.', NULL, NULL, '2022-10-22 17:58:35', NULL, NULL),
(130, 'Зайцев С. В.', NULL, NULL, '2022-10-22 17:58:35', NULL, NULL),
(131, 'Закревская Е. М.', NULL, NULL, '2022-10-22 17:58:35', NULL, NULL),
(132, 'Заозерский В.', NULL, NULL, '2022-10-22 17:58:35', NULL, NULL),
(133, 'Звероловлев Е.', NULL, NULL, '2022-10-22 17:58:35', NULL, NULL),
(134, 'Звероловлев Т. А.', NULL, NULL, '2022-10-22 17:58:35', NULL, NULL),
(135, 'Золотухин Е. О.', NULL, NULL, '2022-10-22 17:58:35', NULL, NULL),
(136, 'Зон А. А.', NULL, NULL, '2022-10-22 17:58:35', NULL, NULL),
(137, 'Зубовский М. И.', NULL, NULL, '2022-10-22 17:58:35', NULL, NULL),
(138, 'Зубравский К. Ф.', NULL, NULL, '2022-10-22 17:58:35', NULL, NULL),
(139, 'Зюльмаев Г.', NULL, NULL, '2022-10-22 17:58:35', NULL, NULL),
(140, 'Иванов Г.', NULL, NULL, '2022-10-22 17:58:35', NULL, NULL),
(141, 'Иванов М.', NULL, NULL, '2022-10-22 17:58:35', NULL, NULL),
(142, 'Иванов Н. П.', NULL, NULL, '2022-10-22 17:58:35', NULL, NULL),
(143, 'Ивановский', NULL, NULL, '2022-10-22 17:58:35', NULL, NULL),
(144, 'Ивановский Ю.', NULL, NULL, '2022-10-22 17:58:35', NULL, NULL),
(145, 'Игнатович Т.', NULL, NULL, '2022-10-22 17:58:35', NULL, NULL),
(146, 'Иевлев Д. П.', NULL, NULL, '2022-10-22 17:58:35', NULL, NULL),
(147, 'Иннокентий (Левизор)', NULL, NULL, '2022-10-22 17:58:35', NULL, NULL),
(148, 'Иоанникий (казначей Соловецкого монастыря)', NULL, NULL, '2022-10-22 17:58:35', NULL, NULL),
(149, 'Иогансон К. А.', NULL, NULL, '2022-10-22 17:58:35', NULL, NULL),
(150, 'Ионафан (Руднев)', NULL, NULL, '2022-10-22 17:58:35', NULL, NULL),
(151, 'Исихий (Звероловлев)', NULL, NULL, '2022-10-22 17:58:35', NULL, NULL),
(152, 'Июдин И. М.', NULL, NULL, '2022-10-22 17:58:35', NULL, NULL),
(153, 'Июдин Ф. Е.', NULL, NULL, '2022-10-22 17:58:35', NULL, NULL),
(154, 'Калашников К. А.', NULL, NULL, '2022-10-22 17:58:35', NULL, NULL),
(155, 'Каликин В. С.', NULL, NULL, '2022-10-22 17:58:35', NULL, NULL),
(156, 'Канорская Г. Н.', NULL, NULL, '2022-10-22 17:58:35', NULL, NULL),
(157, 'Капица Л. Л.', NULL, NULL, '2022-10-22 17:58:35', NULL, NULL),
(158, 'Карп С. М.', NULL, NULL, '2022-10-22 17:58:35', NULL, NULL),
(159, 'Карпин А. Б.', NULL, NULL, '2022-10-22 17:58:35', NULL, NULL),
(160, 'Карпов', NULL, NULL, '2022-10-22 17:58:35', NULL, NULL),
(161, 'Катун Д. И.', NULL, NULL, '2022-10-22 17:58:35', NULL, NULL),
(162, 'Кацеблин П. И.', NULL, NULL, '2022-10-22 17:58:35', NULL, NULL),
(163, 'Качалов', NULL, NULL, '2022-10-22 17:58:35', NULL, NULL),
(164, 'Качалов П. В.', NULL, NULL, '2022-10-22 17:58:35', NULL, NULL),
(165, 'Качикис А.', NULL, NULL, '2022-10-22 17:58:35', NULL, NULL),
(166, 'Кермик Ф. Х.', NULL, NULL, '2022-10-22 17:58:35', NULL, NULL),
(167, 'Кийскинен А. И.', NULL, NULL, '2022-10-22 17:58:35', NULL, NULL),
(168, 'Киселев Г. И.', NULL, NULL, '2022-10-22 17:58:35', NULL, NULL),
(169, 'Климов А. И.', NULL, NULL, '2022-10-22 17:58:35', NULL, NULL),
(170, 'Клодницкий Г. Э.', NULL, NULL, '2022-10-22 17:58:35', NULL, NULL),
(171, 'Клоковский З. И.', NULL, NULL, '2022-10-22 17:58:35', NULL, NULL),
(172, 'Ключарева А. А.', NULL, NULL, '2022-10-22 17:58:35', NULL, NULL),
(173, 'Кобелев П.', NULL, NULL, '2022-10-22 17:58:35', NULL, NULL),
(174, 'Ковалевский Л. В.', NULL, NULL, '2022-10-22 17:58:35', NULL, NULL),
(175, 'Козлов Т.', NULL, NULL, '2022-10-22 17:58:35', NULL, NULL),
(176, 'Козырев И. И.', NULL, NULL, '2022-10-22 17:58:35', NULL, NULL),
(177, 'Колмовский Л. Н.', NULL, NULL, '2022-10-22 17:58:35', NULL, NULL),
(178, 'Колосенок С. В.', NULL, NULL, '2022-10-22 17:58:35', NULL, NULL),
(179, 'Компанеец Д.', NULL, NULL, '2022-10-22 17:58:35', NULL, NULL),
(180, 'Коненков С. Т.', NULL, NULL, '2022-10-22 17:58:35', NULL, NULL),
(181, 'Коновницын П. П.', NULL, NULL, '2022-10-22 17:58:35', NULL, NULL),
(182, 'Кононов Ф.', NULL, NULL, '2022-10-22 17:58:35', NULL, NULL),
(183, 'Кораблев А. С.', NULL, NULL, '2022-10-22 17:58:35', NULL, NULL),
(184, 'Корндорф А. Ф.', NULL, NULL, '2022-10-22 17:58:35', NULL, NULL),
(185, 'Костюк', NULL, NULL, '2022-10-22 17:58:35', NULL, NULL),
(186, 'Косцепецкий', NULL, NULL, '2022-10-22 17:58:35', NULL, NULL),
(187, 'Краверский А. В.', NULL, NULL, '2022-10-22 17:58:35', NULL, NULL),
(188, 'Кравченко А. И.', NULL, NULL, '2022-10-22 17:58:35', NULL, NULL),
(189, 'Кратц К. О.', NULL, NULL, '2022-10-22 17:58:35', NULL, NULL),
(190, 'Кретковский К. Ф.', NULL, NULL, '2022-10-22 17:58:35', NULL, NULL),
(191, 'Кридин П. В.', NULL, NULL, '2022-10-22 17:58:35', NULL, NULL),
(192, 'Кротова Н. А.', NULL, NULL, '2022-10-22 17:58:35', NULL, NULL),
(193, 'Крохина', NULL, NULL, '2022-10-22 17:58:35', NULL, NULL),
(194, 'Крутяков П. И.', NULL, NULL, '2022-10-22 17:58:35', NULL, NULL),
(195, 'Крылов А. Я.', NULL, NULL, '2022-10-22 17:58:35', NULL, NULL),
(196, 'Крылов Н. М.', NULL, NULL, '2022-10-22 17:58:35', NULL, NULL),
(197, 'Кубагин И', NULL, NULL, '2022-10-22 17:58:35', NULL, NULL),
(198, 'Кудряшов А. П.', NULL, NULL, '2022-10-22 17:58:35', NULL, NULL),
(199, 'Кузьмин', NULL, NULL, '2022-10-22 17:58:35', NULL, NULL),
(200, 'Кузьмин А. Ф.', NULL, NULL, '2022-10-22 17:58:35', NULL, NULL),
(201, 'Куликовский Г. И.', NULL, NULL, '2022-10-22 17:58:35', NULL, NULL),
(202, 'Куткевич А. И.', NULL, NULL, '2022-10-22 17:58:35', NULL, NULL),
(203, 'Кутузов А. А.', NULL, NULL, '2022-10-22 17:58:35', NULL, NULL),
(204, 'Кутузов М. Ф.', NULL, NULL, '2022-10-22 17:58:35', NULL, NULL),
(205, 'Лаварелло М.', NULL, NULL, '2022-10-22 17:58:35', NULL, NULL),
(206, 'Лавров', NULL, NULL, '2022-10-22 17:58:35', NULL, NULL),
(207, 'Ланговой С. В.', NULL, NULL, '2022-10-22 17:58:35', NULL, NULL),
(208, 'Лачинов', NULL, NULL, '2022-10-22 17:58:35', NULL, NULL),
(209, 'Левенштейн М. С.', NULL, NULL, '2022-10-22 17:58:35', NULL, NULL),
(210, 'Леви', NULL, NULL, '2022-10-22 17:58:35', NULL, NULL),
(211, 'Леви М. Ф.', NULL, NULL, '2022-10-22 17:58:35', NULL, NULL),
(212, 'Левин Л. Г.', NULL, NULL, '2022-10-22 17:58:35', NULL, NULL),
(213, 'Лежиев', NULL, NULL, '2022-10-22 17:58:35', NULL, NULL),
(214, 'Лемсен М.', NULL, NULL, '2022-10-22 17:58:35', NULL, NULL),
(215, 'Ленин Н. В.', NULL, NULL, '2022-10-22 17:58:35', NULL, NULL),
(216, 'Ли Ки Ву', NULL, NULL, '2022-10-22 17:58:35', NULL, NULL),
(217, 'Линдгрен А.', NULL, NULL, '2022-10-22 17:58:35', NULL, NULL),
(218, 'Липкин', NULL, NULL, '2022-10-22 17:58:35', NULL, NULL),
(219, 'Логинов', NULL, NULL, '2022-10-22 17:58:35', NULL, NULL),
(220, 'Лузгин В. Н.', NULL, NULL, '2022-10-22 17:58:35', NULL, NULL),
(221, 'Лукас Д.', NULL, NULL, '2022-10-22 17:58:35', NULL, NULL),
(222, 'Лукин И. С.', NULL, NULL, '2022-10-22 17:58:35', NULL, NULL),
(223, 'Лукс К. И.', NULL, NULL, '2022-10-22 17:58:35', NULL, NULL),
(224, 'Львов', NULL, NULL, '2022-10-22 17:58:35', NULL, NULL),
(225, 'Любовина М. Н.', NULL, NULL, '2022-10-22 17:58:35', NULL, NULL),
(226, 'Лядинский Н. П.', NULL, NULL, '2022-10-22 17:58:35', NULL, NULL),
(227, 'Мазуровский Л. А.', NULL, NULL, '2022-10-22 17:58:35', NULL, NULL),
(228, 'Майстерман С. А.', NULL, NULL, '2022-10-22 17:58:35', NULL, NULL),
(229, 'Макаров Г.', NULL, NULL, '2022-10-22 17:58:35', NULL, NULL),
(230, 'Маковская Н. А.', NULL, NULL, '2022-10-22 17:58:35', NULL, NULL),
(231, 'Максимов А. П.', NULL, NULL, '2022-10-22 17:58:35', NULL, NULL),
(232, 'Максимова М.', NULL, NULL, '2022-10-22 17:58:35', NULL, NULL),
(233, 'Максютенко Б. М.', NULL, NULL, '2022-10-22 17:58:35', NULL, NULL),
(234, 'Малокрошечный И. И.', NULL, NULL, '2022-10-22 17:58:35', NULL, NULL),
(235, 'Маминов И. А.', NULL, NULL, '2022-10-22 17:58:35', NULL, NULL),
(236, 'Мареш И. Ф.', NULL, NULL, '2022-10-22 17:58:35', NULL, NULL),
(237, 'Марин Н. М.', NULL, NULL, '2022-10-22 17:58:35', NULL, NULL),
(238, 'Маркконен Э. В.', NULL, NULL, '2022-10-22 17:58:35', NULL, NULL),
(239, 'Марков Г. Н.', NULL, NULL, '2022-10-22 17:58:35', NULL, NULL),
(240, 'Мартьянов А.', NULL, NULL, '2022-10-22 17:58:35', NULL, NULL),
(241, 'Маттилайнен', NULL, NULL, '2022-10-22 17:58:35', NULL, NULL),
(242, 'Мауну', NULL, NULL, '2022-10-22 17:58:35', NULL, NULL),
(243, 'Машаров Ф. Ф.', NULL, NULL, '2022-10-22 17:58:35', NULL, NULL),
(244, 'Мелик-Шахназаров', NULL, NULL, '2022-10-22 17:58:35', NULL, NULL),
(245, 'Мелленберг Э. Ф.', NULL, NULL, '2022-10-22 17:58:35', NULL, NULL),
(246, 'Мемнонов В. В.', NULL, NULL, '2022-10-22 17:58:35', NULL, NULL),
(247, 'Мензенкампф фон Ю.', NULL, NULL, '2022-10-22 17:58:35', NULL, NULL),
(248, 'Меркульев А.', NULL, NULL, '2022-10-22 17:58:35', NULL, NULL),
(249, 'Мертенс В. Ф.', NULL, NULL, '2022-10-22 17:58:35', NULL, NULL),
(250, 'Мешель', NULL, NULL, '2022-10-22 17:58:35', NULL, NULL),
(251, 'Мигаловский К. А.', NULL, NULL, '2022-10-22 17:58:35', NULL, NULL),
(252, 'Мижуев К.', NULL, NULL, '2022-10-22 17:58:35', NULL, NULL),
(253, 'Мизеров М. А.', NULL, NULL, '2022-10-22 17:58:35', NULL, NULL),
(254, 'Миницкий С. И.', NULL, NULL, '2022-10-22 17:58:35', NULL, NULL),
(255, 'Миронков А.', NULL, NULL, '2022-10-22 17:58:35', NULL, NULL),
(256, 'Мнацаканов Г. С.', NULL, NULL, '2022-10-22 17:58:35', NULL, NULL),
(257, 'Морозов М.', NULL, NULL, '2022-10-22 17:58:35', NULL, NULL),
(258, 'Нарин В. Н.', NULL, NULL, '2022-10-22 17:58:35', NULL, NULL),
(259, 'Нафанаил (архимандрит)', NULL, NULL, '2022-10-22 17:58:35', NULL, NULL),
(260, 'Небольсин', NULL, NULL, '2022-10-22 17:58:35', NULL, NULL),
(261, 'Немирович-Данченко Г. А.', NULL, NULL, '2022-10-22 17:58:35', NULL, NULL),
(262, 'нет', NULL, NULL, '2022-10-22 17:58:35', NULL, NULL),
(263, 'Никифоров Е.', NULL, NULL, '2022-10-22 17:58:35', NULL, NULL),
(264, 'Никольский В.', NULL, NULL, '2022-10-22 17:58:35', NULL, NULL),
(265, 'Нобель Л.', NULL, NULL, '2022-10-22 17:58:35', NULL, NULL),
(266, 'Носов М. Н.', NULL, NULL, '2022-10-22 17:58:35', NULL, NULL),
(267, 'Нюгрен К.', NULL, NULL, '2022-10-22 17:58:35', NULL, NULL),
(268, 'Нярвяйнен И. С.', NULL, NULL, '2022-10-22 17:58:35', NULL, NULL),
(269, 'Озеров', NULL, NULL, '2022-10-22 17:58:35', NULL, NULL),
(270, 'Окуньков С. Г.', NULL, NULL, '2022-10-22 17:58:35', NULL, NULL),
(271, 'Ольга Константиновна (королева)', NULL, NULL, '2022-10-22 17:58:35', NULL, NULL),
(272, 'Ольхин', NULL, NULL, '2022-10-22 17:58:35', NULL, NULL),
(273, 'Островский А. Г.', NULL, NULL, '2022-10-22 17:58:35', NULL, NULL),
(274, 'Охотин В.', NULL, NULL, '2022-10-22 17:58:35', NULL, NULL),
(275, 'Охотин К. П.', NULL, NULL, '2022-10-22 17:58:35', NULL, NULL),
(276, 'Ошевенский', NULL, NULL, '2022-10-22 17:58:35', NULL, NULL),
(277, 'Павел (Доброхотов)', NULL, NULL, '2022-10-22 17:58:35', NULL, NULL),
(278, 'Павлов А. П.', NULL, NULL, '2022-10-22 17:58:35', NULL, NULL),
(279, 'Павлов П. П.', NULL, NULL, '2022-10-22 17:58:35', NULL, NULL),
(280, 'Павловский А.', NULL, NULL, '2022-10-22 17:58:35', NULL, NULL),
(281, 'Падорин А. (Крузе Б.)', NULL, NULL, '2022-10-22 17:58:35', NULL, NULL),
(282, 'Палибин А.', NULL, NULL, '2022-10-22 17:58:35', NULL, NULL),
(283, 'Пантелеев С. П.', NULL, NULL, '2022-10-22 17:58:35', NULL, NULL),
(284, 'Парамошков Г. Г.', NULL, NULL, '2022-10-22 17:58:35', NULL, NULL),
(285, 'Парфенов В. М.', NULL, NULL, '2022-10-22 17:58:35', NULL, NULL),
(286, 'Педдер А. Ю.', NULL, NULL, '2022-10-22 17:58:35', NULL, NULL),
(287, 'Пекарская', NULL, NULL, '2022-10-22 17:58:35', NULL, NULL),
(288, 'Пекшуев', NULL, NULL, '2022-10-22 17:58:35', NULL, NULL),
(289, 'Перфильев К. Н.', NULL, NULL, '2022-10-22 17:58:35', NULL, NULL),
(290, 'Петров', NULL, NULL, '2022-10-22 17:58:35', NULL, NULL),
(291, 'Петров Н. В.', NULL, NULL, '2022-10-22 17:58:35', NULL, NULL),
(292, 'Петтай В. Л.', NULL, NULL, '2022-10-22 17:58:35', NULL, NULL),
(293, 'Петухов', NULL, NULL, '2022-10-22 17:58:35', NULL, NULL),
(294, 'Пешаков И.', NULL, NULL, '2022-10-22 17:58:35', NULL, NULL),
(295, 'Пикин М. П.', NULL, NULL, '2022-10-22 17:58:35', NULL, NULL),
(296, 'Пикин Н. Ф.', NULL, NULL, '2022-10-22 17:58:35', NULL, NULL),
(297, 'Пилко Н. Ф.', NULL, NULL, '2022-10-22 17:58:35', NULL, NULL),
(298, 'Пименов Г. Е.', NULL, NULL, '2022-10-22 17:58:35', NULL, NULL),
(299, 'Пименов Е. Г.', NULL, NULL, '2022-10-22 17:58:35', NULL, NULL),
(300, 'Пименова А. Н.', NULL, NULL, '2022-10-22 17:58:35', NULL, NULL),
(301, 'Пипирас А. Д.', NULL, NULL, '2022-10-22 17:58:35', NULL, NULL),
(302, 'Пира Ла Д.', NULL, NULL, '2022-10-22 17:58:36', NULL, NULL),
(303, 'Плесская А. Я.', NULL, NULL, '2022-10-22 17:58:36', NULL, NULL),
(304, 'Подкопаев', NULL, NULL, '2022-10-22 17:58:36', NULL, NULL),
(305, 'Попов А. Ф.', NULL, NULL, '2022-10-22 17:58:36', NULL, NULL),
(306, 'Попов Н. М.', NULL, NULL, '2022-10-22 17:58:36', NULL, NULL),
(307, 'Постоянов В. В.', NULL, NULL, '2022-10-22 17:58:36', NULL, NULL),
(308, 'Правдин И. Ф.', NULL, NULL, '2022-10-22 17:58:36', NULL, NULL),
(309, 'Правдин М. Н.', NULL, NULL, '2022-10-22 17:58:36', NULL, NULL),
(310, 'Преженцов А. П.', NULL, NULL, '2022-10-22 17:58:36', NULL, NULL),
(311, 'Прокконен П. С.', NULL, NULL, '2022-10-22 17:58:36', NULL, NULL),
(312, 'Протасьев Н. В.', NULL, NULL, '2022-10-22 17:58:36', NULL, NULL),
(313, 'Прохоров В. Д.', NULL, NULL, '2022-10-22 17:58:36', NULL, NULL),
(314, 'Прохоров И. Ф.', NULL, NULL, '2022-10-22 17:58:36', NULL, NULL),
(315, 'Прохоров Ф. И.', NULL, NULL, '2022-10-22 17:58:36', NULL, NULL),
(316, 'Прушевский В. Р.', NULL, NULL, '2022-10-22 17:58:36', NULL, NULL),
(317, 'Путин В. В.', NULL, NULL, '2022-10-22 17:58:36', NULL, NULL),
(318, 'Путята В. А.', NULL, NULL, '2022-10-22 17:58:36', NULL, NULL),
(319, 'Пущин И. П.', NULL, NULL, '2022-10-22 17:58:36', NULL, NULL),
(320, 'Рассветов Л.', NULL, NULL, '2022-10-22 17:58:36', NULL, NULL),
(321, 'Ратник К. К.', NULL, NULL, '2022-10-22 17:58:36', NULL, NULL),
(322, 'Ребовский М. Е.', NULL, NULL, '2022-10-22 17:58:36', NULL, NULL),
(323, 'Рейнонен Э. Э.', NULL, NULL, '2022-10-22 17:58:36', NULL, NULL),
(324, 'Рейхардт', NULL, NULL, '2022-10-22 17:58:36', NULL, NULL),
(325, 'Рейхенбах', NULL, NULL, '2022-10-22 17:58:36', NULL, NULL),
(326, 'Рекс Т.', NULL, NULL, '2022-10-22 17:58:36', NULL, NULL),
(327, 'Рогов Г.', NULL, NULL, '2022-10-22 17:58:36', NULL, NULL),
(328, 'Рогозин В. А.', NULL, NULL, '2022-10-22 17:58:36', NULL, NULL),
(329, 'Рожнов', NULL, NULL, '2022-10-22 17:58:36', NULL, NULL),
(330, 'Розенштандт Г.', NULL, NULL, '2022-10-22 17:58:36', NULL, NULL),
(331, 'Романов Н.', NULL, NULL, '2022-10-22 17:58:36', NULL, NULL),
(332, 'Романов С.', NULL, NULL, '2022-10-22 17:58:36', NULL, NULL),
(333, 'Рудницкий А. М.', NULL, NULL, '2022-10-22 17:58:36', NULL, NULL),
(334, 'Русаков П. А.', NULL, NULL, '2022-10-22 17:58:36', NULL, NULL),
(335, 'Русаков А. А.', NULL, NULL, '2022-10-22 17:58:36', NULL, NULL),
(336, 'Рыбин Ф. С.', NULL, NULL, '2022-10-22 17:58:36', NULL, NULL),
(337, 'Рябоевы', NULL, NULL, '2022-10-22 17:58:36', NULL, NULL),
(338, 'Саареля К. А.', NULL, NULL, '2022-10-22 17:58:36', NULL, NULL),
(339, 'Саблин', NULL, NULL, '2022-10-22 17:58:36', NULL, NULL),
(340, 'Савинов', NULL, NULL, '2022-10-22 17:58:36', NULL, NULL),
(341, 'Сарычев А. Т.', NULL, NULL, '2022-10-22 17:58:36', NULL, NULL),
(342, 'Селиверстов М.', NULL, NULL, '2022-10-22 17:58:36', NULL, NULL),
(343, 'Семенов А.', NULL, NULL, '2022-10-22 17:58:36', NULL, NULL),
(344, 'Семенов А. С.', NULL, NULL, '2022-10-22 17:58:36', NULL, NULL),
(345, 'Сергеев И. И. (Иоанн Кронштадтский)', NULL, NULL, '2022-10-22 17:58:36', NULL, NULL),
(346, 'Сетеля Э. Н.', NULL, NULL, '2022-10-22 17:58:36', NULL, NULL),
(347, 'Сигов В. П.', NULL, NULL, '2022-10-22 17:58:36', NULL, NULL),
(348, 'Сидоренко В. В.', NULL, NULL, '2022-10-22 17:58:36', NULL, NULL),
(349, 'Симанов С.', NULL, NULL, '2022-10-22 17:58:36', NULL, NULL),
(350, 'Синисало Г.-Р. Н.', NULL, NULL, '2022-10-22 17:58:36', NULL, NULL),
(351, 'Синцов М. А.', NULL, NULL, '2022-10-22 17:58:36', NULL, NULL),
(352, 'Славинский К. П.', NULL, NULL, '2022-10-22 17:58:36', NULL, NULL),
(353, 'Слепцов А. Ф.', NULL, NULL, '2022-10-22 17:58:36', NULL, NULL),
(354, 'Смирнов И. В.', NULL, NULL, '2022-10-22 17:58:36', NULL, NULL),
(355, 'Смоликова А. А.', NULL, NULL, '2022-10-22 17:58:36', NULL, NULL),
(356, 'Смоликова Е. К.', NULL, NULL, '2022-10-22 17:58:36', NULL, NULL),
(357, 'Смотрич', NULL, NULL, '2022-10-22 17:58:36', NULL, NULL),
(358, 'Собчак М. Я.', NULL, NULL, '2022-10-22 17:58:36', NULL, NULL),
(359, 'Соколова Е. Т.', NULL, NULL, '2022-10-22 17:58:36', NULL, NULL),
(360, 'Сольберг Ф. Г.', NULL, NULL, '2022-10-22 17:58:36', NULL, NULL),
(361, 'Сотикова А. Н.', NULL, NULL, '2022-10-22 17:58:36', NULL, NULL),
(362, 'Спадаренков П.', NULL, NULL, '2022-10-22 17:58:36', NULL, NULL),
(363, 'Сретенский Е. С.', NULL, NULL, '2022-10-22 17:58:36', NULL, NULL),
(364, 'Ставропуло Н.', NULL, NULL, '2022-10-22 17:58:36', NULL, NULL),
(365, 'Стенберг Э.', NULL, NULL, '2022-10-22 17:58:36', NULL, NULL),
(366, 'Стручков Н. С.', NULL, NULL, '2022-10-22 17:58:36', NULL, NULL),
(367, 'Студитов П. В.', NULL, NULL, '2022-10-22 17:58:36', NULL, NULL),
(368, 'Сулимейко', NULL, NULL, '2022-10-22 17:58:36', NULL, NULL),
(369, 'Суханов', NULL, NULL, '2022-10-22 17:58:36', NULL, NULL),
(370, 'Сухонкин В.', NULL, NULL, '2022-10-22 17:58:36', NULL, NULL),
(371, 'Табарданова Г. А.', NULL, NULL, '2022-10-22 17:58:36', NULL, NULL),
(372, 'Танасейчук Г. Я.', NULL, NULL, '2022-10-22 17:58:36', NULL, NULL),
(373, 'Таратайкин Г. В.', NULL, NULL, '2022-10-22 17:58:36', NULL, NULL),
(374, 'Тарле Ц. Д.', NULL, NULL, '2022-10-22 17:58:36', NULL, NULL),
(375, 'Теребухин', NULL, NULL, '2022-10-22 17:58:36', NULL, NULL),
(376, 'Тетерников Ф. К.', NULL, NULL, '2022-10-22 17:58:36', NULL, NULL),
(377, 'Тимофеев', NULL, NULL, '2022-10-22 17:58:36', NULL, NULL),
(378, 'Тимошин Н. М.', NULL, NULL, '2022-10-22 17:58:36', NULL, NULL),
(379, 'Титов Алексей Иванович', NULL, NULL, '2022-10-22 17:58:36', NULL, NULL),
(380, 'Титов П.', NULL, NULL, '2022-10-22 17:58:36', NULL, NULL),
(381, 'Тихонов И. Ф.', NULL, NULL, '2022-10-22 17:58:36', NULL, NULL),
(382, 'Торшилова М.', NULL, NULL, '2022-10-22 17:58:36', NULL, NULL),
(383, 'Троцкая К.', NULL, NULL, '2022-10-22 17:58:36', NULL, NULL),
(384, 'Тулин Д. И.', NULL, NULL, '2022-10-22 17:58:36', NULL, NULL),
(385, 'Тутолмин Т. И.', NULL, NULL, '2022-10-22 17:58:36', NULL, NULL),
(386, 'Ураев Р. Ф.', NULL, NULL, '2022-10-22 17:58:36', NULL, NULL),
(387, 'Успенский В. Л.', NULL, NULL, '2022-10-22 17:58:36', NULL, NULL),
(388, 'Федоров', NULL, NULL, '2022-10-22 17:58:36', NULL, NULL),
(389, 'Федоров Ф.', NULL, NULL, '2022-10-22 17:58:36', NULL, NULL),
(390, 'Фепонов Н. М.', NULL, NULL, '2022-10-22 17:58:36', NULL, NULL),
(391, 'Флигельман', NULL, NULL, '2022-10-22 17:58:36', NULL, NULL),
(392, 'Флодерус Б.', NULL, NULL, '2022-10-22 17:58:36', NULL, NULL),
(393, 'Фогель Ф. Ф.', NULL, NULL, '2022-10-22 17:58:36', NULL, NULL),
(394, 'Форкейн', NULL, NULL, '2022-10-22 17:58:36', NULL, NULL),
(395, 'Франц Р. Я.', NULL, NULL, '2022-10-22 17:58:36', NULL, NULL),
(396, 'Фрибес В. Ф.', NULL, NULL, '2022-10-22 17:58:36', NULL, NULL),
(397, 'Фридриксен Л.', NULL, NULL, '2022-10-22 17:58:36', NULL, NULL),
(398, 'Фридрихсон А. И.', NULL, NULL, '2022-10-22 17:58:36', NULL, NULL),
(399, 'Фролов Б. Г.', NULL, NULL, '2022-10-22 17:58:36', NULL, NULL),
(400, 'Фурсов В.', NULL, NULL, '2022-10-22 17:58:36', NULL, NULL),
(401, 'Харламов Б. В.', NULL, NULL, '2022-10-22 17:58:36', NULL, NULL),
(402, 'Харькин Г. С.', NULL, NULL, '2022-10-22 17:58:36', NULL, NULL),
(403, 'Хлебников С. А.', NULL, NULL, '2022-10-22 17:58:36', NULL, NULL),
(404, 'Ходотов', NULL, NULL, '2022-10-22 17:58:36', NULL, NULL),
(405, 'Холодный М. П.', NULL, NULL, '2022-10-22 17:58:36', NULL, NULL),
(406, 'Холодный П. Я.', NULL, NULL, '2022-10-22 17:58:36', NULL, NULL),
(407, 'Хорошнев Н.', NULL, NULL, '2022-10-22 17:58:36', NULL, NULL),
(408, 'Хультен Э.', NULL, NULL, '2022-10-22 17:58:36', NULL, NULL),
(409, 'Хумек Г. И.', NULL, NULL, '2022-10-22 17:58:36', NULL, NULL),
(410, 'Цвиллинг И. И.', NULL, NULL, '2022-10-22 17:58:36', NULL, NULL),
(411, 'Цибулькин Н. Н.', NULL, NULL, '2022-10-22 17:58:36', NULL, NULL),
(412, 'Цинзерлинг Ю. Д.', NULL, NULL, '2022-10-22 17:58:36', NULL, NULL),
(413, 'Цолан И. И.', NULL, NULL, '2022-10-22 17:58:36', NULL, NULL),
(414, 'Цолнер Ф. Ф.', NULL, NULL, '2022-10-22 17:58:36', NULL, NULL),
(415, 'Цумалья де П.', NULL, NULL, '2022-10-22 17:58:36', NULL, NULL),
(416, 'Чеботарев В. П.', NULL, NULL, '2022-10-22 17:58:36', NULL, NULL),
(417, 'Чепаков П.', NULL, NULL, '2022-10-22 17:58:36', NULL, NULL),
(418, 'Чертов К. А.', NULL, NULL, '2022-10-22 17:58:36', NULL, NULL),
(419, 'Чильман А. О.', NULL, NULL, '2022-10-22 17:58:36', NULL, NULL),
(420, 'Чудинов Л. П.', NULL, NULL, '2022-10-22 17:58:36', NULL, NULL),
(421, 'Чудинов П.', NULL, NULL, '2022-10-22 17:58:36', NULL, NULL),
(422, 'Чужинов И. П.', NULL, NULL, '2022-10-22 17:58:36', NULL, NULL),
(423, 'Шалопанов А. П.', NULL, NULL, '2022-10-22 17:58:36', NULL, NULL),
(424, 'Шамец И. К.', NULL, NULL, '2022-10-22 17:58:36', NULL, NULL),
(425, 'Шанин', NULL, NULL, '2022-10-22 17:58:36', NULL, NULL),
(426, 'Шаноний Д.', NULL, NULL, '2022-10-22 17:58:36', NULL, NULL),
(427, 'Шапошников П.', NULL, NULL, '2022-10-22 17:58:36', NULL, NULL),
(428, 'Швидко Л. А.', NULL, NULL, '2022-10-22 17:58:36', NULL, NULL),
(429, 'Шегельман И. Р.', NULL, NULL, '2022-10-22 17:58:36', NULL, NULL),
(430, 'Шежемский С. В.', NULL, NULL, '2022-10-22 17:58:36', NULL, NULL),
(431, 'Шелюков Ф. С.', NULL, NULL, '2022-10-22 17:58:36', NULL, NULL),
(432, 'Шершед А.', NULL, NULL, '2022-10-22 17:58:36', NULL, NULL),
(433, 'Шехирин С. И.', NULL, NULL, '2022-10-22 17:58:36', NULL, NULL),
(434, 'Шехирина Н. И.', NULL, NULL, '2022-10-22 17:58:36', NULL, NULL),
(435, 'Шипилин', NULL, NULL, '2022-10-22 17:58:36', NULL, NULL),
(436, 'Ширипин М. Е.', NULL, NULL, '2022-10-22 17:58:36', NULL, NULL),
(437, 'Шихалев Ф. М.', NULL, NULL, '2022-10-22 17:58:36', NULL, NULL),
(438, 'Шишов А. Н.', NULL, NULL, '2022-10-22 17:58:36', NULL, NULL),
(439, 'Шишов Е. Н.', NULL, NULL, '2022-10-22 17:58:36', NULL, NULL),
(440, 'Шкурбало В. М.', NULL, NULL, '2022-10-22 17:58:36', NULL, NULL),
(441, 'Шмейс', NULL, NULL, '2022-10-22 17:58:36', NULL, NULL),
(442, 'Шмидт Я. К.', NULL, NULL, '2022-10-22 17:58:36', NULL, NULL),
(443, 'Штейнзат Е. С.', NULL, NULL, '2022-10-22 17:58:36', NULL, NULL),
(444, 'Шубников', NULL, NULL, '2022-10-22 17:58:36', NULL, NULL),
(445, 'Щелкунов', NULL, NULL, '2022-10-22 17:58:36', NULL, NULL),
(446, 'Эльснер', NULL, NULL, '2022-10-22 17:58:36', NULL, NULL),
(447, 'Эркко Ю. Ю.', NULL, NULL, '2022-10-22 17:58:36', NULL, NULL),
(448, 'Ягор Ж. К.', NULL, NULL, '2022-10-22 17:58:36', NULL, NULL),
(449, 'Ярышев', NULL, NULL, '2022-10-22 17:58:36', NULL, NULL),
(450, 'Яскунов С. М.', NULL, NULL, '2022-10-22 17:58:36', NULL, NULL),
(451, 'Ястребов А.', NULL, NULL, '2022-10-22 17:58:36', NULL, NULL),
(452, 'Ятцеров П. Г.', NULL, NULL, '2022-10-22 17:58:36', NULL, NULL),
(453, 'test', NULL, NULL, '2022-11-01 00:59:26', NULL, NULL),
(454, 'тестирование', NULL, NULL, '2022-11-01 20:43:44', NULL, NULL),
(455, 'test2', NULL, NULL, '2022-11-01 21:42:32', NULL, NULL),
(456, 'testik', NULL, NULL, '2022-11-01 21:51:37', NULL, NULL),
(457, 'qwert', '', NULL, '2022-11-01 23:08:44', NULL, NULL),
(458, 'qwerty123', '123456890', NULL, '2022-11-01 23:17:46', NULL, NULL),
(459, 'qwertyasdfgzx', NULL, NULL, '2022-11-03 00:22:32', NULL, NULL);

-- --------------------------------------------------------

--
-- Структура таблицы `persons_test`
--

CREATE TABLE `persons_test` (
  `id` int NOT NULL,
  `old` text COLLATE utf8mb4_unicode_ci NOT NULL,
  `new` text COLLATE utf8mb4_unicode_ci NOT NULL
) ENGINE=InnoDB DEFAULT CHARSET=utf8mb4 COLLATE=utf8mb4_unicode_ci;

--
-- Дамп данных таблицы `persons_test`
--

INSERT INTO `persons_test` (`id`, `old`, `new`) VALUES
(1, 'Абросимов П. П.', 'Абросимов П. П.'),
(2, 'Авзотис Г.', 'Авзотис Г.'),
(3, 'Аглицкий Г. А.', 'Аглицкий Г. А.'),
(4, 'Агню Д.', 'Агню Д.'),
(5, 'Адамович С. М.', 'Адамович С. М.'),
(6, 'Александров', 'Александров'),
(7, 'Алешин', 'Алешин'),
(8, 'Алешина А. Б.', 'Алешина А. Б.'),
(9, 'Альперович Б. С.', 'Альперович Б. С.'),
(10, 'Альшванг А. А.', 'Альшванг А. А.'),
(11, 'Андреев Н.', 'Андреев Н.'),
(12, 'Андреев С.', 'Андреев С.'),
(13, 'Андреева Н.', 'Андреева Н.'),
(14, 'Андрианов Н. Н.', 'Андрианов Н. Н.'),
(15, 'Антоновский', 'Антоновский'),
(16, 'Аргатов И. И.', 'Аргатов И. И.'),
(17, 'Аркадий (Федоров)', 'Аркадий (Федоров)'),
(18, 'Арсеньев Ю. К.', 'Арсеньев Ю. К.'),
(19, 'Архипова П. Е.', 'Архипова П. Е.'),
(20, 'Афанасьев А. А.', 'Афанасьев А. А.'),
(21, 'Базегский П. И.', 'Базегский П. И.'),
(22, 'Байков Ф.', 'Байков Ф.'),
(23, 'Бакланов Ю. П.', 'Бакланов Ю. П.'),
(24, 'Баландин Т. В.', 'Баландин Т. В.'),
(25, 'Баралл П.', 'Баралл П.'),
(26, 'Баранов Д. О.', 'Баранов Д. О.'),
(27, 'Баранцов А. П.', 'Баранцов А. П.'),
(28, 'Барбашин В. Б.', 'Барбашин В. Б.'),
(29, 'Басинский', 'Басинский'),
(30, 'Башев П. А.', 'Башев П. А.'),
(31, 'Башева А. М.', 'Башева А. М.'),
(32, 'Бек', 'Аркадий (Федоров)'),
(33, 'Белиловский К. А.', 'Белиловский К. А.'),
(34, 'Беляев А. П.', 'Беляев А. П.'),
(35, 'Беляев И. С.', 'Беляев И. С.'),
(36, 'Беляков С. М.', 'Беляков С. М.'),
(37, 'Бенкендорф А. Х.', 'Бенкендорф А. Х.'),
(38, 'Березин', 'Березин'),
(39, 'Бесов', 'Бесов'),
(40, 'Беспальчев А. Ф.', 'Беспальчев А. Ф.'),
(41, 'Благородченков', 'Благородченков'),
(42, 'Блау', 'Блау'),
(43, 'Блок А. А.', 'Блок А. А.'),
(44, 'Бобринский А. А.', 'Бобринский А. А.'),
(45, 'Богданов В.', 'Богданов В.'),
(46, 'Богданов В. Н.', 'Богданов В. Н.'),
(47, 'Богданов М.', 'Богданов М.'),
(48, 'Богданов П.', 'Богданов П.'),
(49, 'Болотников И. М.', 'Болотников И. М.'),
(50, 'Большаков И. П.', 'Большаков И. П.'),
(51, 'Бонбин П.', 'Бонбин П.'),
(52, 'Бржеский В. Ч.', 'Бржеский В. Ч.'),
(53, 'Бронштейн А. Л.', 'Бронштейн А. Л.'),
(54, 'Вавилов Г.А.', 'Вавилов Г. А.'),
(55, 'Вагнер', 'Вагнер'),
(56, 'Валентик И. Я.', 'Валентик И. Я.'),
(57, 'Варзугин Н. П.', 'Варзугин Н. П.'),
(58, 'Вашингтон Д.', 'Вашингтон Д.'),
(59, 'Введенский А. И.', 'Введенский А. И.'),
(60, 'Венберг М.', 'Венберг М.'),
(61, 'Венустов В.', 'Венустов В.'),
(62, 'Вержбицкий', 'Вержбицкий'),
(63, 'Вилларский', 'Вилларский'),
(64, 'Вильчевский Э.', 'Вильчевский Э.'),
(65, 'Владимир Александрович (великий князь)', 'Владимир Александрович (великий князь)'),
(66, 'Власов С.', 'Власов С.'),
(67, 'Воздвиженский В.', 'Воздвиженский В.'),
(68, 'Волейко В. Ф.', 'Волейко В. Ф.'),
(69, 'Волков', 'Волков'),
(70, 'Володзко Г. Ю.', 'Володзко Г. Ю.'),
(71, 'Воронов В. Ф', 'Воронов В. Ф.'),
(72, 'Воронов Ф. В.', 'Воронов Ф. В.'),
(73, 'Воскресенский А', 'Воскресенский А.'),
(74, 'Воскресенский В.', 'Воскресенский В.'),
(75, 'Воскресенский П. А.', 'Воскресенский П. А.'),
(76, 'Вяземский С. А.', 'Вяземский С. А.'),
(77, 'Гаврилов П. И.', 'Гаврилов П. И.'),
(78, 'Гайдебуров П. П.', 'Гайдебуров П. П.'),
(79, 'Галченко', 'Галченко'),
(80, 'Гарш А. Ф.', 'Гарш А. Ф.'),
(81, 'Гарязин А. Л.', 'Гарязин А. Л.'),
(82, 'Герасим (Ионин)', 'Герасим (Ионин)'),
(83, 'Герцев А. И.', 'Герцев А. И.'),
(84, 'Гершанович Д. Г.', 'Гершанович Д. Г.'),
(85, 'Гиппиев Н. Г. (Лайне Н.)', 'Гиппиев Н. Г. (Лайне Н.)'),
(86, 'Глиноецкий Г. П.', 'Глиноецкий Г. П.'),
(87, 'Глушковский Ю. В.', 'Глушковский Ю. В.'),
(88, 'Голубева Г', 'Голубева Г.'),
(89, 'Гончаревский А. К.', 'Гончаревский А. К.'),
(90, 'Готман М. Ф.', 'Готман М. Ф.'),
(91, 'Грамицарис А.', 'Грамицарис А.'),
(92, 'Граммати Е. Е.', 'Граммати Е. Е.'),
(93, 'Грибанов В. В.', 'Грибанов В. В.'),
(94, 'Григорьев Г. Г.', 'Григорьев Г. Г.'),
(95, 'Григорьева Е. С.', 'Григорьева Е. С.'),
(96, 'Громов И. Ф.', 'Громов И. Ф.'),
(97, 'Громов П.', 'Громов П.'),
(98, 'Гручин М. И.', 'Гручин М. И.'),
(99, 'Гюнтер К. К.', 'Гюнтер К. К.'),
(100, 'Данилов Т.', 'Данилов Т.'),
(101, 'Дашков А. В.', 'Дашков А. В.'),
(102, 'Дворжицкий К. А.', 'Дворжицкий К. А.'),
(103, 'де Д.', ''),
(104, 'де П.', ''),
(105, 'Девяткин В. В.', 'Девяткин В. В.'),
(106, 'Дейхман Я. П.', 'Дейхман Я. П.'),
(107, 'Де-Ливрон А. А.', 'Де-Ливрон А. А.'),
(108, 'дементьев П. В.', 'Дементьев П. В.'),
(109, 'Денисова А. Ф.', 'Денисова А. Ф.'),
(110, 'Дингельштедт Ф.', 'Дингельштедт Ф.'),
(111, 'Добре К.', 'Добре К.'),
(112, 'Докучаев-Басков К. А.', 'Докучаев-Басков К. А.'),
(113, 'Долгов И.', 'Долгов И.'),
(114, 'Дорофеев Я.', 'Дорофеев Я.'),
(115, 'Драницын', 'Драницын'),
(116, 'Друзин М. М.', 'Друзин М. М.'),
(117, 'Дуденков В. Д.', 'Дуденков В. Д.'),
(118, 'Дункен', 'Дункен'),
(119, 'Дыклоп Э. П.', 'Дыклоп Э. П.'),
(120, 'Дюливье Е. Н.', 'Дюливье Е. Н.'),
(121, 'Егоров Г. Ф.', 'Егоров Г. Ф.'),
(122, 'Елнинский Н. И.', 'Елнинский Н. И.'),
(123, 'Ерошкин.', 'Ерошкин.'),
(124, 'Ершов С. А.', 'Ершов С. А.'),
(125, 'Ефимов А. М.', 'Ефимов А. М.'),
(126, 'Ефимов С. В.', 'Ефимов С. В.'),
(127, 'Жеребцов', 'Жеребцов'),
(128, 'Жигарев П. Ф.', 'Жигарев П. Ф.'),
(129, 'Жилинская Е. К.', 'Жилинская Е. К.'),
(130, 'Заводовский М. Н.', 'Заводовский М. Н.'),
(131, 'Загонский Е. К.', 'Загонский Е. К.'),
(132, 'Зайцев В. М.', 'Зайцев В. М.'),
(133, 'Зайцев С. В.', 'Зайцев С. В.'),
(134, 'Закревская Е. М.', 'Закревская Е. М.'),
(135, 'Заозерский В.', 'Заозерский В.'),
(136, 'Звероловлев Е.', 'Звероловлев Е.'),
(137, 'Звероловлев Т. А.', 'Звероловлев Т. А.'),
(138, 'Золотухин Е. О.', 'Золотухин Е. О.'),
(139, 'Зон А. А.', 'Зон А. А.'),
(140, 'Зубовский М. И.', 'Зубовский М. И.'),
(141, 'Зубравский К. Ф.', 'Зубравский К. Ф.'),
(142, 'Зюльмаев Г.', 'Зюльмаев Г.'),
(143, 'Иванов Г.', 'Иванов Г.'),
(144, 'Иванов М.', 'Иванов М.'),
(145, 'Иванов Н. П.', 'Иванов Н. П.'),
(146, 'Ивановский', 'Ивановский'),
(147, 'Ивановский Ю.', 'Ивановский Ю.'),
(148, 'Игнатович Т.', 'Игнатович Т.'),
(149, 'Иевлев Д. П.', 'Иевлев Д. П.'),
(150, 'Иннокентий (Левизор)', 'Иннокентий (Левизор)'),
(151, 'Иоанникий (казначей Соловецкого монастыря)', 'Иоанникий (казначей Соловецкого монастыря)'),
(152, 'Иоганскон К.', 'Иогансон К. А.'),
(153, 'Иогансон К.', 'Иогансон К. А.'),
(154, 'Ионафан (Руднев)', 'Ионафан (Руднев)'),
(155, 'Исихий (Звероловлев)', 'Исихий (Звероловлев)'),
(156, 'Июдин И. М.', 'Июдин И. М.'),
(157, 'Июдин Ф. Е.', 'Июдин Ф. Е.'),
(158, 'Калашников К. А.', 'Калашников К. А.'),
(159, 'Каликин В. С.', 'Каликин В. С.'),
(160, 'Калинин А.', 'Ионафан (Руднев)'),
(161, 'Канорская Г. Н.', 'Канорская Г. Н.'),
(162, 'Капица Л. Л.', 'Капица Л. Л.'),
(163, 'Карп С. М.', 'Карп С. М.'),
(164, 'Карпин А. Б.', 'Карпин А. Б.'),
(165, 'Карпов', 'Карпов'),
(166, 'Катун Д. И.', 'Катун Д. И.'),
(167, 'Кацеблин П. И.', 'Кацеблин П. И.'),
(168, 'Качалов', 'Качалов'),
(169, 'Качалов П. В.', 'Качалов П. В.'),
(170, 'Качикис А.', 'Качикис А.'),
(171, 'Кермик Ф. Х.', 'Кермик Ф. Х.'),
(172, 'Кийскинен А. И.', 'Кийскинен А. И.'),
(173, 'Киселев Г. И.', 'Киселев Г. И.'),
(174, 'Климов А. И.', 'Климов А. И.'),
(175, 'Клодницкий Г. Э.', 'Клодницкий Г. Э.'),
(176, 'Клоковский З. И.', 'Клоковский З. И.'),
(177, 'Ключарева А. А.', 'Ключарева А. А.'),
(178, 'Кобелев П.', 'Кобелев П.'),
(179, 'Ковалевский Л. В.', 'Ковалевский Л. В.'),
(180, 'Козлов Т.', 'Козлов Т.'),
(181, 'Козырев И. И.', 'Козырев И. И.'),
(182, 'Колмовский Л. Н.', 'Колмовский Л. Н.'),
(183, 'Колосенок С. В.', 'Колосенок С. В.'),
(184, 'Компанеец Д', 'Компанеец Д.'),
(185, 'Коненков С. Т.', 'Коненков С. Т.'),
(186, 'Коновницын П. П.', 'Коновницын П. П.'),
(187, 'Кононов Ф.', 'Кононов Ф.'),
(188, 'Кораблев А. С.', 'Кораблев А. С.'),
(189, 'Корндорф А. Ф.', 'Корндорф А. Ф.'),
(190, 'Костюк', 'Костюк'),
(191, 'Косцепецкий', 'Косцепецкий'),
(192, 'Краверский А. В.', 'Краверский А. В.'),
(193, 'Кравченко А. И.', 'Кравченко А. И.'),
(194, 'Кратц К. О.', 'Кратц К. О.'),
(195, 'Кретковский К. Ф.', 'Кретковский К. Ф.'),
(196, 'Кридин П. В.', 'Кридин П. В.'),
(197, 'Кротова Н. А.', 'Кротова Н. А.'),
(198, 'Крохина', 'Крохина'),
(199, 'Крутяков П. И.', 'Крутяков П. И.'),
(200, 'Крылов А. Я.', 'Крылов А. Я.'),
(201, 'Крылов Н. М.', 'Крылов Н. М.'),
(202, 'Кубагин И', 'Кубагин И'),
(203, 'Кудряшов А. П.', 'Кудряшов А. П.'),
(204, 'Кузьмин', 'Кузьмин'),
(205, 'Кузьмин А. Ф.', 'Кузьмин А. Ф.'),
(206, 'Куликовский Г. И.', 'Куликовский Г. И.'),
(207, 'Куткевич А. И.', 'Куткевич А. И.'),
(208, 'Кутузов А. А.', 'Кутузов А. А.'),
(209, 'Кутузов М. Ф.', 'Кутузов М. Ф.'),
(210, 'Лаварелло М.', 'Лаварелло М.'),
(211, 'Лавров', 'Лавров'),
(212, 'Ланговой С. В.', 'Ланговой С. В.'),
(213, 'Лачинов', 'Лачинов'),
(214, 'Левенштейн М. С.', 'Левенштейн М. С.'),
(215, 'Леви', 'Леви'),
(216, 'Леви М. Ф.', 'Леви М. Ф.'),
(217, 'Левин Л. Г.', 'Левин Л. Г.'),
(218, 'Лежиев', 'Лежиев'),
(219, 'Лемсен М.', 'Лемсен М.'),
(220, 'Ленин Н. В.', 'Ленин Н. В.'),
(221, 'Ли Ки Ву', 'Ли Ки Ву'),
(222, 'Линдгрен А.', 'Линдгрен А.'),
(223, 'Липкин', 'Липкин'),
(224, 'Логинов', 'Логинов'),
(225, 'Лузгин В. Н.', 'Лузгин В. Н.'),
(226, 'Лукас Д.', 'Лукас Д.'),
(227, 'Лукин И. С.', 'Лукин И. С.'),
(228, 'Лукс К. И.', 'Лукс К. И.'),
(229, 'Львов', 'Львов'),
(230, 'Любовина М. Н.', 'Любовина М. Н.'),
(231, 'Лядинский Н. П.', 'Лядинский Н. П.'),
(232, 'Мазуровский Л. А.', 'Мазуровский Л. А.'),
(233, 'Майстерман С. А.', 'Майстерман С. А.'),
(234, 'Макаров Г.', 'Макаров Г.'),
(235, 'Маковская Н. А.', 'Маковская Н. А.'),
(236, 'Максимов А. П.', 'Максимов А. П.'),
(237, 'Максимова М.', 'Максимова М.'),
(238, 'Максютенко Б. М.', 'Максютенко Б. М.'),
(239, 'Малокрошечный И. И.', 'Малокрошечный И. И.'),
(240, 'Маминов И. А.', 'Маминов И. А.'),
(241, 'Мареш И. Ф.', 'Мареш И. Ф.'),
(242, 'Марин Н. М.', 'Марин Н. М.'),
(243, 'Маркконен Э. В.', 'Маркконен Э. В.'),
(244, 'Марков Г. Н.', 'Марков Г. Н.'),
(245, 'Мартьянов А.', 'Мартьянов А.'),
(246, 'Маттилайнен', 'Маттилайнен'),
(247, 'Мауну', 'Мауну'),
(248, 'Машаров Ф. Ф.', 'Машаров Ф. Ф.'),
(249, 'Мелик-Шахназаров', 'Мелик-Шахназаров'),
(250, 'Мелленберг Э. Ф.', 'Мелленберг Э. Ф.'),
(251, 'Мемнонов В. В.', 'Мемнонов В. В.'),
(252, 'Мензенкампф фон Ю.', 'Мензенкампф фон Ю.'),
(253, 'Меркульев А.', 'Меркульев А.'),
(254, 'Мертенс В. Ф.', 'Мертенс В. Ф.'),
(255, 'Мешель', 'Мешель'),
(256, 'Мигаловский К. А.', 'Мигаловский К. А.'),
(257, 'Мижуев К.', 'Мижуев К.'),
(258, 'Мизеров М. А.', 'Мизеров М. А.'),
(259, 'Миницкий С. И.', 'Миницкий С. И.'),
(260, 'Миронков А.', 'Миронков А.'),
(261, 'Мнацаканов Г. С.', 'Мнацаканов Г. С.'),
(262, 'Морозов М.', 'Морозов М.'),
(263, 'Нарин В. Н.', 'Нарин В. Н.'),
(264, 'Нафанаил (архимандрит)', 'Нафанаил (архимандрит)'),
(265, 'Небольсин', 'Небольсин'),
(266, 'Немирович-Данченко Г. А.', 'Немирович-Данченко Г. А.'),
(267, 'нет', 'нет'),
(268, 'Никифоров Е.', 'Никифоров Е.'),
(269, 'Никольский В.', 'Никольский В.'),
(270, 'Нобель Л.', 'Нобель Л.'),
(271, 'Носов М. Н.', 'Носов М. Н.'),
(272, 'Нюгрен К.', 'Нюгрен К.'),
(273, 'Нярвяйнен И. С.', 'Нярвяйнен И. С.'),
(274, 'Озеров', 'Озеров'),
(275, 'Окуньков С. Г.', 'Окуньков С. Г.'),
(276, 'Ольга Константиновна (королева)', 'Ольга Константиновна (королева)'),
(277, 'ольхин', 'Ольхин'),
(278, 'Островский А. Г.', 'Островский А. Г.'),
(279, 'Охотин В.', 'Охотин В.'),
(280, 'Охотин К. П.', 'Охотин К. П.'),
(281, 'Ошевенский', 'Ошевенский'),
(282, 'Павел (Доброхотов)', 'Павел (Доброхотов)'),
(283, 'Павлов А. П.', 'Павлов А. П.'),
(284, 'Павлов П. П.', 'Павлов П. П.'),
(285, 'Павловский А.', 'Павловский А.'),
(286, 'Падорин А. (Крузе Б.)', 'Падорин А. (Крузе Б.)'),
(287, 'Палибин А.', 'Палибин А.'),
(288, 'Пантелеев С. П.', 'Пантелеев С. П.'),
(289, 'Парамошков Г. Г.', 'Парамошков Г. Г.'),
(290, 'Парфенов В. М.', 'Парфенов В. М.'),
(291, 'Педдер А. Ю.', 'Педдер А. Ю.'),
(292, 'Пекарская', 'Пекарская'),
(293, 'Пекшуев', 'Пекшуев'),
(294, 'Перфильев К. Н.', 'Перфильев К. Н.'),
(295, 'Петров', 'Петров'),
(296, 'Петров Н. В.', 'Петров Н. В.'),
(297, 'Петтай В. Л.', 'Петтай В. Л.'),
(298, 'Петухов', 'Петухов'),
(299, 'Пешаков И.', 'Пешаков И.'),
(300, 'Пикин М. П.', 'Пикин М. П.'),
(301, 'Пикин Н. Ф.', 'Пикин Н. Ф.'),
(302, 'Пилко Н. Ф.', 'Пилко Н. Ф.'),
(303, 'Пименов Г. Е.', 'Пименов Г. Е.'),
(304, 'Пименов Е. Г.', 'Пименов Е. Г.'),
(305, 'Пименова А. Н.', 'Пименова А. Н.'),
(306, 'Пипирас А. Д.', 'Пипирас А. Д.'),
(307, 'Пира', 'Пира Ла Д.'),
(308, 'Плесская А. Я.', 'Плесская А. Я.'),
(309, 'Подкопаев', 'Подкопаев'),
(310, 'Попов А. Ф.', 'Попов А. Ф.'),
(311, 'Попов Н. М.', 'Попов Н. М.'),
(312, 'Постельников', 'Плесская А. Я.'),
(313, 'Постоянов В. В.', 'Постоянов В. В.'),
(314, 'Правдин И. Ф.', 'Правдин И. Ф.'),
(315, 'Правдин М. Н.', 'Правдин М. Н.'),
(316, 'Преженцов А. П.', 'Преженцов А. П.'),
(317, 'Прокконен П. С.', 'Прокконен П. С.'),
(318, 'Протасьев Н. В.', 'Протасьев Н. В.'),
(319, 'Прохоров В. Д.', 'Прохоров В. Д.'),
(320, 'прохоров И. Ф.', 'Прохоров И. Ф.'),
(321, 'Прохоров Ф. И.', 'Прохоров Ф. И.'),
(322, 'Прушевский В. Р.', 'Прушевский В. Р.'),
(323, 'Путин В. В.', 'Путин В. В.'),
(324, 'Путята В. А.', 'Путята В. А.'),
(325, 'Пущин И. П.', 'Пущин И. П.'),
(326, 'Рассветов Л.', 'Рассветов Л.'),
(327, 'Ратник К. К.', 'Ратник К. К.'),
(328, 'Ребовский М. Е.', 'Ребовский М. Е.'),
(329, 'Рейнонен Э. Э.', 'Рейнонен Э. Э.'),
(330, 'Рейхардт', 'Рейхардт'),
(331, 'Рейхенбах', 'Рейхенбах'),
(332, 'Рекс Т.', 'Рекс Т.'),
(333, 'Рогов Г.', 'Рогов Г.'),
(334, 'Рогозин В. А.', 'Рогозин В. А.'),
(335, 'Рожнов', 'Рожнов'),
(336, 'Розенштандт Г.', 'Розенштандт Г.'),
(337, 'Романов Н.', 'Романов Н.'),
(338, 'Романов С.', 'Романов С.'),
(339, 'Рудницкий А. М.', 'Рудницкий А. М.'),
(340, 'Русаков П. А.', 'Русаков П. А.'),
(341, 'Русаокв А. А.', 'Русаков А. А.'),
(342, 'Рыбин Ф. С.', 'Рыбин Ф. С.'),
(343, 'Рябоевы', 'Рябоевы'),
(344, 'Саареля К. А.', 'Саареля К. А.'),
(345, 'Саблин', 'Саблин'),
(346, 'Савинов', 'Савинов'),
(347, 'Сарычев А. Т.', 'Сарычев А. Т.'),
(348, 'Селиверстов М.', 'Селиверстов М.'),
(349, 'Семенов А.', 'Семенов А.'),
(350, 'Семенов А. С.', 'Семенов А. С.'),
(351, 'Сергеев И. И. (Иоанн Кронштадтский)', 'Сергеев И. И. (Иоанн Кронштадтский)'),
(352, 'Сергеев И.И. (Иоанн Кроштадтский)', 'Сергеев И. И. (Иоанн Кронштадтский)'),
(353, 'Сетеля Э. Н.', 'Сетеля Э. Н.'),
(354, 'Сигов В. П.', 'Сигов В. П.'),
(355, 'Сидоренко В. В.', 'Сидоренко В. В.'),
(356, 'Симанов С.', 'Симанов С.'),
(357, 'Синисало Г.-Р. Н.', 'Синисало Г.-Р. Н.'),
(358, 'Синцов М. А.', 'Синцов М. А.'),
(359, 'Славинский К. П.', 'Славинский К. П.'),
(360, 'Слепцов А. Ф.', 'Слепцов А. Ф.'),
(361, 'Смирнов И. В.', 'Смирнов И. В.'),
(362, 'Смоликова А. А.', 'Смоликова А. А.'),
(363, 'Смоликова Е. К.', 'Смоликова Е. К.'),
(364, 'Смотрич', 'Смотрич'),
(365, 'Собчак М. Я.', 'Собчак М. Я.'),
(366, 'Соколова Е. Т.', 'Соколова Е. Т.'),
(367, 'Сольберг Ф. Г.', 'Сольберг Ф. Г.'),
(368, 'Сотикова А. Н.', 'Сотикова А. Н.'),
(369, 'Спадаренков П.', 'Спадаренков П.'),
(370, 'Сретенский Е. С.', 'Сретенский Е. С.'),
(371, 'Ставропуло Н.', 'Ставропуло Н.'),
(372, 'Стенберг Э.', 'Стенберг Э.'),
(373, 'Стручков Н. С.', 'Стручков Н. С.'),
(374, 'Студитов П. В.', 'Студитов П. В.'),
(375, 'Сулимейко', 'Сулимейко'),
(376, 'Суханов', 'Суханов'),
(377, 'Сухонкин В.', 'Сухонкин В.'),
(378, 'Табарданова Г. А.', 'Табарданова Г. А.'),
(379, 'Танасейчук Г. Я.', 'Танасейчук Г. Я.'),
(380, 'Таратайкин Г. В.', 'Таратайкин Г. В.'),
(381, 'Тарле Ц. Д.', 'Тарле Ц. Д.'),
(382, 'Теребухин', 'Теребухин'),
(383, 'Тетерников Ф. К.', 'Тетерников Ф. К.'),
(384, 'Тимофеев', 'Тимофеев'),
(385, 'Тимошин Н. М.', 'Тимошин Н. М.'),
(386, 'Титов Алексей Иванович', 'Титов Алексей Иванович'),
(387, 'Титов П.', 'Титов П.'),
(388, 'Тихонов И. Ф.', 'Тихонов И. Ф.'),
(389, 'Торшилова М.', 'Торшилова М.'),
(390, 'Троцкая К.', 'Троцкая К.'),
(391, 'Тулин Д. И.', 'Тулин Д. И.'),
(392, 'Тутолмин Т. И.', 'Тутолмин Т. И.'),
(393, 'Ураев Р. Ф.', 'Ураев Р. Ф.'),
(394, 'Успенский В. Л.', 'Успенский В. Л.'),
(395, 'Федоров', 'Федоров'),
(396, 'Федоров Ф.', 'Федоров Ф.'),
(397, 'Фепонов Н. М.', 'Фепонов Н. М.'),
(398, 'Флигельман', 'Флигельман'),
(399, 'Флодерус Б.', 'Флодерус Б.'),
(400, 'Фогель Ф. Ф.', 'Фогель Ф. Ф.'),
(401, 'Форкейн', 'Форкейн'),
(402, 'Франц Р. Я.', 'Франц Р. Я.'),
(403, 'Фрибес В. Ф.', 'Фрибес В. Ф.'),
(404, 'Фридриксен Л.', 'Фридриксен Л.'),
(405, 'Фридрихсон А. И.', 'Фридрихсон А. И.'),
(406, 'Фролов Б. Г.', 'Фролов Б. Г.'),
(407, 'Фурсов В.', 'Фурсов В.'),
(408, 'Харламов Б. В.', 'Харламов Б. В.'),
(409, 'Харькин Г. С.', 'Харькин Г. С.'),
(410, 'Хлебников С. А.', 'Хлебников С. А.'),
(411, 'Ходотов', 'Ходотов'),
(412, 'Холодный М. П.', 'Холодный М. П.'),
(413, 'Холодный П. Я.', 'Холодный П. Я.'),
(414, 'Хорошнев Н.', 'Хорошнев Н.'),
(415, 'Хультен Э.', 'Хультен Э.'),
(416, 'Хумек Г. И.', 'Хумек Г. И.'),
(417, 'Цвиллинг И. И.', 'Цвиллинг И. И.'),
(418, 'Цибулькин Н. Н.', 'Цибулькин Н. Н.'),
(419, 'Цинзерлинг Ю. Д.', 'Цинзерлинг Ю. Д.'),
(420, 'Цолан И. И.', 'Цолан И. И.'),
(421, 'Цолнер Ф. Ф.', 'Цолнер Ф. Ф.'),
(422, 'Цумалья', 'Цумалья де П.'),
(423, 'Чеботарев В. П.', 'Чеботарев В. П.'),
(424, 'Чепаков П.', 'Чепаков П.'),
(425, 'Чертов К. А.', 'Чертов К. А.'),
(426, 'Чильман А. О.', 'Чильман А. О.'),
(427, 'Чудинов Л. П.', 'Чудинов Л. П.'),
(428, 'Чудинов П.', 'Чудинов П.'),
(429, 'Чужинов И. П.', 'Чужинов И. П.'),
(430, 'Шалопанов А. П.', 'Шалопанов А. П.'),
(431, 'Шамец И. К.', 'Шамец И. К.'),
(432, 'Шанин', 'Шанин'),
(433, 'Шаноний Д.', 'Шаноний Д.'),
(434, 'Шапошников П.', 'Шапошников П.'),
(435, 'Швидко Л. А.', 'Швидко Л. А.'),
(436, 'Шегельман И. Р.', 'Шегельман И. Р.'),
(437, 'Шежемский С. В.', 'Шежемский С. В.'),
(438, 'Шелюков Ф. С.', 'Шелюков Ф. С.'),
(439, 'Шершед А.', 'Шершед А.'),
(440, 'Шехирин С. И.', 'Шехирин С. И.'),
(441, 'Шехирина Н. И.', 'Шехирина Н. И.'),
(442, 'Шипилин', 'Шипилин'),
(443, 'Ширипин М. Е.', 'Ширипин М. Е.'),
(444, 'Шихалев Ф. М.', 'Шихалев Ф. М.'),
(445, 'Шишов А. Н.', 'Шишов А. Н.'),
(446, 'Шишов Е. Н.', 'Шишов Е. Н.'),
(447, 'Шкурбало В. М.', 'Шкурбало В. М.'),
(448, 'Шмейс', 'Шмейс'),
(449, 'Шмидт Я. К.', 'Шмидт Я. К.'),
(450, 'Штейнзат Е. С.', 'Штейнзат Е. С.'),
(451, 'Шубников', 'Шубников'),
(452, 'Щелкунов', 'Щелкунов'),
(453, 'Эльснер', 'Эльснер'),
(454, 'Эркко Ю. Ю.', 'Эркко Ю. Ю.'),
(455, 'Ягор Ж. К.', 'Ягор Ж. К.'),
(456, 'Ярышев', 'Ярышев'),
(457, 'Яскунов С. М.', 'Яскунов С. М.'),
(458, 'Ястребов А.', 'Ястребов А.'),
(459, 'Ятцеров П. Г.', 'Ятцеров П. Г.');

-- --------------------------------------------------------

--
-- Структура таблицы `shifrs`
--

CREATE TABLE `shifrs` (
  `id` int NOT NULL,
  `fond_id` int NOT NULL,
  `opis_id` int NOT NULL,
  `delo_id` int NOT NULL,
  `list` text CHARACTER SET utf8mb4 COLLATE utf8mb4_unicode_ci NOT NULL,
  `prim` text CHARACTER SET utf8mb4 COLLATE utf8mb4_unicode_ci
) ENGINE=InnoDB DEFAULT CHARSET=utf8mb4 COLLATE=utf8mb4_unicode_ci;

--
-- Дамп данных таблицы `shifrs`
--

INSERT INTO `shifrs` (`id`, `fond_id`, `opis_id`, `delo_id`, `list`, `prim`) VALUES
(18, 25, 15, 13, '6', NULL),
(19, 25, 15, 14, '178-179об.', NULL),
(20, 26, 16, 15, '4-12', NULL),
(21, 27, 17, 16, '4-12', NULL),
(22, 28, 18, 17, '49-51об.', NULL),
(23, 25, 15, 18, '158-159', NULL),
(24, 29, 19, 19, '2', NULL),
(25, 29, 19, 19, '2', NULL),
(26, 30, 20, 20, '47-52', NULL),
(27, 31, 21, 21, '47', NULL),
(28, 25, 14, 12, '6', NULL),
(29, 32, 22, 22, '1-2', NULL),
(30, 33, 23, 23, '44-47', NULL),
(31, 25, 15, 24, '119-120', NULL),
(32, 34, 24, 25, '14-14об.', NULL),
(33, 35, 25, 26, '201-202', NULL),
(34, 36, 26, 27, '4об.', NULL),
(35, 37, 27, 28, '242-242об.', NULL),
(36, 28, 28, 29, '123', NULL),
(37, 28, 28, 29, '1', NULL),
(38, 38, 29, 30, '314-315', NULL),
(39, 39, 30, 31, '107', NULL),
(40, 40, 31, 32, '132-133об.', NULL),
(41, 41, 32, 33, '1-10', NULL),
(42, 29, 19, 34, '1-5', NULL),
(43, 33, 33, 35, '7-8', NULL),
(44, 42, 34, 36, '1-6', NULL),
(45, 43, 35, 37, '15', NULL),
(46, 44, 36, 38, '12-12об.', NULL),
(47, 45, 37, 39, '154-156', NULL),
(48, 46, 38, 40, '2-3', NULL),
(49, 35, 39, 41, '94-95', NULL),
(50, 31, 40, 42, '1-10', NULL),
(51, 29, 19, 43, '16', NULL),
(52, 47, 41, 44, '57-59', NULL),
(53, 25, 14, 45, '177-181', NULL),
(54, 46, 42, 46, '28-29', NULL),
(55, 48, 43, 47, '2-3об.', NULL),
(56, 49, 44, 48, '116', NULL),
(57, 25, 45, 49, '50-50об.', NULL),
(58, 25, 45, 50, '145', NULL),
(59, 44, 36, 51, '19', NULL),
(60, 34, 24, 52, '63', NULL),
(61, 50, 46, 53, '2-4', NULL),
(62, 51, 47, 54, '367-368', NULL),
(63, 52, 48, 55, '86', NULL),
(64, 53, 49, 56, '9', NULL),
(65, 54, 50, 57, '184', NULL),
(66, 25, 14, 58, '119-120', NULL),
(67, 55, 51, 59, 'тест', NULL),
(68, 34, 24, 25, '15', NULL),
(69, 53, 49, 60, '159-160', NULL),
(70, 56, 52, 61, '18об.-19об.', NULL),
(71, 57, 53, 62, '1-76', NULL),
(72, 33, 54, 63, '278-278об.', NULL),
(73, 26, 16, 64, '20об.-21об.', NULL),
(74, 31, 55, 65, '320-321об.', NULL),
(75, 49, 44, 66, '371а, 371б.', NULL),
(76, 58, 56, 67, '48об.-49', NULL),
(77, 59, 57, 68, '52', NULL),
(78, 35, 25, 69, '74-75об.', NULL),
(79, 60, 58, 70, '3-4', NULL),
(80, 61, 59, 71, '34-50', NULL),
(81, 44, 60, 72, '81-81об., 85-85об.', NULL),
(82, 62, 61, 73, '49-50', NULL),
(83, 33, 54, 74, '22', NULL),
(84, 30, 62, 75, '165', NULL),
(85, 31, 55, 76, '93-93об.', NULL),
(86, 31, 55, 77, '229-229об.', NULL),
(87, 31, 55, 77, '277-277об.', NULL),
(88, 63, 63, 78, '105', NULL),
(89, 49, 44, 79, '136', NULL),
(90, 64, 64, 80, '11', NULL),
(91, 65, 65, 81, '129', NULL),
(92, 64, 64, 82, '363', NULL),
(93, 33, 54, 74, '377', NULL),
(94, 35, 66, 83, '104', NULL),
(95, 35, 66, 83, '23', NULL),
(96, 66, 67, 84, '6-7', NULL),
(97, 44, 36, 85, '500-501', NULL),
(98, 67, 68, 86, '5об.', NULL),
(99, 68, 69, 87, '5-6об.', NULL),
(100, 69, 70, 88, '317-319об.', NULL),
(101, 47, 71, 89, '1-1об.', NULL),
(102, 70, 72, 90, '1-2об.', NULL),
(103, 71, 73, 91, '163', NULL),
(104, 30, 62, 92, '292-292об.', NULL),
(105, 25, 14, 93, '92-93об.', NULL),
(106, 72, 74, 94, '9-10', NULL),
(107, 62, 61, 95, '1', NULL),
(108, 35, 75, 96, '284', NULL),
(109, 73, 76, 97, '86-86об.', NULL),
(110, 74, 77, 98, '54', NULL),
(111, 75, 78, 99, '46-46об.', NULL),
(112, 35, 25, 100, '33', NULL),
(113, 73, 76, 101, '141', NULL),
(114, 33, 54, 102, '11', NULL),
(115, 76, 79, 103, '94', NULL),
(116, 77, 80, 104, '67-67об', NULL),
(117, 77, 80, 105, '259', NULL),
(118, 77, 80, 106, '39', NULL),
(119, 77, 80, 106, '19', NULL),
(120, 78, 81, 107, '19об.-20', NULL),
(121, 77, 80, 108, '146', NULL),
(122, 77, 80, 109, '102', NULL),
(123, 77, 80, 110, '257-258', NULL),
(124, 79, 82, 111, '6об.-7', NULL),
(125, 77, 83, 112, '191-191об.', NULL),
(126, 35, 25, 113, '13', NULL),
(127, 80, 84, 114, '1-2', NULL),
(128, 35, 66, 115, '92-95', NULL),
(129, 33, 33, 116, '716-717.', NULL),
(130, 35, 85, 117, '94', NULL),
(131, 81, 86, 118, '1-2об.', NULL),
(132, 31, 55, 119, '130', NULL),
(133, 31, 87, 120, '214-214об.', NULL),
(134, 44, 60, 121, '33-34', NULL),
(135, 46, 38, 122, '37-38', NULL),
(136, 82, 88, 123, '5-7', NULL),
(137, 40, 31, 124, '177', NULL),
(138, 77, 80, 104, '92-92', NULL),
(139, 77, 80, 105, '131', NULL),
(140, 77, 80, 125, '15об.-16', NULL),
(141, 31, 21, 126, '9-10об.', NULL),
(142, 40, 31, 124, '49', NULL),
(143, 35, 25, 127, '121', NULL),
(144, 26, 16, 128, '8-9', NULL),
(145, 83, 89, 129, '131-132', NULL),
(146, 35, 25, 130, '129', NULL),
(147, 35, 25, 131, '19', NULL),
(148, 35, 25, 132, '13', NULL),
(149, 35, 25, 133, '55-56', NULL),
(150, 35, 25, 113, '20', NULL),
(151, 35, 66, 134, '182', NULL),
(152, 35, 66, 134, '208-208об.', NULL),
(153, 35, 85, 135, '17', NULL),
(154, 35, 85, 136, '92', NULL),
(155, 35, 25, 137, '200-203', NULL),
(156, 35, 25, 138, '138-139', NULL),
(157, 33, 33, 35, '334', NULL),
(158, 84, 90, 139, '159-165', NULL),
(159, 49, 91, 140, '203', NULL),
(160, 84, 90, 139, '146', NULL),
(161, 84, 90, 141, '42-43', NULL),
(162, 35, 25, 142, '3', NULL),
(163, 85, 92, 143, '83', NULL),
(164, 35, 25, 144, '88', NULL),
(165, 35, 25, 142, '12', NULL),
(166, 35, 25, 113, '154', NULL),
(167, 26, 16, 145, '34', NULL),
(168, 26, 16, 145, '17', NULL),
(169, 86, 93, 146, '3', NULL),
(170, 44, 94, 147, '34', NULL),
(171, 35, 25, 148, '52-53', NULL),
(172, 31, 55, 149, '86-86об.', NULL),
(173, 30, 62, 150, '94', NULL),
(174, 49, 44, 48, '159-159об.', NULL),
(175, 87, 95, 151, '43', NULL),
(176, 31, 96, 152, '20', NULL),
(177, 31, 55, 153, '91', NULL),
(178, 33, 33, 154, '374', NULL),
(179, 33, 33, 154, '216', NULL),
(180, 33, 33, 154, '226', NULL),
(181, 31, 97, 155, '38-40, 50-61', NULL),
(182, 33, 23, 156, '75-76', NULL),
(183, 33, 23, 157, '1-4', NULL),
(184, 31, 55, 158, '122-122об.', NULL),
(185, 35, 66, 159, '1-4', NULL),
(186, 88, 98, 160, '41', NULL),
(187, 42, 34, 161, '3-3об.', NULL),
(188, 35, 25, 132, '75', NULL),
(189, 71, 73, 91, '78-78об.', NULL),
(190, 35, 75, 162, '152', NULL),
(191, 89, 99, 163, '154', NULL),
(192, 26, 16, 164, '1-51', NULL),
(193, 25, 14, 165, '186-187', NULL),
(194, 31, 55, 119, '159', NULL),
(195, 46, 100, 166, '4-5', NULL),
(196, 46, 101, 167, '3-10', NULL),
(197, 31, 102, 168, '45об.', NULL),
(198, 90, 103, 169, '70', NULL),
(199, 44, 36, 170, '2-2об.', NULL),
(200, 31, 87, 171, '1', NULL),
(201, 87, 95, 151, '38', NULL),
(202, 87, 95, 151, '27', NULL),
(203, 64, 64, 172, '224', NULL),
(204, 38, 29, 173, '8-9об.', NULL),
(205, 25, 14, 174, '170-171', NULL),
(206, 51, 47, 54, '6', NULL),
(207, 91, 104, 175, '7', NULL),
(208, 91, 104, 176, '36', NULL),
(209, 31, 55, 177, '292', NULL),
(210, 25, 45, 178, '197', NULL),
(211, 44, 105, 179, '8-11', NULL),
(212, 92, 106, 180, '117, 119', NULL),
(213, 93, 107, 181, '26', NULL),
(214, 94, 108, 182, '77-77об.', NULL),
(215, 95, 109, 183, '6-7', NULL),
(216, 96, 110, 184, '6-8', NULL),
(217, 30, 111, 185, '2-4', NULL),
(218, 97, 112, 186, '3-4об.', NULL),
(219, 77, 80, 105, '323', NULL),
(220, 75, 78, 187, '275-275об.', NULL),
(221, 83, 113, 188, '44-45об.', NULL),
(222, 53, 49, 189, '2-2об.', NULL),
(223, 53, 49, 190, '9-9об.', NULL),
(224, 25, 45, 191, '193', NULL),
(225, 25, 45, 192, '130-130об.', NULL),
(226, 44, 36, 193, '23', NULL),
(227, 35, 39, 194, '73-74', NULL),
(228, 35, 39, 194, '194', NULL),
(229, 33, 114, 195, '40', NULL),
(230, 35, 25, 196, '174', NULL),
(231, 35, 75, 197, '100-101', NULL),
(232, 98, 115, 198, '10-10об.', NULL),
(233, 65, 116, 199, '97', NULL),
(234, 99, 117, 200, '4-5', NULL),
(235, 65, 116, 199, '95', NULL),
(236, 100, 118, 201, '53-57', NULL),
(237, 101, 119, 202, '52', NULL),
(238, 25, 14, 203, '47', NULL),
(239, 25, 14, 203, '29', NULL),
(240, 33, 54, 204, '221об.-222', NULL),
(241, 33, 33, 116, '461', NULL),
(242, 82, 120, 205, '194', NULL),
(243, 102, 121, 206, '13-14об.', NULL),
(244, 103, 122, 207, '2об.', NULL),
(245, 65, 123, 208, '136-140', NULL),
(246, 44, 60, 209, '73-73об.', NULL),
(247, 44, 60, 209, '82-85', NULL),
(248, 31, 124, 210, '80об.-81', NULL),
(249, 31, 125, 211, '11об.', NULL),
(250, 104, 126, 212, '1-3', NULL),
(251, 105, 127, 213, '161', NULL),
(252, 105, 127, 213, '20', NULL),
(253, 33, 23, 214, '260', NULL),
(254, 106, 128, 215, '117', NULL),
(255, 44, 94, 216, '6об.-6а', NULL),
(256, 77, 83, 217, '278-278об.', NULL),
(257, 35, 39, 218, '21', NULL),
(258, 35, 39, 219, '16-17', NULL),
(259, 31, 124, 220, '189об.-190', NULL),
(260, 107, 129, 221, '261-262', NULL),
(261, 44, 60, 222, '129-130об.', NULL),
(262, 107, 129, 221, '263-264', NULL),
(263, 107, 129, 221, '247-248', NULL),
(264, 35, 39, 223, '159', NULL),
(265, 108, 130, 224, '140', NULL),
(266, 65, 131, 225, '67', NULL),
(267, 35, 85, 226, '123', NULL),
(268, 109, 132, 227, '22', NULL),
(269, 44, 133, 228, '117-117об.', NULL),
(270, 31, 134, 229, '7об.-8', NULL),
(271, 33, 54, 230, '460-462', NULL),
(272, 31, 97, 231, '103', NULL),
(273, 31, 55, 232, '132-133об.', NULL),
(274, 76, 79, 233, '301-304об.', NULL),
(275, 31, 55, 234, '25-33', NULL),
(276, 94, 108, 182, '130-130ОБ.', NULL),
(277, 31, 97, 235, '10-11', NULL),
(278, 31, 135, 236, '2-2об.', NULL),
(279, 31, 97, 237, '6-7об.', NULL),
(280, 31, 97, 237, '50', NULL),
(281, 110, 136, 238, '3-4', NULL),
(282, 42, 34, 239, '86-87', NULL),
(283, 90, 103, 169, '95', NULL),
(284, 31, 97, 240, '84', NULL),
(285, 31, 97, 240, '93', NULL),
(286, 111, 137, 241, '195', NULL),
(287, 31, 97, 242, '46-47', NULL),
(288, 31, 97, 243, '1-2', NULL),
(289, 112, 138, 244, '71', NULL),
(290, 113, 139, 245, '1-1об.', NULL),
(291, 31, 97, 246, '2-3об.', NULL),
(292, 67, 140, 247, '74-74об.', NULL),
(293, 31, 141, 248, '1-2', NULL),
(294, 114, 142, 249, '1-2об.', NULL),
(295, 65, 123, 250, '122', NULL),
(296, 25, 14, 174, '161', NULL),
(297, 31, 143, 251, '308', NULL),
(298, 86, 93, 252, '2-3', NULL),
(299, 115, 144, 253, '50', NULL),
(300, 116, 145, 254, '11-13', NULL),
(301, 116, 145, 255, '1-26', NULL),
(302, 117, 146, 256, '28-29об.', NULL),
(303, 44, 147, 257, '53-64ОБ.', NULL),
(304, 76, 148, 258, '13-17', NULL),
(305, 31, 55, 259, '248-249об.', NULL),
(306, 109, 149, 260, '143', NULL),
(307, 31, 55, 261, '238-238об.', NULL),
(308, 31, 55, 262, '239', NULL),
(309, 42, 34, 263, '37-37об.', NULL),
(310, 42, 34, 264, '220', NULL),
(311, 31, 55, 265, '399', NULL),
(312, 31, 97, 240, '60', NULL),
(313, 31, 21, 266, '89-91об.', NULL),
(314, 118, 150, 267, '14-20об.', NULL),
(315, 42, 34, 268, '69', NULL),
(316, 119, 151, 269, '18', NULL),
(317, 30, 152, 270, '264-265об.', NULL),
(318, 120, 153, 271, '1', NULL),
(319, 65, 131, 272, '84', NULL),
(320, 84, 90, 273, '147', NULL),
(321, 121, 154, 274, '3-4об.', NULL),
(322, 122, 155, 275, '21-21об.', NULL),
(323, 90, 156, 276, '495-195об.', NULL),
(324, 123, 157, 277, '12-12об.', NULL),
(325, 119, 151, 269, '33', NULL),
(326, 124, 158, 278, '23-24об.', NULL),
(327, 38, 29, 173, '17-18', NULL),
(328, 33, 114, 279, '107', NULL),
(329, 125, 159, 280, '76-78', NULL),
(330, 119, 151, 269, '6', NULL),
(331, 90, 156, 276, '72-73', NULL),
(332, 126, 160, 281, '24-24об., 37-38об.', NULL),
(333, 42, 34, 282, '18', NULL),
(334, 118, 161, 283, '6-9, 16-18, 20-21', NULL),
(335, 118, 161, 283, '15', NULL),
(336, 30, 162, 284, '55', NULL),
(337, 127, 163, 285, '10-11', NULL),
(338, 26, 16, 286, '174-175об.', NULL),
(339, 65, 164, 287, '59-60', NULL),
(340, 60, 58, 288, '34-34об.', NULL),
(341, 30, 165, 289, '1-1об.', NULL),
(342, 31, 166, 290, '21', NULL),
(343, 126, 160, 281, '53-53об.', NULL),
(344, 35, 39, 291, '90-91', NULL),
(345, 35, 167, 292, '13', NULL),
(346, 128, 168, 293, '129', NULL),
(347, 44, 36, 294, '8', NULL),
(348, 51, 47, 54, '343', NULL),
(349, 65, 123, 295, '1', NULL),
(350, 42, 34, 296, '147-147об.', NULL),
(351, 129, 169, 297, '154-155', NULL),
(352, 105, 170, 298, '3', NULL),
(353, 31, 166, 299, '199', NULL),
(354, 31, 97, 300, '3', NULL),
(355, 112, 138, 244, '14', NULL),
(356, 46, 171, 301, '4-4об.', NULL),
(357, 46, 172, 302, '53', NULL),
(358, 31, 55, 303, '406', NULL),
(359, 130, 173, 304, '20', NULL),
(360, 25, 14, 305, '27-28об.', NULL),
(361, 44, 174, 306, '55-56', NULL),
(362, 31, 141, 307, '12-16об.', NULL),
(363, 30, 62, 308, '103-103об.', NULL),
(364, 31, 87, 309, '1', NULL),
(365, 28, 18, 17, '20-27', NULL),
(366, 30, 62, 310, '132об.-133', NULL),
(367, 30, 62, 311, '182-185об.', NULL),
(368, 31, 124, 312, '70-71', NULL),
(369, 30, 62, 313, '246-257об.', NULL),
(370, 42, 34, 296, '540', NULL),
(371, 131, 175, 314, '105-106об.', NULL),
(372, 132, 176, 315, '14-14об.', NULL),
(373, 44, 36, 316, '203-203об.', NULL),
(374, 44, 36, 317, '108', NULL),
(375, 102, 121, 318, '37-37об.', NULL),
(376, 35, 25, 319, '58', NULL),
(377, 35, 25, 320, '110', NULL),
(378, 35, 25, 320, '29', NULL),
(379, 25, 14, 321, '64', NULL),
(380, 112, 138, 322, '48-51', NULL),
(381, 25, 14, 321, '26-28', NULL),
(382, 133, 177, 323, '2-7об.', NULL),
(383, 30, 178, 324, '42-50', NULL),
(384, 25, 14, 325, '28', NULL),
(385, 39, 30, 326, '23-27об.', NULL),
(386, 31, 55, 232, '51-52об.', NULL),
(387, 134, 179, 327, '251-252об.', NULL),
(388, 33, 180, 328, '636б об.', NULL),
(389, 33, 180, 328, '133-134', NULL),
(390, 135, 181, 329, '275-293', NULL),
(391, 33, 180, 328, '273', NULL),
(392, 31, 97, 231, '100', NULL),
(393, 74, 182, 330, '42об.', NULL),
(394, 74, 182, 331, '29-29об.', NULL),
(395, 66, 67, 332, '29-29об.', NULL),
(396, 136, 183, 333, '18об.', NULL),
(397, 44, 60, 334, '69', NULL),
(398, 33, 184, 335, '88-92', NULL),
(399, 108, 130, 336, '210', NULL),
(400, 51, 47, 337, '11-13', NULL),
(401, 51, 47, 337, '140', NULL),
(402, 35, 39, 194, '20', NULL),
(403, 35, 66, 338, '33об.', NULL),
(404, 65, 164, 339, '125-138', NULL),
(405, 85, 92, 143, '25', NULL),
(406, 137, 185, 340, '11', NULL),
(407, 77, 80, 341, '126', NULL),
(408, 35, 186, 342, '53-58', NULL),
(409, 138, 187, 343, '17об.', NULL),
(410, 44, 60, 209, '124-125об.', NULL),
(411, 46, 172, 344, '1-1об.', NULL),
(412, 31, 188, 345, '69-71об.', NULL),
(413, 118, 161, 346, '91', NULL),
(414, 54, 189, 347, '36-37об.', NULL),
(415, 93, 107, 348, '96', NULL),
(416, 38, 29, 349, '89-89об.', NULL),
(417, 139, 190, 350, '7-7об.', NULL),
(418, 49, 44, 48, '71', NULL),
(419, 47, 41, 351, '41-41об.', NULL),
(420, 35, 66, 115, '4-4об., 19', NULL),
(421, 82, 88, 123, '3', NULL),
(422, 140, 191, 352, '138-140', NULL),
(423, 61, 59, 353, '5-5об.', NULL),
(424, 35, 167, 354, '3', NULL),
(425, 31, 21, 355, '17', NULL),
(426, 67, 140, 356, '1', NULL),
(427, 44, 133, 357, '67-94', NULL),
(428, 141, 192, 358, '25об.-26', NULL),
(429, 31, 55, 259, '252-252об.', NULL),
(430, 44, 60, 359, '63-63об.', NULL),
(431, 44, 60, 359, '78-79', NULL),
(432, 44, 193, 360, '220-222', NULL),
(433, 44, 193, 361, '816-819', NULL),
(434, 44, 36, 362, '58-59об.', NULL),
(435, 77, 80, 363, '34', NULL),
(436, 42, 34, 364, '153', NULL),
(437, 137, 185, 365, '9', NULL),
(438, 86, 93, 366, '27', NULL),
(439, 126, 160, 281, '158', NULL),
(440, 111, 137, 367, '114-128об.', NULL),
(441, 112, 138, 368, '284, 289', NULL),
(442, 118, 194, 369, '2-2об.', NULL),
(443, 65, 123, 370, '7', NULL),
(444, 44, 36, 371, '102-102об.', NULL),
(445, 35, 66, 115, '67-68', NULL),
(446, 140, 191, 372, '59-60об.', NULL),
(447, 35, 39, 373, '199', NULL),
(448, 60, 58, 374, '17', NULL),
(449, 30, 195, 375, '9-9об.', NULL),
(450, 35, 25, 69, '82-83', NULL),
(451, 116, 145, 376, '11', NULL),
(452, 142, 196, 377, '127', NULL),
(453, 143, 197, 378, '46-56об.', NULL),
(454, 109, 132, 379, '5', NULL),
(455, 144, 198, 380, '6', NULL),
(456, 144, 199, 381, '12', NULL),
(457, 35, 25, 382, '1', NULL),
(458, 145, 200, 383, '9-18', NULL),
(459, 145, 201, 384, '24-28', NULL),
(460, 145, 200, 383, '41-53.', NULL),
(461, 31, 124, 385, '1', NULL),
(462, 42, 34, 386, '54-55', NULL),
(463, 99, 117, 387, '66', NULL),
(464, 33, 33, 35, '337-338', NULL),
(465, 31, 97, 388, '44-47', NULL),
(466, 146, 202, 389, '38', NULL),
(467, 79, 82, 111, '71', NULL),
(468, 31, 55, 390, '8-9', NULL),
(469, 44, 60, 391, '40-40об.', NULL),
(470, 30, 203, 392, '148об.', NULL),
(471, 25, 14, 393, '76-77', NULL),
(472, 35, 25, 394, '159', NULL),
(473, 147, 204, 395, '3', NULL),
(474, 148, 205, 396, '226', NULL),
(475, 35, 186, 397, '58', NULL),
(476, 25, 14, 398, '131', NULL),
(477, 111, 137, 399, '21-22', NULL),
(478, 149, 206, 400, '57', NULL),
(479, 150, 207, 401, '119-119об.', NULL),
(480, 112, 138, 402, '20', NULL),
(481, 151, 208, 403, '167', NULL),
(482, 152, 209, 404, '184-185', NULL),
(483, 153, 210, 405, '7-8об.', NULL),
(484, 153, 210, 406, '11-12об.', NULL),
(485, 35, 66, 407, '57', NULL),
(486, 81, 211, 408, '1', NULL),
(487, 136, 183, 409, '20', NULL),
(488, 49, 44, 79, '197', NULL),
(489, 25, 14, 410, '129-130об.', NULL),
(490, 51, 47, 337, '234', NULL),
(491, 35, 25, 127, '160', NULL),
(492, 35, 25, 69, '175-177', NULL),
(493, 25, 14, 411, '3-4об.', NULL),
(494, 35, 75, 412, '39-40', NULL),
(495, 35, 39, 413, '64-66', NULL),
(496, 35, 75, 197, '96-98', NULL),
(497, 35, 39, 414, '65-67', NULL),
(498, 35, 75, 415, '58-59', NULL),
(499, 35, 39, 416, '84-85', NULL),
(500, 35, 39, 417, '96-99', NULL),
(501, 35, 39, 414, '41-42', NULL),
(502, 35, 25, 132, '66', NULL),
(503, 108, 130, 418, '123-124', NULL),
(504, 35, 25, 419, '16', NULL),
(505, 74, 212, 420, '256', NULL),
(506, 33, 23, 421, '168', NULL),
(507, 148, 205, 422, '63', NULL),
(508, 148, 205, 423, '227', NULL),
(509, 148, 205, 423, '135', NULL),
(510, 33, 23, 424, '286', NULL),
(511, 33, 23, 425, '440', NULL),
(512, 33, 33, 154, '451', NULL),
(513, 35, 25, 426, '50', NULL),
(514, 154, 213, 427, '1-12', NULL),
(515, 155, 214, 428, '30-30об.', NULL),
(516, 35, 25, 69, '196-197', NULL),
(517, 35, 39, 219, '186-186об.', NULL),
(518, 25, 45, 429, '89-90об.', NULL),
(519, 31, 55, 177, '281', NULL),
(520, 149, 206, 430, '76', NULL),
(521, 95, 109, 431, '5', NULL),
(522, 156, 215, 432, '52-53', NULL),
(523, 47, 71, 433, '11-11об.', NULL),
(524, 114, 142, 434, '248', NULL),
(525, 157, 216, 435, '1', NULL),
(526, 158, 217, 436, '174', NULL),
(527, 59, 57, 437, '47', NULL),
(528, 25, 14, 438, '13', NULL),
(529, 159, 218, 439, '241', NULL),
(530, 25, 219, 440, '49', NULL),
(531, 25, 45, 441, '13-14об.', NULL),
(532, 25, 45, 442, '11-13', NULL),
(533, 35, 39, 194, '174-176', NULL),
(534, 75, 220, 443, '251-261', NULL),
(535, 75, 220, 443, '224', NULL),
(536, 75, 220, 443, '190-191', NULL),
(537, 75, 220, 443, '121-122', NULL),
(538, 75, 220, 443, '110', NULL),
(539, 53, 49, 444, '21-24', NULL),
(540, 56, 52, 445, '124', NULL),
(541, 160, 221, 446, '135-138об.', NULL),
(542, 160, 221, 446, '286-189', NULL),
(543, 44, 133, 447, '902-905', NULL),
(544, 31, 55, 448, '3-6', NULL),
(545, 31, 55, 448, '51-51об.', NULL),
(546, 161, 222, 449, '1', NULL),
(547, 75, 220, 443, '97-101', NULL),
(548, 25, 14, 450, '12', NULL),
(549, 25, 14, 451, '77-78', NULL),
(550, 25, 45, 452, '64-65об., 70-71об.', NULL),
(551, 162, 223, 453, '142об.', NULL),
(552, 106, 128, 215, '44-45', NULL),
(553, 106, 128, 215, '53', NULL),
(554, 98, 115, 454, '266-266об.', NULL),
(555, 98, 115, 454, '212', NULL),
(556, 98, 115, 454, '211-211об.', NULL),
(557, 98, 115, 454, '187', NULL),
(558, 98, 115, 454, '210', NULL),
(559, 98, 115, 454, '186', NULL),
(560, 46, 38, 455, '9-9об.', NULL),
(561, 106, 128, 215, '84-85', NULL),
(562, 44, 36, 456, '554', NULL),
(563, 159, 224, 457, '1-3', NULL),
(564, 159, 218, 439, '18-18об.', NULL),
(565, 86, 93, 458, '29', NULL),
(566, 50, 46, 459, '313-316', NULL),
(567, 32, 22, 460, '13-14', NULL),
(568, 163, 225, 461, '13-14', NULL),
(569, 164, 226, 462, '4', NULL),
(570, 33, 23, 463, '42-43об.', NULL),
(571, 116, 145, 464, '11-28', NULL),
(572, 78, 81, 465, '109', NULL),
(573, 35, 25, 466, '16-16об.', NULL),
(575, 166, 228, 468, 'test2', NULL),
(576, 167, 229, 469, 'test2', NULL),
(577, 166, 230, 470, 'test2', NULL),
(578, 168, 231, 471, 'test2', NULL),
(579, 168, 231, 472, 'test', NULL),
(580, 169, 232, 473, 't', NULL),
(581, 167, 233, 474, 'test', NULL);

-- --------------------------------------------------------

--
-- Структура таблицы `sys_actions`
--

CREATE TABLE `sys_actions` (
  `id` int NOT NULL,
  `url_id` int NOT NULL,
  `name` varchar(128) CHARACTER SET utf8mb3 COLLATE utf8mb3_unicode_ci NOT NULL,
  `title` varchar(256) CHARACTER SET utf8mb3 COLLATE utf8mb3_unicode_ci NOT NULL,
  `state` tinyint NOT NULL,
  `public` int NOT NULL,
  `private` int NOT NULL,
  `api` int NOT NULL,
  `creared_at` datetime NOT NULL,
  `prim` varchar(128) CHARACTER SET utf8mb3 COLLATE utf8mb3_unicode_ci NOT NULL
) ENGINE=InnoDB DEFAULT CHARSET=utf8mb3 COLLATE=utf8mb3_unicode_ci;

-- --------------------------------------------------------

--
-- Структура таблицы `sys_perms_roles`
--

CREATE TABLE `sys_perms_roles` (
  `id` int NOT NULL,
  `action_id` int NOT NULL,
  `role_id` int NOT NULL,
  `state` tinyint NOT NULL
) ENGINE=InnoDB DEFAULT CHARSET=utf8mb3 COLLATE=utf8mb3_unicode_ci;

-- --------------------------------------------------------

--
-- Структура таблицы `sys_perms_users`
--

CREATE TABLE `sys_perms_users` (
  `id` int NOT NULL,
  `action_id` int NOT NULL,
  `user_id` int NOT NULL,
  `state` tinyint NOT NULL
) ENGINE=InnoDB DEFAULT CHARSET=utf8mb3 COLLATE=utf8mb3_unicode_ci;

-- --------------------------------------------------------

--
-- Структура таблицы `sys_roles`
--

CREATE TABLE `sys_roles` (
  `id` int NOT NULL,
  `name` varchar(255) CHARACTER SET utf8mb3 COLLATE utf8mb3_unicode_ci NOT NULL,
  `title` varchar(255) CHARACTER SET utf8mb4 COLLATE utf8mb4_unicode_ci NOT NULL,
  `state` tinyint(1) NOT NULL,
  `prim` varchar(255) CHARACTER SET utf8mb3 COLLATE utf8mb3_unicode_ci DEFAULT NULL,
  `created_at` datetime NOT NULL DEFAULT CURRENT_TIMESTAMP
) ENGINE=InnoDB DEFAULT CHARSET=utf8mb4 COLLATE=utf8mb4_unicode_ci;

--
-- Дамп данных таблицы `sys_roles`
--

INSERT INTO `sys_roles` (`id`, `name`, `title`, `state`, `prim`, `created_at`) VALUES
(1, 'root', 'Супер Администратор', 1, NULL, '2021-10-11 21:10:00'),
(2, 'admin', 'Администратор', 1, NULL, '2021-10-11 21:13:10'),
(3, 'editor', 'Редактор', 1, NULL, '2021-10-11 21:13:10'),
(4, 'user', 'Пользователь', 1, 'Тестирование', '2021-10-11 21:13:10'),
(5, 'Test1', 'Test2', 1, 'test1', '2021-10-21 00:01:15'),
(6, 'Test', 'test', 1, 'тестирование изменения роли', '2021-11-10 00:34:00');

-- --------------------------------------------------------

--
-- Структура таблицы `sys_tables_logs`
--

CREATE TABLE `sys_tables_logs` (
  `id` int NOT NULL,
  `table_name` varchar(32) CHARACTER SET utf8mb4 COLLATE utf8mb4_unicode_ci NOT NULL,
  `action_name` varchar(64) CHARACTER SET utf8mb4 COLLATE utf8mb4_unicode_ci NOT NULL,
  `action_value` varchar(64) CHARACTER SET utf8mb4 COLLATE utf8mb4_unicode_ci NOT NULL
) ENGINE=InnoDB DEFAULT CHARSET=utf8mb4 COLLATE=utf8mb4_unicode_ci;

-- --------------------------------------------------------

--
-- Структура таблицы `sys_urls`
--

CREATE TABLE `sys_urls` (
  `id` int NOT NULL,
  `route` text CHARACTER SET utf8mb3 COLLATE utf8mb3_unicode_ci NOT NULL,
  `name` varchar(128) CHARACTER SET utf8mb3 COLLATE utf8mb3_unicode_ci NOT NULL,
  `title` text CHARACTER SET utf8mb3 COLLATE utf8mb3_unicode_ci NOT NULL,
  `state` tinyint NOT NULL,
  `public` tinyint NOT NULL,
  `private` tinyint NOT NULL,
  `ajax` varchar(24) CHARACTER SET utf8mb3 COLLATE utf8mb3_unicode_ci NOT NULL,
  `controller` text CHARACTER SET utf8mb3 COLLATE utf8mb3_unicode_ci NOT NULL,
  `method` varchar(128) CHARACTER SET utf8mb3 COLLATE utf8mb3_unicode_ci NOT NULL,
  `created_at` datetime NOT NULL DEFAULT CURRENT_TIMESTAMP
) ENGINE=InnoDB DEFAULT CHARSET=utf8mb3 COLLATE=utf8mb3_unicode_ci;

--
-- Дамп данных таблицы `sys_urls`
--

INSERT INTO `sys_urls` (`id`, `route`, `name`, `title`, `state`, `public`, `private`, `ajax`, `controller`, `method`, `created_at`) VALUES
(1, '~^$~', 'index_page', 'Главная страница системы', 1, 1, 1, 'get', '\\MyProject\\Controllers\\MainController', 'main', '2021-10-21 23:33:32'),
(2, '~^fonds$~', 'fonds', 'Список фондов', 1, 1, 1, 'get', '\\MyProject\\Controllers\\FondsController', 'list', '2021-10-21 23:33:41'),
(3, '~^fond/(\\d+)$~', 'fond_card', 'Карточка фонда', 1, 1, 1, 'post', '\\MyProject\\Controllers\\FondsController', 'viewCard', '2021-10-21 23:36:57');

-- --------------------------------------------------------

--
-- Структура таблицы `sys_urls_roles`
--

CREATE TABLE `sys_urls_roles` (
  `id` int NOT NULL,
  `urls_id` int NOT NULL,
  `role_id` int NOT NULL,
  `state` tinyint NOT NULL
) ENGINE=InnoDB DEFAULT CHARSET=utf8mb3 COLLATE=utf8mb3_unicode_ci;

--
-- Дамп данных таблицы `sys_urls_roles`
--

INSERT INTO `sys_urls_roles` (`id`, `urls_id`, `role_id`, `state`) VALUES
(1, 9, 1, 1),
(2, 9, 2, 1),
(3, 9, 3, 1),
(4, 9, 4, 1);

-- --------------------------------------------------------

--
-- Структура таблицы `sys_users`
--

CREATE TABLE `sys_users` (
  `id` int NOT NULL,
  `fio` varchar(255) CHARACTER SET utf8mb3 COLLATE utf8mb3_unicode_ci NOT NULL,
  `nickname` varchar(128) CHARACTER SET utf8mb3 COLLATE utf8mb3_unicode_ci NOT NULL,
  `email` varchar(255) CHARACTER SET utf8mb3 COLLATE utf8mb3_unicode_ci NOT NULL,
  `is_confirmed` tinyint(1) NOT NULL,
  `password_hash` varchar(255) CHARACTER SET utf8mb3 COLLATE utf8mb3_unicode_ci NOT NULL,
  `auth_token` varchar(255) CHARACTER SET utf8mb3 COLLATE utf8mb3_unicode_ci NOT NULL,
  `created_at` datetime NOT NULL DEFAULT CURRENT_TIMESTAMP,
  `state` tinyint(1) NOT NULL,
  `prim` text CHARACTER SET utf8mb3 COLLATE utf8mb3_unicode_ci,
  `role` tinyint NOT NULL,
  `ro_flag` tinyint NOT NULL DEFAULT '0'
) ENGINE=InnoDB DEFAULT CHARSET=utf8mb4 COLLATE=utf8mb4_unicode_ci;

--
-- Дамп данных таблицы `sys_users`
--

INSERT INTO `sys_users` (`id`, `fio`, `nickname`, `email`, `is_confirmed`, `password_hash`, `auth_token`, `created_at`, `state`, `prim`, `role`, `ro_flag`) VALUES
(1, 'Супер Aдмин', 'root', 'root@root.root', 1, '', 'c772f87f19898a072aba738033c186f79d75832c50b2a751ab1e2d23807808633c9b4bbcc2df5f2f', '2021-10-11 21:15:33', 1, 'root', 1, 1),
(2, 'Администратор системы/раздела', 'admin', 'admin@gmail.com', 1, '$2y$11$487e0d4e1036017417106uiUACDdHrOAZpXwmUa1W/U2R73fhdiha', '5975bcf4b0d430f747b6ad2154ff2f08394d6a59ef2c30a76ec0be33c411e2ac41d074022d130866', '2021-10-11 21:15:33', 1, 'тест', 2, 0),
(3, 'Редактор раздела', 'editor', 'editor@editor.editor', 1, '$2y$11$487e0d4e1036017417106uiUACDdHrOAZpXwmUa1W/U2R73fhdiha', '1', '2021-10-11 21:15:33', 1, 'тест', 3, 0),
(4, 'Пользователь Специалист', 'spec', 'spec@spec.spec', 2, '$2y$11$dbc97b2646d324ca1ba3du8m9Ia9DIgYDDnWCIR7Afi1US7CMGsmC', '7eec67e53eb479573eba3d07e652ba9a54dca97b3d4b81c480a84fa92c4711da2088d9fc4b66595c', '2021-10-11 21:15:33', 1, 'тестирование', 4, 0),
(5, 'Скваж Сергей Михайлович', 'SkSeMi_88', 'sergeyskvazh@mail.ru', 1, '$2y$11$487e0d4e1036017417106uiUACDdHrOAZpXwmUa1W/U2R73fhdiha', '2d76faca762ca3c00a3693ea94e922dfaf927432c09192ab1c06c35a549d77514a7b74f78f0030e5', '2021-10-23 19:00:50', 1, 'test', 2, 0),
(6, 'TEST', 'test', 'test@test.test', 1, '$2y$10$v2FE427UHl0iqZV6n6tSTOZM7TrxpWMGmnMKUSYoL9vqp7H7WoRhG', '1', '2021-11-12 14:29:49', 1, 'тестирование', 2, 0),
(7, 'TEST', 'testik', 'test@test.test', 1, '$2y$10$AyGckF0kw4FKmKdtSWaQbO6UnMuuDd3Kzwnaxu7zXLfOdlUfievC6', '1', '2021-11-12 14:31:42', 1, 'тестирование пользователя', 4, 0),
(8, 'ТЕстовый ', 'testovyi', 'none@none.none', 1, '$2y$10$bY6fINfyt1RNiyxJGvzql.7YUjTRXVJlIWqVhCC8bPohuyZLX8.jW', '1', '2021-11-12 15:17:51', 1, 'test', 3, 0),
(9, 'ТЕстов Т.Т.', 'testoTT', 'none@none.none', 1, '$2y$10$wI1dE8AHaCFhnVJ8JpKrTuG6xYjPzxEpxA8HoZnwojDZf9MTIWR1K', '1', '2021-11-12 15:18:49', 0, 'test1', 6, 0),
(10, 'Калинин Алексей Сергеевич', 'kalininas', 'none@none.none', 1, '$2y$10$GxR6KM/8l/ts4jPUia2GeOdKVr4IDOxdhK9BwOki3nwfRSeqOJrq2', 'eb67afe08210ee57132f9d3c179c4346e941e9070d636adf85d1fe3be6cbc249fbd55c7444ccf289', '2021-12-10 10:49:53', 1, NULL, 2, 0),
(11, 'Соколов Александр', 'sokolov', 'none@none.none', 1, '$2y$10$NfN7xBUJPAROJZq25FXJcuT3CjUptFs2CJR35TrjlQC4mHiS5T9c2', 'a71a587f107962148e26a10b9072cd34b275656c19c88e8a9e3a1f27a96648fba5dfdc1740667d72', '2021-12-10 10:52:39', 1, NULL, 2, 0),
(12, 'Соколов Александр', 'asokolov', 'none1@none.none', 1, '$2y$10$jnCl02mhGeFZGNfqSRF1i.03HQVM/Iwq3KHUAMaQshrs1bOeY5U66', '89f5fef16f5d76cea8af6409c96878b7943a28bfbba208c4657e5627f545346876c9ac517d0b2ab2', '2022-03-25 12:02:38', 1, NULL, 2, 0);

-- --------------------------------------------------------

--
-- Структура таблицы `thems`
--

CREATE TABLE `thems` (
  `id` int NOT NULL,
  `them_id` int NOT NULL,
  `type_id` int NOT NULL,
  `value` int NOT NULL
) ENGINE=InnoDB DEFAULT CHARSET=utf8mb4 COLLATE=utf8mb4_unicode_ci;

--
-- Дамп данных таблицы `thems`
--

INSERT INTO `thems` (`id`, `them_id`, `type_id`, `value`) VALUES
(328, 23, 6, 28),
(329, 24, 6, 28),
(330, 25, 6, 29),
(331, 26, 6, 30),
(332, 27, 6, 31),
(333, 24, 6, 32),
(334, 28, 6, 33),
(338, 31, 6, 35),
(339, 32, 6, 35),
(344, 36, 6, 39),
(345, 37, 6, 40),
(346, 26, 6, 41),
(347, 38, 6, 42),
(357, 39, 6, 44),
(358, 40, 6, 44),
(359, 41, 6, 45),
(360, 38, 6, 46),
(361, 42, 6, 47),
(362, 43, 6, 48),
(363, 44, 6, 48),
(367, 46, 6, 51),
(368, 47, 6, 51),
(369, 48, 6, 51),
(370, 49, 6, 51),
(371, 26, 6, 52),
(372, 50, 6, 52),
(373, 37, 6, 54),
(374, 51, 6, 55),
(375, 52, 6, 55),
(376, 37, 6, 56),
(377, 53, 6, 57),
(378, 43, 6, 58),
(379, 39, 6, 59),
(381, 37, 6, 60),
(382, 53, 6, 61),
(383, 54, 6, 61),
(384, 55, 6, 62),
(385, 56, 6, 63),
(386, 50, 6, 63),
(387, 53, 6, 64),
(388, 36, 6, 65),
(389, 51, 6, 66),
(390, 57, 6, 66),
(391, 37, 6, 67),
(393, 58, 6, 68),
(394, 59, 6, 68),
(395, 60, 6, 68),
(396, 39, 6, 69),
(397, 61, 6, 69),
(398, 28, 6, 70),
(399, 62, 6, 70),
(406, 35, 6, 38),
(413, 26, 6, 34),
(414, 29, 6, 34),
(415, 30, 6, 34),
(416, 34, 6, 37),
(417, 36, 6, 50),
(418, 33, 6, 36),
(419, 26, 6, 36),
(420, 63, 6, 72),
(424, 66, 6, 76),
(425, 67, 6, 76),
(428, 39, 6, 78),
(429, 40, 6, 78),
(430, 28, 6, 79),
(431, 69, 6, 80),
(432, 37, 6, 81),
(433, 70, 6, 81),
(434, 71, 6, 83),
(435, 72, 6, 83),
(436, 73, 6, 83),
(438, 48, 6, 85),
(439, 74, 6, 86),
(440, 75, 6, 86),
(441, 26, 6, 87),
(442, 74, 6, 88),
(443, 74, 6, 89),
(444, 74, 6, 90),
(446, 77, 6, 92),
(447, 78, 6, 92),
(448, 25, 6, 93),
(449, 79, 6, 93),
(450, 80, 6, 93),
(451, 44, 6, 94),
(452, 47, 6, 94),
(453, 81, 6, 94),
(454, 44, 6, 95),
(455, 47, 6, 95),
(456, 81, 6, 95),
(457, 25, 6, 96),
(458, 82, 6, 96),
(459, 39, 6, 97),
(460, 40, 6, 97),
(463, 37, 6, 99),
(464, 84, 6, 99),
(465, 50, 6, 100),
(466, 85, 6, 100),
(467, 48, 6, 101),
(468, 26, 6, 102),
(469, 86, 6, 102),
(471, 51, 6, 104),
(472, 87, 6, 105),
(473, 57, 6, 106),
(474, 53, 6, 106),
(475, 27, 6, 107),
(476, 88, 6, 107),
(477, 51, 6, 108),
(480, 76, 6, 91),
(481, 25, 6, 110),
(482, 89, 6, 110),
(483, 48, 6, 111),
(484, 37, 6, 112),
(485, 90, 6, 112),
(486, 45, 6, 113),
(487, 91, 6, 113),
(488, 25, 6, 114),
(489, 25, 6, 115),
(490, 37, 6, 116),
(491, 92, 6, 116),
(494, 51, 6, 118),
(495, 53, 6, 118),
(496, 95, 6, 119),
(497, 96, 6, 119),
(498, 25, 6, 119),
(499, 76, 6, 109),
(500, 50, 6, 109),
(501, 25, 6, 120),
(502, 50, 6, 121),
(503, 85, 6, 121),
(504, 25, 6, 121),
(505, 75, 6, 122),
(506, 74, 6, 122),
(507, 97, 6, 122),
(508, 75, 6, 123),
(509, 74, 6, 123),
(510, 98, 6, 123),
(511, 75, 6, 124),
(512, 39, 6, 124),
(513, 83, 6, 124),
(514, 25, 6, 125),
(515, 99, 6, 125),
(516, 100, 6, 125),
(517, 25, 6, 126),
(518, 25, 6, 127),
(519, 25, 6, 128),
(523, 37, 6, 131),
(524, 37, 6, 132),
(525, 25, 6, 133),
(526, 37, 6, 134),
(527, 102, 6, 134),
(528, 50, 6, 135),
(529, 85, 6, 135),
(530, 103, 6, 136),
(531, 69, 6, 136),
(532, 53, 6, 136),
(535, 26, 6, 138),
(536, 39, 6, 138),
(537, 104, 6, 138),
(538, 31, 6, 139),
(539, 105, 6, 139),
(540, 37, 6, 140),
(541, 106, 6, 77),
(542, 44, 6, 77),
(543, 35, 6, 141),
(544, 25, 6, 142),
(545, 75, 6, 143),
(546, 74, 6, 143),
(547, 95, 6, 145),
(549, 37, 6, 147),
(550, 90, 6, 147),
(551, 37, 6, 149),
(552, 92, 6, 149),
(553, 37, 6, 150),
(554, 107, 6, 150),
(555, 37, 6, 151),
(556, 90, 6, 151),
(557, 37, 6, 152),
(558, 90, 6, 152),
(561, 37, 6, 154),
(562, 70, 6, 154),
(563, 37, 6, 155),
(564, 108, 6, 155),
(565, 108, 6, 156),
(566, 37, 6, 156),
(567, 37, 6, 157),
(568, 70, 6, 157),
(571, 37, 6, 153),
(572, 70, 6, 153),
(573, 37, 6, 158),
(574, 70, 6, 158),
(575, 37, 6, 159),
(576, 70, 6, 159),
(577, 37, 6, 160),
(578, 90, 6, 160),
(579, 25, 6, 161),
(580, 25, 6, 162),
(581, 37, 6, 163),
(582, 90, 6, 163),
(583, 37, 6, 164),
(584, 70, 6, 164),
(587, 37, 6, 165),
(588, 37, 6, 166),
(589, 37, 6, 167),
(590, 109, 6, 167),
(591, 106, 6, 168),
(592, 25, 6, 168),
(595, 37, 6, 169),
(596, 101, 6, 169),
(597, 37, 6, 171),
(598, 90, 6, 171),
(601, 37, 6, 176),
(602, 109, 6, 176),
(603, 110, 6, 177),
(604, 57, 6, 177),
(605, 111, 6, 178),
(606, 112, 6, 178),
(610, 39, 6, 180),
(611, 104, 6, 180),
(612, 33, 6, 181),
(614, 39, 6, 182),
(615, 104, 6, 182),
(616, 40, 6, 182),
(620, 106, 6, 184),
(621, 75, 6, 185),
(622, 116, 6, 185),
(623, 25, 6, 186),
(624, 117, 6, 186),
(628, 75, 6, 183),
(629, 74, 6, 183),
(630, 115, 6, 183),
(632, 114, 6, 187),
(633, 118, 6, 188),
(634, 119, 6, 188),
(635, 120, 6, 188),
(636, 75, 6, 189),
(637, 121, 6, 189),
(638, 37, 6, 190),
(639, 122, 6, 190),
(642, 39, 6, 98),
(643, 83, 6, 98),
(646, 45, 6, 49),
(647, 35, 6, 49),
(648, 111, 6, 191),
(649, 27, 6, 192),
(650, 123, 6, 192),
(651, 37, 6, 193),
(652, 90, 6, 193),
(653, 106, 6, 194),
(654, 51, 6, 194),
(655, 81, 6, 196),
(656, 124, 6, 196),
(658, 33, 6, 197),
(659, 57, 6, 197),
(660, 114, 6, 197),
(666, 125, 6, 199),
(667, 26, 6, 200),
(668, 128, 6, 200),
(669, 26, 6, 201),
(670, 128, 6, 201),
(671, 113, 6, 202),
(672, 114, 6, 202),
(673, 129, 6, 203),
(676, 51, 6, 198),
(677, 125, 6, 198),
(678, 104, 6, 198),
(679, 126, 6, 198),
(680, 127, 6, 198),
(681, 33, 6, 205),
(682, 111, 6, 206),
(683, 130, 6, 206),
(684, 131, 6, 206),
(685, 132, 6, 206),
(686, 133, 6, 206),
(695, 111, 6, 207),
(696, 130, 6, 207),
(697, 134, 6, 208),
(698, 135, 6, 208),
(699, 136, 6, 208),
(700, 39, 6, 210),
(701, 104, 6, 210),
(702, 127, 6, 210),
(711, 37, 6, 211),
(714, 47, 6, 212),
(715, 81, 6, 212),
(716, 47, 6, 213),
(717, 81, 6, 213),
(718, 25, 6, 214),
(719, 106, 6, 214),
(720, 25, 6, 215),
(729, 47, 6, 174),
(730, 81, 6, 174),
(731, 137, 6, 216),
(732, 95, 6, 217),
(733, 75, 6, 218),
(734, 74, 6, 218),
(735, 33, 6, 219),
(736, 51, 6, 220),
(737, 26, 6, 220),
(738, 95, 6, 221),
(743, 141, 6, 224),
(744, 27, 6, 224),
(745, 25, 6, 225),
(746, 142, 6, 225),
(749, 37, 6, 226),
(750, 70, 6, 226),
(751, 137, 6, 227),
(752, 33, 6, 227),
(756, 50, 6, 229),
(757, 85, 6, 229),
(758, 54, 6, 230),
(759, 143, 6, 230),
(760, 25, 6, 230),
(761, 144, 6, 230),
(762, 49, 6, 231),
(763, 145, 6, 231),
(764, 23, 6, 231),
(765, 37, 6, 232),
(766, 70, 6, 232),
(767, 37, 6, 233),
(768, 146, 6, 233),
(769, 36, 6, 234),
(770, 147, 6, 234),
(773, 37, 6, 236),
(774, 90, 6, 236),
(775, 37, 6, 237),
(776, 90, 6, 237),
(777, 39, 6, 238),
(778, 104, 6, 238),
(779, 126, 6, 238),
(780, 95, 6, 239),
(781, 51, 6, 239),
(782, 38, 6, 240),
(783, 148, 6, 240),
(784, 149, 6, 240),
(785, 50, 6, 241),
(786, 76, 6, 241),
(787, 37, 6, 242),
(788, 70, 6, 242),
(789, 53, 6, 243),
(790, 95, 6, 243),
(791, 150, 6, 243),
(792, 39, 6, 244),
(793, 104, 6, 244),
(796, 39, 6, 246),
(797, 83, 6, 246),
(798, 50, 6, 247),
(799, 85, 6, 247),
(800, 37, 6, 248),
(801, 101, 6, 248),
(802, 37, 6, 249),
(803, 95, 6, 250),
(804, 151, 6, 250),
(805, 152, 6, 250),
(806, 153, 6, 250),
(807, 26, 6, 251),
(808, 154, 6, 251),
(810, 155, 6, 252),
(812, 155, 6, 253),
(813, 48, 6, 254),
(814, 36, 6, 256),
(815, 147, 6, 256),
(816, 155, 6, 257),
(817, 94, 6, 257),
(818, 33, 6, 258),
(819, 51, 6, 258),
(820, 41, 6, 259),
(821, 156, 6, 259),
(822, 157, 6, 259),
(823, 39, 6, 260),
(824, 40, 6, 260),
(825, 25, 6, 261),
(826, 79, 6, 261),
(827, 37, 6, 262),
(828, 37, 6, 263),
(829, 158, 6, 263),
(830, 159, 6, 263),
(831, 31, 6, 264),
(832, 48, 6, 264),
(833, 155, 6, 265),
(834, 129, 6, 265),
(836, 155, 6, 268),
(837, 25, 6, 268),
(838, 160, 6, 268),
(839, 37, 6, 269),
(840, 70, 6, 269),
(841, 37, 6, 270),
(842, 70, 6, 270),
(843, 47, 6, 271),
(844, 161, 6, 271),
(845, 37, 6, 272),
(846, 162, 6, 272),
(847, 53, 6, 273),
(848, 69, 6, 273),
(849, 39, 6, 274),
(850, 104, 6, 274),
(851, 48, 6, 275),
(852, 39, 6, 276),
(853, 162, 6, 276),
(854, 31, 6, 277),
(855, 113, 6, 277),
(856, 106, 6, 278),
(857, 25, 6, 278),
(858, 41, 6, 279),
(859, 163, 6, 279),
(860, 53, 6, 280),
(861, 26, 6, 281),
(862, 164, 6, 281),
(863, 48, 6, 282),
(864, 126, 6, 283),
(865, 104, 6, 283),
(866, 165, 6, 284),
(867, 104, 6, 285),
(868, 39, 6, 285),
(869, 166, 6, 285),
(870, 26, 6, 286),
(871, 154, 6, 286),
(872, 28, 6, 287),
(873, 167, 6, 287),
(874, 26, 6, 288),
(875, 164, 6, 288),
(876, 63, 6, 289),
(877, 168, 6, 289),
(878, 169, 6, 289),
(879, 170, 6, 289),
(880, 110, 6, 290),
(881, 171, 6, 290),
(882, 39, 6, 290),
(883, 40, 6, 290),
(884, 39, 6, 291),
(885, 104, 6, 291),
(886, 126, 6, 291),
(887, 30, 6, 292),
(888, 29, 6, 292),
(889, 37, 6, 293),
(890, 125, 6, 294),
(891, 51, 6, 294),
(892, 30, 6, 295),
(893, 45, 6, 296),
(894, 53, 6, 296),
(895, 169, 6, 296),
(896, 113, 6, 297),
(897, 166, 6, 297),
(898, 125, 6, 298),
(899, 51, 6, 298),
(900, 26, 6, 299),
(901, 128, 6, 299),
(902, 39, 6, 299),
(903, 40, 6, 299),
(904, 47, 6, 300),
(905, 81, 6, 300),
(906, 44, 6, 300),
(907, 104, 6, 301),
(908, 127, 6, 301),
(909, 26, 6, 302),
(910, 172, 6, 302),
(911, 113, 6, 303),
(912, 44, 6, 304),
(913, 47, 6, 304),
(914, 81, 6, 304),
(917, 31, 6, 307),
(918, 113, 6, 307),
(919, 113, 6, 308),
(920, 114, 6, 308),
(921, 31, 6, 308),
(922, 25, 6, 309),
(923, 47, 6, 310),
(924, 173, 6, 310),
(925, 24, 6, 310),
(926, 25, 6, 311),
(929, 75, 6, 313),
(930, 74, 6, 313),
(931, 75, 6, 312),
(932, 74, 6, 312),
(933, 26, 6, 314),
(934, 172, 6, 314),
(935, 75, 6, 315),
(936, 74, 6, 315),
(937, 26, 6, 316),
(938, 86, 6, 316),
(939, 31, 6, 317),
(940, 113, 6, 317),
(941, 114, 6, 317),
(942, 31, 6, 318),
(943, 113, 6, 318),
(944, 114, 6, 318),
(945, 75, 6, 319),
(946, 28, 6, 320),
(947, 26, 6, 320),
(948, 175, 6, 320),
(949, 31, 6, 321),
(950, 113, 6, 321),
(951, 79, 6, 321),
(952, 47, 6, 322),
(953, 176, 6, 323),
(954, 111, 6, 324),
(955, 177, 6, 324),
(956, 50, 6, 325),
(957, 85, 6, 325),
(958, 37, 6, 326),
(959, 37, 6, 327),
(960, 90, 6, 327),
(961, 30, 6, 328),
(962, 53, 6, 328),
(963, 27, 6, 329),
(964, 123, 6, 329),
(965, 27, 6, 330),
(966, 178, 6, 330),
(967, 179, 6, 331),
(968, 180, 6, 331),
(969, 95, 6, 332),
(970, 151, 6, 332),
(971, 31, 6, 333),
(972, 113, 6, 333),
(973, 32, 6, 333),
(974, 39, 6, 334),
(975, 104, 6, 334),
(976, 126, 6, 334),
(977, 37, 6, 335),
(978, 70, 6, 335),
(984, 41, 6, 337),
(985, 183, 6, 337),
(986, 95, 6, 338),
(987, 39, 6, 339),
(988, 104, 6, 339),
(989, 94, 6, 340),
(990, 26, 6, 340),
(991, 25, 6, 341),
(992, 144, 6, 341),
(993, 39, 6, 342),
(994, 104, 6, 342),
(995, 184, 6, 342),
(996, 75, 6, 343),
(997, 74, 6, 343),
(998, 31, 6, 344),
(999, 113, 6, 344),
(1000, 166, 6, 344),
(1002, 30, 6, 345),
(1003, 155, 6, 346),
(1004, 185, 6, 346),
(1005, 77, 6, 346),
(1006, 81, 6, 347),
(1007, 43, 6, 347),
(1008, 25, 6, 348),
(1009, 99, 6, 348),
(1010, 28, 6, 349),
(1011, 175, 6, 349),
(1015, 39, 6, 351),
(1016, 40, 6, 351),
(1017, 37, 6, 352),
(1019, 37, 6, 353),
(1022, 49, 6, 355),
(1023, 125, 6, 355),
(1024, 129, 6, 355),
(1025, 75, 6, 356),
(1026, 74, 6, 356),
(1027, 37, 6, 357),
(1028, 37, 6, 358),
(1029, 125, 6, 359),
(1030, 51, 6, 359),
(1031, 188, 6, 360),
(1032, 189, 6, 360),
(1035, 137, 6, 362),
(1036, 53, 6, 362),
(1037, 33, 6, 362),
(1038, 38, 6, 363),
(1039, 24, 6, 363),
(1040, 53, 6, 364),
(1041, 37, 6, 365),
(1042, 102, 6, 365),
(1043, 26, 6, 366),
(1044, 154, 6, 366),
(1045, 26, 6, 367),
(1046, 190, 6, 367),
(1047, 39, 6, 368),
(1048, 104, 6, 368),
(1049, 39, 6, 369),
(1050, 104, 6, 369),
(1051, 61, 6, 369),
(1052, 38, 6, 370),
(1053, 188, 6, 371),
(1054, 191, 6, 371),
(1055, 192, 6, 371),
(1056, 31, 6, 372),
(1057, 113, 6, 372),
(1058, 193, 6, 372),
(1060, 94, 6, 373),
(1063, 26, 6, 376),
(1064, 190, 6, 376),
(1065, 26, 6, 377),
(1066, 190, 6, 377),
(1067, 31, 6, 378),
(1068, 105, 6, 378),
(1069, 26, 6, 379),
(1070, 194, 6, 379),
(1071, 53, 6, 380),
(1072, 38, 6, 381),
(1073, 195, 6, 382),
(1074, 196, 6, 383),
(1075, 49, 6, 383),
(1076, 145, 6, 383),
(1077, 49, 6, 384),
(1078, 179, 6, 384),
(1079, 197, 6, 384),
(1080, 81, 6, 385),
(1081, 47, 6, 385),
(1082, 37, 6, 386),
(1083, 198, 6, 386),
(1084, 199, 6, 386),
(1085, 37, 6, 387),
(1086, 90, 6, 387),
(1087, 37, 6, 388),
(1088, 200, 6, 388),
(1089, 25, 6, 388),
(1090, 50, 6, 389),
(1091, 76, 6, 389),
(1092, 38, 6, 390),
(1093, 27, 6, 390),
(1094, 123, 6, 390),
(1095, 47, 6, 392),
(1096, 201, 6, 392),
(1097, 53, 6, 392),
(1098, 155, 6, 392),
(1099, 86, 6, 393),
(1100, 24, 6, 394),
(1101, 142, 6, 394),
(1102, 24, 6, 395),
(1103, 142, 6, 395),
(1104, 39, 6, 396),
(1105, 40, 6, 396),
(1106, 171, 6, 396),
(1107, 31, 6, 397),
(1108, 113, 6, 397),
(1109, 30, 6, 397),
(1112, 49, 6, 204),
(1113, 31, 6, 137),
(1114, 94, 6, 117),
(1115, 88, 6, 398),
(1116, 27, 6, 398),
(1117, 64, 6, 75),
(1118, 36, 6, 75),
(1119, 65, 6, 75),
(1120, 31, 6, 399),
(1121, 202, 6, 399),
(1122, 69, 6, 400),
(1123, 203, 6, 400),
(1124, 204, 6, 400),
(1125, 205, 6, 400),
(1126, 110, 6, 401),
(1127, 110, 6, 402),
(1128, 142, 6, 403),
(1129, 31, 6, 404),
(1130, 206, 6, 404),
(1131, 33, 6, 404),
(1132, 113, 6, 405),
(1133, 207, 6, 405),
(1134, 31, 6, 405),
(1135, 89, 6, 406),
(1136, 38, 6, 406),
(1137, 31, 6, 407),
(1138, 113, 6, 407),
(1139, 39, 6, 407),
(1140, 61, 6, 407),
(1141, 113, 6, 408),
(1142, 31, 6, 408),
(1143, 208, 6, 408),
(1144, 209, 6, 408),
(1145, 95, 6, 409),
(1146, 37, 6, 410),
(1147, 198, 6, 410),
(1148, 26, 6, 410),
(1149, 37, 6, 411),
(1150, 70, 6, 411),
(1153, 94, 6, 146),
(1154, 37, 6, 413),
(1155, 70, 6, 413),
(1156, 151, 6, 414),
(1157, 210, 6, 414),
(1158, 26, 6, 415),
(1159, 211, 6, 415),
(1160, 25, 6, 416),
(1161, 75, 6, 416),
(1162, 74, 6, 416),
(1163, 212, 6, 416),
(1164, 81, 6, 417),
(1165, 47, 6, 417),
(1166, 25, 6, 354),
(1167, 187, 6, 354),
(1168, 50, 6, 418),
(1169, 76, 6, 418),
(1170, 37, 6, 419),
(1171, 213, 6, 419),
(1172, 111, 6, 420),
(1173, 214, 6, 420),
(1174, 155, 6, 421),
(1175, 26, 6, 422),
(1176, 190, 6, 422),
(1177, 128, 6, 422),
(1178, 26, 6, 423),
(1179, 190, 6, 423),
(1180, 128, 6, 423),
(1181, 31, 6, 424),
(1182, 193, 6, 424),
(1183, 137, 6, 425),
(1184, 37, 6, 426),
(1185, 102, 6, 426),
(1186, 53, 6, 426),
(1187, 31, 6, 427),
(1188, 113, 6, 427),
(1189, 197, 6, 427),
(1190, 179, 6, 427),
(1191, 37, 6, 428),
(1192, 70, 6, 428),
(1193, 50, 6, 429),
(1194, 76, 6, 429),
(1195, 39, 6, 430),
(1196, 47, 6, 430),
(1197, 131, 6, 430),
(1198, 31, 6, 431),
(1199, 193, 6, 431),
(1200, 37, 6, 130),
(1201, 90, 6, 130),
(1202, 101, 6, 130),
(1203, 37, 6, 432),
(1204, 101, 6, 432),
(1205, 215, 6, 432),
(1206, 146, 6, 432),
(1207, 37, 6, 433),
(1208, 101, 6, 433),
(1209, 75, 6, 434),
(1210, 74, 6, 434),
(1211, 116, 6, 434),
(1212, 43, 6, 434),
(1213, 81, 6, 435),
(1214, 47, 6, 435),
(1215, 142, 6, 435),
(1216, 24, 6, 435),
(1217, 83, 6, 436),
(1218, 39, 6, 436),
(1219, 25, 6, 436),
(1220, 144, 6, 436),
(1221, 125, 6, 438),
(1222, 51, 6, 438),
(1223, 125, 6, 439),
(1224, 51, 6, 439),
(1225, 197, 6, 439),
(1226, 216, 6, 439),
(1227, 142, 6, 439),
(1228, 25, 6, 440),
(1229, 99, 6, 440),
(1230, 39, 6, 441),
(1231, 104, 6, 441),
(1232, 126, 6, 441),
(1233, 217, 6, 442),
(1234, 116, 6, 442),
(1235, 155, 6, 442),
(1236, 31, 6, 443),
(1237, 113, 6, 443),
(1238, 207, 6, 443),
(1239, 25, 6, 444),
(1240, 144, 6, 444),
(1241, 218, 6, 445),
(1242, 219, 6, 445),
(1243, 220, 6, 445),
(1244, 221, 6, 445),
(1245, 196, 6, 446),
(1246, 50, 6, 446),
(1247, 76, 6, 446),
(1248, 25, 6, 447),
(1249, 144, 6, 447),
(1250, 39, 6, 448),
(1251, 222, 6, 448),
(1252, 47, 6, 449),
(1253, 81, 6, 449),
(1254, 125, 6, 450),
(1255, 51, 6, 450),
(1261, 28, 6, 452),
(1262, 226, 6, 452),
(1263, 39, 6, 452),
(1264, 40, 6, 452),
(1265, 213, 6, 453),
(1266, 39, 6, 453),
(1267, 104, 6, 453),
(1268, 26, 6, 454),
(1269, 190, 6, 454),
(1270, 61, 6, 455),
(1271, 39, 6, 455),
(1272, 227, 6, 455),
(1273, 104, 6, 455),
(1274, 49, 6, 456),
(1275, 145, 6, 456),
(1276, 48, 6, 456),
(1277, 196, 6, 456),
(1278, 39, 6, 336),
(1279, 104, 6, 336),
(1280, 41, 6, 336),
(1281, 181, 6, 336),
(1282, 182, 6, 336),
(1283, 37, 6, 457),
(1284, 228, 6, 457),
(1285, 27, 6, 458),
(1286, 178, 6, 458),
(1287, 37, 6, 459),
(1288, 146, 6, 459),
(1289, 111, 6, 460),
(1290, 65, 6, 460),
(1291, 36, 6, 460),
(1292, 44, 6, 461),
(1293, 46, 6, 461),
(1294, 47, 6, 461),
(1295, 37, 6, 462),
(1296, 229, 6, 462),
(1297, 230, 6, 462),
(1298, 113, 6, 463),
(1299, 207, 6, 463),
(1300, 31, 6, 463),
(1301, 39, 6, 464),
(1302, 104, 6, 464),
(1303, 75, 6, 464),
(1304, 74, 6, 464),
(1305, 33, 6, 465),
(1306, 231, 6, 465),
(1307, 48, 6, 465),
(1308, 179, 6, 374),
(1309, 51, 6, 374),
(1313, 39, 6, 467),
(1314, 40, 6, 467),
(1315, 86, 6, 467),
(1316, 232, 6, 468),
(1317, 233, 6, 468),
(1318, 234, 6, 468),
(1319, 37, 6, 469),
(1320, 70, 6, 469),
(1321, 26, 6, 470),
(1322, 211, 6, 470),
(1323, 46, 6, 470),
(1324, 47, 6, 470),
(1325, 81, 6, 471),
(1326, 47, 6, 471),
(1327, 235, 6, 471),
(1328, 81, 6, 472),
(1329, 235, 6, 472),
(1330, 47, 6, 472),
(1331, 211, 6, 472),
(1332, 26, 6, 472),
(1333, 63, 6, 473),
(1334, 75, 6, 474),
(1335, 74, 6, 474),
(1336, 38, 6, 475),
(1337, 25, 6, 476),
(1338, 144, 6, 476),
(1339, 33, 6, 477),
(1340, 125, 6, 477),
(1341, 51, 6, 477),
(1342, 95, 6, 478),
(1343, 123, 6, 478),
(1344, 25, 6, 478),
(1345, 95, 6, 479),
(1346, 25, 6, 479),
(1347, 144, 6, 479),
(1348, 39, 6, 480),
(1349, 104, 6, 480),
(1350, 126, 6, 480),
(1351, 39, 6, 481),
(1352, 104, 6, 481),
(1353, 126, 6, 481),
(1354, 236, 6, 482),
(1358, 37, 6, 484),
(1359, 70, 6, 484),
(1360, 39, 6, 451),
(1361, 83, 6, 451),
(1362, 223, 6, 451),
(1363, 224, 6, 451),
(1364, 225, 6, 451),
(1365, 134, 6, 306),
(1366, 135, 6, 306),
(1367, 38, 6, 223),
(1368, 138, 6, 223),
(1369, 139, 6, 223),
(1370, 140, 6, 223),
(1371, 39, 6, 485),
(1372, 40, 6, 485),
(1373, 237, 6, 485),
(1374, 39, 6, 486),
(1375, 40, 6, 486),
(1376, 171, 6, 486),
(1377, 37, 6, 487),
(1378, 199, 6, 487),
(1379, 76, 6, 488),
(1380, 50, 6, 488),
(1381, 126, 6, 489),
(1382, 104, 6, 489),
(1383, 39, 6, 489),
(1384, 25, 6, 490),
(1385, 144, 6, 490),
(1386, 65, 6, 491),
(1387, 36, 6, 491),
(1388, 37, 6, 492),
(1389, 158, 6, 492),
(1390, 159, 6, 492),
(1391, 26, 6, 493),
(1392, 211, 6, 493),
(1393, 26, 6, 494),
(1394, 238, 6, 494),
(1395, 75, 6, 495),
(1396, 74, 6, 495),
(1397, 86, 6, 496),
(1398, 239, 6, 496),
(1399, 37, 6, 497),
(1400, 199, 6, 497),
(1401, 50, 6, 498),
(1402, 76, 6, 498),
(1403, 25, 6, 499),
(1404, 144, 6, 499),
(1405, 31, 6, 466),
(1406, 113, 6, 466),
(1407, 207, 6, 466),
(1408, 240, 6, 179),
(1409, 31, 6, 179),
(1410, 113, 6, 179),
(1411, 114, 6, 179),
(1412, 155, 6, 500),
(1413, 24, 6, 501),
(1414, 142, 6, 501),
(1415, 86, 6, 501),
(1416, 239, 6, 501),
(1417, 37, 6, 502),
(1418, 70, 6, 502),
(1419, 37, 6, 503),
(1420, 215, 6, 503),
(1421, 37, 6, 504),
(1422, 122, 6, 504),
(1423, 37, 6, 505),
(1424, 122, 6, 505),
(1425, 37, 6, 506),
(1426, 90, 6, 506),
(1427, 37, 6, 507),
(1428, 101, 6, 507),
(1429, 37, 6, 508),
(1430, 101, 6, 508),
(1431, 37, 6, 509),
(1432, 101, 6, 509),
(1433, 37, 6, 510),
(1434, 101, 6, 510),
(1435, 37, 6, 511),
(1436, 101, 6, 511),
(1437, 37, 6, 512),
(1438, 101, 6, 512),
(1439, 37, 6, 513),
(1440, 101, 6, 513),
(1441, 37, 6, 514),
(1442, 101, 6, 514),
(1443, 37, 6, 515),
(1444, 101, 6, 515),
(1445, 37, 6, 516),
(1446, 101, 6, 516),
(1447, 195, 6, 517),
(1448, 44, 6, 518),
(1449, 39, 6, 519),
(1450, 83, 6, 519),
(1451, 39, 6, 520),
(1452, 104, 6, 520),
(1453, 83, 6, 520),
(1454, 241, 6, 520),
(1455, 242, 6, 520),
(1456, 26, 6, 521),
(1457, 211, 6, 521),
(1458, 95, 6, 522),
(1459, 152, 6, 522),
(1462, 39, 6, 524),
(1463, 130, 6, 524),
(1464, 37, 6, 525),
(1465, 70, 6, 525),
(1466, 90, 6, 525),
(1467, 39, 6, 527),
(1468, 166, 6, 527),
(1469, 113, 6, 527),
(1470, 104, 6, 527),
(1471, 37, 6, 528),
(1472, 70, 6, 528),
(1473, 37, 6, 529),
(1474, 70, 6, 529),
(1475, 101, 6, 412),
(1476, 37, 6, 412),
(1477, 90, 6, 412),
(1478, 37, 6, 235),
(1479, 90, 6, 235),
(1480, 142, 6, 530),
(1481, 24, 6, 530),
(1482, 38, 6, 530),
(1483, 113, 6, 531),
(1484, 114, 6, 531),
(1485, 26, 6, 533),
(1486, 155, 6, 535),
(1487, 191, 6, 535),
(1488, 54, 6, 536),
(1489, 128, 6, 536),
(1490, 243, 6, 536),
(1491, 26, 6, 536),
(1492, 47, 6, 536),
(1493, 244, 6, 536),
(1494, 29, 6, 537),
(1495, 33, 6, 538),
(1496, 155, 6, 539),
(1497, 206, 6, 539),
(1498, 142, 6, 540),
(1499, 24, 6, 540),
(1500, 111, 6, 541),
(1501, 33, 6, 542),
(1502, 55, 6, 483),
(1503, 85, 6, 483),
(1504, 56, 6, 483),
(1505, 55, 6, 543),
(1506, 85, 6, 543),
(1507, 95, 6, 544),
(1508, 37, 6, 545),
(1509, 70, 6, 545),
(1510, 37, 6, 546),
(1511, 198, 6, 548),
(1512, 37, 6, 548),
(1513, 37, 6, 549),
(1514, 37, 6, 550),
(1515, 245, 6, 550),
(1516, 43, 6, 551),
(1517, 38, 6, 552),
(1518, 138, 6, 552),
(1519, 26, 6, 553),
(1520, 172, 6, 553),
(1521, 33, 6, 554),
(1522, 57, 6, 554),
(1523, 114, 6, 554),
(1524, 155, 6, 555),
(1525, 86, 6, 555),
(1526, 113, 6, 556),
(1527, 31, 6, 556),
(1528, 193, 6, 556),
(1529, 113, 6, 557),
(1530, 31, 6, 557),
(1531, 193, 6, 557),
(1534, 57, 6, 558),
(1535, 33, 6, 558),
(1536, 37, 6, 559),
(1537, 245, 6, 559),
(1538, 27, 6, 560),
(1539, 178, 6, 560),
(1540, 25, 6, 561),
(1541, 246, 6, 561),
(1542, 247, 6, 561),
(1543, 25, 6, 562),
(1544, 82, 6, 562),
(1545, 144, 6, 562),
(1546, 45, 6, 563),
(1547, 248, 6, 563),
(1548, 249, 6, 563),
(1549, 41, 6, 564),
(1550, 250, 6, 564),
(1551, 251, 6, 564),
(1552, 39, 6, 564),
(1553, 104, 6, 564),
(1554, 39, 6, 565),
(1555, 104, 6, 565),
(1556, 41, 6, 565),
(1557, 250, 6, 565),
(1558, 251, 6, 565),
(1559, 37, 6, 566),
(1560, 199, 6, 566),
(1561, 26, 6, 567),
(1562, 211, 6, 567),
(1563, 26, 6, 568),
(1564, 211, 6, 568),
(1565, 95, 6, 569),
(1566, 155, 6, 569),
(1567, 167, 6, 570),
(1568, 28, 6, 570),
(1569, 95, 6, 571),
(1570, 155, 6, 571),
(1571, 155, 6, 572),
(1572, 106, 6, 573),
(1573, 252, 6, 573),
(1574, 49, 6, 574),
(1575, 253, 6, 574),
(1576, 28, 6, 575),
(1577, 33, 6, 576),
(1578, 57, 6, 576),
(1579, 39, 6, 577),
(1580, 40, 6, 577),
(1581, 26, 6, 578),
(1582, 172, 6, 578),
(1583, 54, 6, 578),
(1584, 33, 6, 578),
(1585, 38, 6, 579),
(1586, 33, 6, 580),
(1587, 211, 6, 580),
(1588, 26, 6, 580),
(1589, 44, 6, 581),
(1590, 23, 6, 581),
(1591, 24, 6, 582),
(1592, 142, 6, 582),
(1593, 106, 6, 228),
(1594, 39, 6, 228),
(1595, 61, 6, 228),
(1596, 76, 6, 361),
(1597, 50, 6, 361),
(1600, 76, 6, 583),
(1601, 254, 6, 583),
(1604, 83, 6, 585),
(1605, 241, 6, 585),
(1606, 70, 6, 586),
(1607, 37, 6, 586),
(1735, 39, 6, 523),
(1736, 130, 6, 523),
(1741, 3, 6, 587),
(1742, 4, 6, 587),
(1764, 3, 6, 589),
(1765, 3, 6, 590),
(1766, 3, 6, 591),
(1767, 3, 6, 592),
(1768, 3, 6, 593),
(1769, 3, 6, 594),
(1770, 3, 6, 595),
(1771, 3, 6, 596),
(1772, 3, 6, 597),
(1773, 3, 6, 598),
(1774, 3, 6, 599),
(1775, 3, 6, 600),
(1776, 5, 6, 601),
(1777, 5, 6, 602),
(1778, 26, 6, 602),
(2089, 5, 6, 603),
(2090, 26, 6, 603),
(2103, 106, 6, 584),
(2104, 113, 6, 584),
(2125, 37, 6, 588),
(2126, 3, 6, 588),
(2127, 5, 6, 588),
(2166, 39, 6, 350),
(2167, 104, 6, 350),
(2168, 186, 6, 350),
(2169, 5, 6, 604),
(2170, 26, 6, 604),
(2187, 3, 6, 605),
(2188, 3, 6, 606),
(2193, 39, 6, 245),
(2194, 104, 6, 245);

-- --------------------------------------------------------

--
-- Структура таблицы `thems_list`
--

CREATE TABLE `thems_list` (
  `id` int NOT NULL,
  `name` text CHARACTER SET utf8mb4 COLLATE utf8mb4_unicode_ci NOT NULL,
  `father` int NOT NULL DEFAULT '0',
  `count` int NOT NULL DEFAULT '0'
) ENGINE=InnoDB DEFAULT CHARSET=utf8mb4 COLLATE=utf8mb4_unicode_ci;

--
-- Дамп данных таблицы `thems_list`
--

INSERT INTO `thems_list` (`id`, `name`, `father`, `count`) VALUES
(3, 'Зодчество', 0, 0),
(4, 'Строительство', 0, 0),
(5, 'Архитектура', 0, 0),
(6, 'Природа', 0, 0),
(23, 'Литература', 0, 0),
(24, 'Награждения', 0, 0),
(25, 'Образование', 0, 0),
(26, 'Промышленность', 0, 0),
(27, 'Культурно-просветительская работа', 0, 0),
(28, 'Финансы', 0, 0),
(29, 'Горное дело', 0, 0),
(30, 'Добыча полезных ископаемых', 0, 0),
(31, 'Религия', 0, 0),
(32, 'Борьба с пожарами', 0, 0),
(33, 'Правосудие', 0, 0),
(34, 'Побратимские связи', 0, 0),
(35, 'Административно-территориальное деление', 0, 0),
(36, 'Связь', 0, 0),
(37, 'Спорт', 0, 0),
(38, 'Здравоохранение', 0, 0),
(39, 'Транспорт', 0, 0),
(40, 'Железнодорожный транспорт', 0, 0),
(41, 'Общественно-политическая жизнь', 0, 0),
(42, 'Издательское дело', 0, 0),
(43, 'Рыбное хозяйство', 0, 0),
(44, 'Социальное обеспечение', 0, 0),
(45, 'Население', 0, 0),
(46, 'Русско-японская война 1904-1905 гг. ', 0, 0),
(47, 'Войны и военные конфликты', 0, 0),
(48, 'Ссылка', 0, 0),
(49, 'Исполнение наказаний', 0, 0),
(50, 'Искусство', 0, 0),
(51, 'Государственная власть и управление', 0, 0),
(52, 'Канцелярия олонецкого губернатора', 0, 0),
(53, 'Быт населения', 0, 0),
(54, 'Труд', 0, 0),
(55, 'Музыка', 0, 0),
(56, 'Ансамбли', 0, 0),
(57, 'Суды', 0, 0),
(58, 'Охрана окружающей среды', 0, 0),
(59, 'Заповедники', 0, 0),
(60, 'Заповедник \"Кивач\"', 0, 0),
(61, 'Морской транспорт', 0, 0),
(62, 'Денежное обращение', 0, 0),
(63, 'Подданство', 0, 0),
(64, 'Филателия', 0, 0),
(65, 'Почтовая связь', 0, 0),
(66, 'Недвижимость', 0, 0),
(67, 'Договоры', 0, 0),
(68, 'Благотоврительность', 0, 0),
(69, 'Праздники', 0, 0),
(70, 'Футбол', 0, 0),
(71, 'Вспомогательные исторические дисциплины', 0, 0),
(72, 'Флаги', 0, 0),
(73, 'Государственные символы', 0, 0),
(74, 'Научные мероприятия', 0, 0),
(75, 'Наука', 0, 0),
(76, 'Театр', 0, 0),
(77, 'Благоустройство', 0, 0),
(78, 'Сады. Парки', 0, 0),
(79, 'Духовное образование', 0, 0),
(80, 'Олонецкая духовная семинария', 0, 0),
(81, 'Великая Отечественная война 1941-1945 гг.', 0, 0),
(82, 'Средние учебные заведения', 0, 0),
(83, 'Автомобильный транспорт', 0, 0),
(84, 'Автоспорт', 0, 0),
(85, 'Музыкальное искусство', 0, 0),
(86, 'Лесное хозяйство', 0, 0),
(87, 'Таможни', 0, 0),
(88, 'Кинотеатры', 0, 0),
(89, 'Медицина', 0, 0),
(90, 'Хоккей', 0, 0),
(91, 'Национальный состав', 0, 0),
(92, 'Пулевая стрельба', 0, 0),
(93, 'сяндеба', 0, 0),
(94, 'Жилищно-коммунальное хозяйство', 0, 0),
(95, 'Сельское хозяйство', 0, 0),
(96, 'Садоводство', 0, 0),
(97, 'Кинематография', 0, 0),
(98, 'Астрономия', 0, 0),
(99, 'Школы', 0, 0),
(100, 'Гимназии', 0, 0),
(101, 'Хоккей с мячом', 0, 0),
(102, 'Городки (вид спорта)', 0, 0),
(103, 'Общественное питание', 0, 0),
(104, 'Водный транспорт', 0, 0),
(105, 'Евангелическо-лютеранская церковь', 0, 0),
(106, 'Благотворительность', 0, 0),
(107, 'Стадионы', 0, 0),
(108, 'Охота', 0, 0),
(109, 'Биатлон', 0, 0),
(110, 'Международные отношения', 0, 0),
(111, 'Вооруженные силы', 0, 0),
(112, 'Флот', 0, 0),
(113, 'Православие', 0, 0),
(114, 'Храмы', 0, 0),
(115, 'Биологические станция', 0, 0),
(116, 'Научные учреждения', 0, 0),
(117, 'Просвещение', 0, 0),
(118, 'Государственное устройство', 0, 0),
(119, 'Национальные меньшинства России', 0, 0),
(120, 'Цыгане', 0, 0),
(121, 'Полезные ископаемые', 0, 0),
(122, 'Бокс', 0, 0),
(123, 'Библиотеки', 0, 0),
(124, 'Партизанское движение', 0, 0),
(125, 'Органы исполнительной власти', 0, 0),
(126, 'Пароходства', 0, 0),
(127, 'Беломорско-Онежское пароходство', 0, 0),
(128, 'Александровский завод', 0, 0),
(129, 'Фотоателье', 0, 0),
(130, 'Авиация', 0, 0),
(131, 'Онежская военная флотилия', 0, 0),
(132, 'Энергетика', 0, 0),
(133, 'Гидроэнергетика', 0, 0),
(134, 'Средства массовой информации', 0, 0),
(135, 'Газеты', 0, 0),
(136, 'Журналы', 0, 0),
(137, 'Торговля', 0, 0),
(138, 'Санитария и гигиена', 0, 0),
(139, 'Санитарно-просветительская работа', 0, 0),
(140, 'Дератизация', 0, 0),
(141, 'Живопись', 0, 0),
(142, 'Награды. Почетные звания', 0, 0),
(143, 'Трудовой стаж', 0, 0),
(144, 'Профессиональное образование', 0, 0),
(145, 'Тюрьмы', 0, 0),
(146, 'Баскетбол', 0, 0),
(147, 'Радиосвязь', 0, 0),
(148, 'Аптечное дело', 0, 0),
(149, 'Аптеки', 0, 0),
(150, 'Коневодство', 0, 0),
(151, 'Животноводство', 0, 0),
(152, 'Оленеводство', 0, 0),
(153, 'Колхозы', 0, 0),
(154, 'Местная промышленность', 0, 0),
(155, 'Городское хозяйство', 0, 0),
(156, 'Спортивные и оборонно-спортивные общества и союзы', 0, 0),
(157, 'ОСВОД', 0, 0),
(158, 'Шахматы', 0, 0),
(159, 'Шашки (игра)', 0, 0),
(160, 'Олонецкая губернская мужская гимназия', 0, 0),
(161, 'Советско-финляндская война (1939-1940)', 0, 0),
(162, 'Автомобильный спорт', 0, 0),
(163, 'Общественные организации', 0, 0),
(164, 'Металлургия', 0, 0),
(165, 'Страхование', 0, 0),
(166, 'Монастыри', 0, 0),
(167, 'Банки', 0, 0),
(168, 'Греки', 0, 0),
(169, 'Нищенство', 0, 0),
(170, 'Труд и занятость населения', 0, 0),
(171, 'Кировская (Мурманская) железная дорога', 0, 0),
(172, 'Лесная промышленность', 0, 0),
(173, 'Отечественная война 1812-1814 гг.', 0, 0),
(174, 'Выставки', 0, 0),
(175, 'Налоги', 0, 0),
(176, 'Кооперация', 0, 0),
(177, 'Комплектование вооруженных сил', 0, 0),
(178, 'Музеи', 0, 0),
(179, 'Охрана правопорядка', 0, 0),
(180, 'Милиция', 0, 0),
(181, 'Спортивные и оборонно-спортивные общества', 0, 0),
(182, 'Всероссийское общество спасания на водах (ОСВОД)', 0, 0),
(183, 'Антирелигиозная пропаганда', 0, 0),
(184, 'Беломорско-Балтийский канал', 0, 0),
(185, 'Сады и парки', 0, 0),
(186, 'Аварии морских, речных и озерных судов', 0, 0),
(187, 'Воспитание', 0, 0),
(188, 'Дорожное хозяйство', 0, 0),
(189, 'Ремонт дорог', 0, 0),
(190, 'Горная и металлургическая промышленность', 0, 0),
(191, 'Мосты', 0, 0),
(192, 'Дорожное строительство', 0, 0),
(193, 'Старообрядчество', 0, 0),
(194, 'Легкая промышленность', 0, 0),
(195, 'Регистрационный учет населения', 0, 0),
(196, 'Политическая ссылка', 0, 0),
(197, 'Полиция', 0, 0),
(198, 'Лыжный спорт', 0, 0),
(199, 'Конькобежный спорт', 0, 0),
(200, 'Детско-юношеские клубы', 0, 0),
(201, 'Военнопленные', 0, 0),
(202, 'Католицизм', 0, 0),
(203, 'Юбилеи', 0, 0),
(204, 'Официальные празднества', 0, 0),
(205, 'Значки', 0, 0),
(206, 'Кладбища', 0, 0),
(207, 'Часовни', 0, 0),
(208, 'Православные братства', 0, 0),
(209, 'Александро-Свирское братство', 0, 0),
(210, 'Собаководство', 0, 0),
(211, 'Судостроительная промышленность', 0, 0),
(212, 'Гидрометеорологические станции', 0, 0),
(213, 'Туризм', 0, 0),
(214, 'Гражданская война', 0, 0),
(215, 'Волейбол', 0, 0),
(216, 'Почетные граждане', 0, 0),
(217, 'Архивы', 0, 0),
(218, 'Природные ресурсы', 0, 0),
(219, 'Животный мир', 0, 0),
(220, 'Состав и количество диких животных', 0, 0),
(221, 'Размещение диких животных', 0, 0),
(222, 'Гужевой транспорт', 0, 0),
(223, 'Органы местного самоуправления', 0, 0),
(224, 'Петрозаводская городская дума', 0, 0),
(225, 'Думы', 0, 0),
(226, 'Бухгалтерский учет', 0, 0),
(227, 'Порты', 0, 0),
(228, 'Водный спорт', 0, 0),
(229, 'Восточные единоборства', 0, 0),
(230, 'Самбо', 0, 0),
(231, 'Прокуратура', 0, 0),
(232, 'Контроль', 0, 0),
(233, 'Государственный контроль', 0, 0),
(234, 'Органы управления государственным контролем', 0, 0),
(235, 'Эвакуация', 0, 0),
(236, 'Краеведение', 0, 0),
(237, 'Олонецкая железная дорога', 0, 0),
(238, 'Радиопромышленность', 0, 0),
(239, 'Лесничества', 0, 0),
(240, 'Часовн', 0, 0),
(241, 'Автомобильные аварии', 0, 0),
(242, 'Спасение утопающих', 0, 0),
(243, 'Трудовые отношения', 0, 0),
(244, 'Первая Мировая война', 0, 0),
(245, 'Физическое воспитание детей', 0, 0),
(246, 'Петрозаводский государственный университет', 0, 0),
(247, 'Высшее образование', 0, 0),
(248, 'Миграция населения', 0, 0),
(249, 'Беженцы', 0, 0),
(250, 'Пропаганда', 0, 0),
(251, 'Агитпункты', 0, 0),
(252, 'Стихийные бедствия', 0, 0),
(253, 'Административная ссылка', 0, 0),
(254, 'Балет', 0, 0),
(255, 'test', 0, 0),
(269, 'testik1', 0, 0);

-- --------------------------------------------------------

--
-- Структура таблицы `types_levels`
--

CREATE TABLE `types_levels` (
  `id` int NOT NULL,
  `name` text CHARACTER SET utf8mb4 COLLATE utf8mb4_unicode_ci NOT NULL,
  `text` text CHARACTER SET utf8mb4 COLLATE utf8mb4_unicode_ci NOT NULL,
  `prim` text CHARACTER SET utf8mb4 COLLATE utf8mb4_unicode_ci NOT NULL
) ENGINE=InnoDB DEFAULT CHARSET=utf8mb4 COLLATE=utf8mb4_unicode_ci;

--
-- Дамп данных таблицы `types_levels`
--

INSERT INTO `types_levels` (`id`, `name`, `text`, `prim`) VALUES
(1, 'fond', 'Фонд', 'Фонды'),
(2, 'opis', 'Опись', 'Описи'),
(3, 'delo', 'Дело', 'Дело'),
(4, 'list', 'Лист', 'Лист'),
(5, 'shifr', 'Шифр', 'Шифр'),
(6, 'card', 'card', 'Карточка');

--
-- Индексы сохранённых таблиц
--

--
-- Индексы таблицы `cards`
--
ALTER TABLE `cards`
  ADD PRIMARY KEY (`id`);

--
-- Индексы таблицы `cards_persons`
--
ALTER TABLE `cards_persons`
  ADD PRIMARY KEY (`id`);

--
-- Индексы таблицы `delo`
--
ALTER TABLE `delo`
  ADD PRIMARY KEY (`id`);

--
-- Индексы таблицы `doc_types`
--
ALTER TABLE `doc_types`
  ADD PRIMARY KEY (`id`);

--
-- Индексы таблицы `finders`
--
ALTER TABLE `finders`
  ADD PRIMARY KEY (`id`),
  ADD KEY `fondId` (`fondId`),
  ADD KEY `opisId` (`opisId`),
  ADD KEY `deloId` (`deloId`);

--
-- Индексы таблицы `fonds`
--
ALTER TABLE `fonds`
  ADD PRIMARY KEY (`id`);

--
-- Индексы таблицы `opisi`
--
ALTER TABLE `opisi`
  ADD PRIMARY KEY (`id`);

--
-- Индексы таблицы `persons`
--
ALTER TABLE `persons`
  ADD PRIMARY KEY (`id`);

--
-- Индексы таблицы `persons_test`
--
ALTER TABLE `persons_test`
  ADD PRIMARY KEY (`id`);

--
-- Индексы таблицы `shifrs`
--
ALTER TABLE `shifrs`
  ADD PRIMARY KEY (`id`);

--
-- Индексы таблицы `sys_actions`
--
ALTER TABLE `sys_actions`
  ADD PRIMARY KEY (`id`);

--
-- Индексы таблицы `sys_perms_roles`
--
ALTER TABLE `sys_perms_roles`
  ADD PRIMARY KEY (`id`);

--
-- Индексы таблицы `sys_perms_users`
--
ALTER TABLE `sys_perms_users`
  ADD PRIMARY KEY (`id`);

--
-- Индексы таблицы `sys_roles`
--
ALTER TABLE `sys_roles`
  ADD PRIMARY KEY (`id`);

--
-- Индексы таблицы `sys_tables_logs`
--
ALTER TABLE `sys_tables_logs`
  ADD PRIMARY KEY (`id`);

--
-- Индексы таблицы `sys_urls`
--
ALTER TABLE `sys_urls`
  ADD PRIMARY KEY (`id`);

--
-- Индексы таблицы `sys_urls_roles`
--
ALTER TABLE `sys_urls_roles`
  ADD PRIMARY KEY (`id`);

--
-- Индексы таблицы `sys_users`
--
ALTER TABLE `sys_users`
  ADD PRIMARY KEY (`id`);

--
-- Индексы таблицы `thems`
--
ALTER TABLE `thems`
  ADD PRIMARY KEY (`id`);

--
-- Индексы таблицы `thems_list`
--
ALTER TABLE `thems_list`
  ADD PRIMARY KEY (`id`);

--
-- Индексы таблицы `types_levels`
--
ALTER TABLE `types_levels`
  ADD PRIMARY KEY (`id`);

--
-- AUTO_INCREMENT для сохранённых таблиц
--

--
-- AUTO_INCREMENT для таблицы `cards`
--
ALTER TABLE `cards`
  MODIFY `id` int NOT NULL AUTO_INCREMENT, AUTO_INCREMENT=607;

--
-- AUTO_INCREMENT для таблицы `cards_persons`
--
ALTER TABLE `cards_persons`
  MODIFY `id` int NOT NULL AUTO_INCREMENT, AUTO_INCREMENT=765;

--
-- AUTO_INCREMENT для таблицы `delo`
--
ALTER TABLE `delo`
  MODIFY `id` int NOT NULL AUTO_INCREMENT, AUTO_INCREMENT=475;

--
-- AUTO_INCREMENT для таблицы `doc_types`
--
ALTER TABLE `doc_types`
  MODIFY `id` int NOT NULL AUTO_INCREMENT, AUTO_INCREMENT=4;

--
-- AUTO_INCREMENT для таблицы `finders`
--
ALTER TABLE `finders`
  MODIFY `id` int NOT NULL AUTO_INCREMENT;

--
-- AUTO_INCREMENT для таблицы `fonds`
--
ALTER TABLE `fonds`
  MODIFY `id` int NOT NULL AUTO_INCREMENT, AUTO_INCREMENT=170;

--
-- AUTO_INCREMENT для таблицы `opisi`
--
ALTER TABLE `opisi`
  MODIFY `id` int NOT NULL AUTO_INCREMENT, AUTO_INCREMENT=234;

--
-- AUTO_INCREMENT для таблицы `persons`
--
ALTER TABLE `persons`
  MODIFY `id` int NOT NULL AUTO_INCREMENT, AUTO_INCREMENT=460;

--
-- AUTO_INCREMENT для таблицы `persons_test`
--
ALTER TABLE `persons_test`
  MODIFY `id` int NOT NULL AUTO_INCREMENT, AUTO_INCREMENT=460;

--
-- AUTO_INCREMENT для таблицы `shifrs`
--
ALTER TABLE `shifrs`
  MODIFY `id` int NOT NULL AUTO_INCREMENT, AUTO_INCREMENT=582;

--
-- AUTO_INCREMENT для таблицы `sys_actions`
--
ALTER TABLE `sys_actions`
  MODIFY `id` int NOT NULL AUTO_INCREMENT;

--
-- AUTO_INCREMENT для таблицы `sys_perms_roles`
--
ALTER TABLE `sys_perms_roles`
  MODIFY `id` int NOT NULL AUTO_INCREMENT;

--
-- AUTO_INCREMENT для таблицы `sys_perms_users`
--
ALTER TABLE `sys_perms_users`
  MODIFY `id` int NOT NULL AUTO_INCREMENT;

--
-- AUTO_INCREMENT для таблицы `sys_roles`
--
ALTER TABLE `sys_roles`
  MODIFY `id` int NOT NULL AUTO_INCREMENT, AUTO_INCREMENT=7;

--
-- AUTO_INCREMENT для таблицы `sys_tables_logs`
--
ALTER TABLE `sys_tables_logs`
  MODIFY `id` int NOT NULL AUTO_INCREMENT;

--
-- AUTO_INCREMENT для таблицы `sys_urls`
--
ALTER TABLE `sys_urls`
  MODIFY `id` int NOT NULL AUTO_INCREMENT, AUTO_INCREMENT=4;

--
-- AUTO_INCREMENT для таблицы `sys_urls_roles`
--
ALTER TABLE `sys_urls_roles`
  MODIFY `id` int NOT NULL AUTO_INCREMENT, AUTO_INCREMENT=5;

--
-- AUTO_INCREMENT для таблицы `sys_users`
--
ALTER TABLE `sys_users`
  MODIFY `id` int NOT NULL AUTO_INCREMENT, AUTO_INCREMENT=13;

--
-- AUTO_INCREMENT для таблицы `thems`
--
ALTER TABLE `thems`
  MODIFY `id` int NOT NULL AUTO_INCREMENT, AUTO_INCREMENT=2195;

--
-- AUTO_INCREMENT для таблицы `thems_list`
--
ALTER TABLE `thems_list`
  MODIFY `id` int NOT NULL AUTO_INCREMENT, AUTO_INCREMENT=270;

--
-- AUTO_INCREMENT для таблицы `types_levels`
--
ALTER TABLE `types_levels`
  MODIFY `id` int NOT NULL AUTO_INCREMENT, AUTO_INCREMENT=7;

--
-- Ограничения внешнего ключа сохраненных таблиц
--

--
-- Ограничения внешнего ключа таблицы `finders`
--
ALTER TABLE `finders`
  ADD CONSTRAINT `finders_ibfk_1` FOREIGN KEY (`fondId`) REFERENCES `fonds` (`id`) ON DELETE CASCADE,
  ADD CONSTRAINT `finders_ibfk_2` FOREIGN KEY (`opisId`) REFERENCES `opisi` (`id`) ON DELETE CASCADE,
  ADD CONSTRAINT `finders_ibfk_3` FOREIGN KEY (`deloId`) REFERENCES `delo` (`id`) ON DELETE CASCADE;
COMMIT;

/*!40101 SET CHARACTER_SET_CLIENT=@OLD_CHARACTER_SET_CLIENT */;
/*!40101 SET CHARACTER_SET_RESULTS=@OLD_CHARACTER_SET_RESULTS */;
/*!40101 SET COLLATION_CONNECTION=@OLD_COLLATION_CONNECTION */;
